g PDA_geo
v -0.09256689 -0.01203133 0.05916347
v -0.07637122 -0.0123908 0.05979051
v -0.07628922 -0.01325671 0.05941398
v 0.09256684 -0.0120313 0.05916347
v 0.07628917 -0.01325668 0.05941398
v 0.07637117 -0.01239078 0.05979051
v -0.09256689 0.01203123 0.05916347
v -0.07628922 0.01325661 0.05941398
v -0.07637122 0.01239071 0.05979051
v 0.09256684 0.01203127 0.05916347
v 0.07637117 0.01239074 0.05979051
v 0.07628917 0.01325664 0.05941398
v -2.479966E-08 -0.005993462 -0.01410221
v -2.631709E-08 -2.130708E-08 -0.01500679
v -0.002656267 -2.18018E-08 -0.01496893
v -0.00266806 -0.005997585 -0.01406144
v -0.00270643 -0.01255278 -0.01047647
v -2.314014E-08 -0.01254815 -0.01052542
v -0.004733293 -0.005839509 -0.01362087
v -0.004661524 -2.245462E-08 -0.01455699
v -0.006369135 -2.276281E-08 -0.01230998
v -0.002738422 -0.01825638 -0.003911034
v -2.169271E-08 -0.01826518 -0.00394987
v -0.004809046 -0.01219335 -0.01008707
v -0.006458264 -0.005274652 -0.01146061
v -0.009368216 -2.293048E-08 -0.0119366
v -0.006487799 -0.01103731 -0.008226517
v -0.004851521 -0.01778169 -0.003612801
v -0.002801113 -0.02199057 0.004140218
v -2.074232E-08 -0.02201898 0.004183504
v -0.009370224 -0.005170021 -0.01114759
v -0.006621546 -0.01609139 -0.002221404
v -0.004760126 -0.02157712 0.004326901
v -0.002959938 -0.0230763 0.008247309
v -2.020779E-08 -0.02413051 0.01557716
v -0.01203243 -0.005254195 -0.01131709
v -0.01221028 -2.363363E-08 -0.01219965
v -0.009383769 -0.01080164 -0.008016753
v -0.006507678 -0.01945209 0.004918495
v -0.004953361 -0.02252236 0.007655913
v -0.005226687 -0.02345337 0.01038407
v -0.009398802 -0.01585436 -0.002121279
v -0.006848295 -0.0202887 0.007892723
v -0.009530684 -0.02050331 0.008938941
v -0.009410881 -0.01919705 0.005072692
v -0.01212783 -0.01099648 -0.008156624
v -0.009393604 -0.02410992 0.015765
v -2.011099E-08 -0.02451286 0.02319228
v -0.006679667 -0.0227705 0.009314204
v -0.009394979 -0.02356154 0.01121753
v -0.01766002 -0.02401961 0.01579581
v -0.01773085 -0.02435857 0.02287361
v -0.009394368 -0.02446839 0.02309132
v -0.00940688 -0.02403986 0.03055754
v -2.021801E-08 -0.02409018 0.03073612
v -2.049755E-08 -0.02298604 0.0358687
v -0.009424876 -0.02300037 0.01010318
v -0.01196989 -0.0228558 0.009433731
v -0.0133108 -0.02340676 0.01046847
v -0.0154622 -0.02299259 0.008346452
v -0.01368038 -0.02240611 0.007609753
v -0.01386322 -0.02152091 0.004465736
v -0.01193171 -0.02030313 0.007891788
v -0.01216649 -0.01950242 0.005127752
v -0.01208019 -0.01613809 -0.002080453
v -0.01378384 -0.01775668 -0.003412769
v -0.01382811 -0.01219093 -0.009873126
v -0.01379635 -0.005858562 -0.01331721
v -0.01387306 -2.354032E-08 -0.01427787
v -0.01611186 -2.404809E-08 -0.01466098
v -0.01602291 -0.01250374 -0.01016638
v -0.01606848 -0.005969709 -0.01375333
v -0.02105192 -2.544325E-08 -0.01445878
v -0.01600233 -0.01818917 -0.003624951
v -0.02106467 -0.005938808 -0.01355309
v -0.01570411 -0.0219149 0.004342065
v -0.02111339 -0.01242717 -0.00998902
v -0.02296271 -0.005757383 -0.01303696
v -0.02291102 -2.607665E-08 -0.01396953
v -0.02449902 -2.637494E-08 -0.01163633
v -0.02137382 -0.02289902 0.008390543
v -0.02115365 -0.01809162 -0.003497595
v -0.0230329 -0.01201458 -0.009493208
v -0.02475889 -0.005124722 -0.01072682
v -0.02724748 -2.649453E-08 -0.01118667
v -0.02480305 -0.01071134 -0.00760193
v -0.02724595 -0.005078368 -0.0104022
v -0.02970751 -2.708005E-08 -0.01150247
v -0.02302047 -0.01760244 -0.003088625
v -0.02115625 -0.02182105 0.004394236
v -0.02291695 -0.02134564 0.004555902
v -0.02485462 -0.01573047 -0.001798237
v -0.02724729 -0.01062258 -0.007300642
v -0.02959541 -0.005224819 -0.01061136
v -0.02488289 -0.01907457 0.00516393
v -0.02729899 -0.01563312 -0.001488721
v -0.0310953 -0.005729933 -0.0124298
v -0.03126457 -2.699506E-08 -0.01343945
v -0.02943249 -0.01081818 -0.007355325
v -0.03387939 -0.005846826 -0.01274923
v -0.03388372 -2.765104E-08 -0.01365144
v -0.03781301 -2.879832E-08 -0.01334735
v -0.03115866 -0.01202094 -0.00900449
v -0.02488423 -0.02002263 0.008014048
v -0.02754468 -0.01895179 0.005479833
v -0.02735942 -0.02012236 0.008963577
v -0.02303994 -0.02225469 0.007633626
v -0.02945391 -0.01591093 -0.001409976
v -0.03102829 -0.01746203 -0.002591591
v -0.03096469 -0.02104441 0.005052996
v -0.0294981 -0.01924372 0.005597535
v -0.03387352 -0.01226112 -0.009202641
v -0.0238035 -0.02331748 0.01092623
v -0.02949359 -0.02002065 0.007987465
v -0.03798473 -0.005848577 -0.01241857
v -0.04004909 -0.005495728 -0.01191702
v -0.03996063 -2.877442E-08 -0.01282236
v -0.04171797 -2.918029E-08 -0.01025438
v -0.03828349 -0.01218625 -0.008864768
v -0.02503929 -0.02262529 0.009657088
v -0.03096616 -0.02221528 0.008207848
v -0.04160382 -0.004942825 -0.009544498
v -0.04430579 -3.000837E-08 -0.00977776
v -0.04435364 -0.004876517 -0.009006037
v -0.04675298 -3.063398E-08 -0.009927402
v -0.04167582 -0.01034246 -0.00652495
v -0.04014917 -0.01165507 -0.008463409
v -0.0275703 -0.02338179 0.01183948
v -0.02750333 -0.02295334 0.01043889
v -0.02942525 -0.02278685 0.00990296
v -0.02750198 -0.02382984 0.01572218
v -0.03363372 -0.02264427 0.008601918
v -0.03040892 -0.02325532 0.01142878
v -0.03602 -0.02358728 0.01553027
v -0.0275043 -0.0241419 0.02243055
v -0.03602182 -0.02386955 0.02191899
v -0.03384645 -0.02156153 0.0048203
v -0.03828358 -0.02246356 0.008538979
v -0.03385797 -0.0178786 -0.002789944
v -0.03836676 -0.01772298 -0.002558687
v -0.0382419 -0.02141952 0.004943579
v -0.04015534 -0.01718567 -0.002271354
v -0.04008245 -0.02096443 0.005116414
v -0.04170436 -0.01545533 -0.0007149497
v -0.0419009 -0.01871464 0.005956224
v -0.04434256 -0.01026128 -0.005971047
v -0.04442125 -0.0152695 -0.0001978009
v -0.04693629 -0.005085115 -0.009228981
v -0.04672948 -0.01056943 -0.005911036
v -0.04875558 -0.00562326 -0.01109297
v -0.04863607 -3.061758E-08 -0.01194061
v -0.05106936 -3.128158E-08 -0.01192946
v -0.0486082 -0.01176945 -0.007579435
v -0.05106886 -0.005648711 -0.01103472
v -0.05692853 -0.005492997 -0.01004046
v -0.05690134 -3.23855E-08 -0.01092084
v -0.0653412 -3.437331E-08 -0.009243522
v -0.06534264 -0.005277503 -0.008385886
v -0.07288653 -3.536679E-08 -0.007590006
v -0.05699289 -0.01153234 -0.006646358
v -0.05108354 -0.01187123 -0.007541192
v -0.04865321 -0.01723775 -0.001408917
v -0.07283193 -0.005060382 -0.006763865
v -0.08037426 -3.794568E-08 -0.005513465
v -0.06534321 -0.01107053 -0.005122413
v -0.05108202 -0.01734975 -0.001343973
v -0.04661424 -0.01545606 -0.0001407072
v -0.08031357 -0.004797102 -0.004713287
v -0.08723127 -3.897333E-08 -0.003016652
v -0.05702399 -0.01691548 -0.0006407141
v -0.04887677 -0.02089382 0.005614017
v -0.04429435 -0.01848966 0.006256499
v -0.07268652 -0.01061868 -0.003647793
v -0.08716992 -0.004644366 -0.002188362
v -0.09363569 -4.081144E-08 0.0001983642
v -0.0510828 -0.02093713 0.005687261
v -0.0652753 -0.01627736 0.000575246
v -0.08012903 -0.01004417 -0.001766237
v -0.04209626 -0.01955443 0.008486103
v -0.04440675 -0.01971399 0.009499754
v -0.04659377 -0.01871368 0.006467891
v -0.04026523 -0.02187333 0.00809748
v -0.04651313 -0.01951034 0.008716739
v -0.04865802 -0.02176101 0.008312359
v -0.04097278 -0.02293744 0.01154133
v -0.04475447 -0.02292356 0.01239954
v -0.04220813 -0.02238309 0.01016045
v -0.04466488 -0.02244428 0.01071041
v -0.04698667 -0.0222709 0.0101008
v -0.04814621 -0.02265593 0.01158804
v -0.0566005 -0.02258747 0.01471297
v -0.04465028 -0.02327787 0.01538124
v -0.05071307 -0.02206812 0.009278417
v -0.04464652 -0.02350702 0.02124725
v -0.05659596 -0.0228148 0.02005254
v -0.0567846 -0.0205595 0.006226231
v -0.06503666 -0.01983461 0.006907577
v -0.03598631 -0.0233987 0.02848048
v -0.06508363 -0.02187554 0.01432599
v -0.07237744 -0.01564822 0.00171601
v -0.07214729 -0.01907777 0.007537033
v -0.07960913 -0.01483155 0.003188363
v -0.02755578 -0.02368594 0.0293776
v -0.08691157 -0.009714236 0.0007734156
v -0.01772225 -0.02389964 0.03007973
v -0.01836315 -0.02318609 0.03412504
v -0.09355887 -0.004753391 0.001119623
v -0.009181755 -0.02314655 0.035029
v -0.01852035 -0.02076115 0.04174282
v -2.106651E-08 -0.02073879 0.04219152
v -0.009260852 -0.0207856 0.0419801
v -2.169004E-08 -0.01827047 0.046957
v -0.02755324 -0.02315319 0.03292273
v -0.009318508 -0.01821381 0.04700974
v -0.009301202 -0.01629046 0.05028517
v -2.2167E-08 -0.0163866 0.0501494
v -0.0184921 -0.01606457 0.0505963
v -0.018499 -0.01810739 0.04707182
v -0.02786859 -0.01583458 0.05086976
v -0.02784985 -0.01797761 0.04709432
v -0.03728019 -0.01556398 0.05117058
v -0.03668066 -0.02300677 0.03159272
v -0.03704977 -0.02078001 0.04042883
v -0.02779613 -0.02082094 0.04108917
v -0.03723305 -0.01781043 0.04710353
v -0.04674854 -0.01532308 0.05137288
v -0.04681361 -0.01765339 0.04699605
v -0.05635078 -0.01500985 0.05164886
v -0.04546648 -0.02297038 0.02719717
v -0.0459243 -0.0226483 0.03075346
v -0.0563041 -0.02236922 0.02550052
v -0.05581917 -0.0221877 0.02961622
v -0.05558707 -0.02049794 0.03883921
v -0.04632686 -0.0206815 0.0396589
v -0.05619043 -0.01746045 0.04684823
v -0.06587829 -0.01464086 0.05195561
v -0.06552564 -0.0172733 0.04654033
v -0.07547188 -0.01418988 0.05231512
v -0.06600585 -0.02152704 0.02325951
v -0.06513442 -0.02164868 0.02841362
v -0.0653097 -0.02026923 0.03773097
v -0.0757879 -0.01706937 0.04595476
v -0.09496861 -0.01275531 0.05351695
v -0.0747131 -0.02092265 0.02724194
v -0.07540365 -0.01985717 0.0368374
v -0.06559063 -0.02204056 0.01869687
v -0.09358659 -0.01652706 0.04417492
v -0.07363197 -0.02057214 0.02093554
v -0.08847502 -0.01916635 0.02330563
v -0.09267297 -0.01879825 0.03497213
v -0.07189191 -0.02108903 0.01391296
v -0.07288089 -0.02109235 0.01730344
v -0.07848363 -0.01822795 0.008437871
v -0.08250183 -0.01884178 0.01718121
v -0.07944253 -0.01968254 0.01463624
v -0.08380085 -0.0174748 0.01024292
v -0.08852176 -0.01669797 0.01320881
v -0.08627556 -0.01377746 0.004937557
v -0.09239166 -0.01353037 0.008518714
v -0.09365369 -0.009677277 0.00433628
v -0.09169822 -0.01728326 0.01657468
v -0.09558068 -0.01464437 0.01192838
v -0.0989518 -0.01084643 0.00788091
v -0.1010797 -0.00613367 0.005067857
v -0.1015794 -0.003096573 0.004085633
v -0.101758 -4.320934E-08 0.003768266
v -0.1062173 -0.003017038 0.006613578
v -0.1064468 -4.441553E-08 0.006351103
v -0.1059519 -0.005981909 0.007654813
v -0.1098032 -0.00300917 0.008871998
v -0.1101507 -4.529137E-08 0.008694528
v -0.1070626 -0.008507441 0.01007488
v -0.1089441 -0.006020587 0.009545942
v -0.1131827 -0.003141415 0.01134606
v -0.113686 -4.692416E-08 0.01125802
v -0.1123535 -0.006469286 0.01224687
v -0.1160388 -0.00327241 0.01377017
v -0.1166106 -4.687661E-08 0.01372873
v -0.114669 -0.006732021 0.01428028
v -0.1187365 -0.003446367 0.01647953
v -0.1191559 -4.823374E-08 0.01626662
v -0.1117773 -0.009882777 0.01464018
v -0.121074 -0.003609819 0.01930962
v -0.1216111 -4.967393E-08 0.01921464
v -0.1175727 -0.007189255 0.01736671
v -0.1232502 -0.003739548 0.02250424
v -0.1237522 -5.033486E-08 0.02235752
v -0.1195102 -0.007426047 0.01972806
v -0.1162392 -0.01097314 0.01984527
v -0.1046924 -0.01197216 0.01245268
v -0.1085688 -0.01318075 0.01694053
v -0.1023469 -0.01395826 0.01440973
v -0.09876816 -0.0160873 0.01733543
v -0.1049842 -0.01533079 0.01937199
v -0.09377526 -0.01783904 0.0202503
v -0.1008627 -0.01698611 0.02203803
v -0.1121496 -0.01425108 0.02206625
v -0.09636142 -0.01822664 0.0245621
v -0.107702 -0.01619708 0.02453334
v -0.09838692 -0.01843013 0.03000886
v -0.1030579 -0.01752957 0.02711561
v -0.1199517 -0.01175724 0.02572928
v -0.1151366 -0.01499822 0.0277187
v -0.1100283 -0.01660031 0.02990825
v -0.1048579 -0.01755671 0.03204874
v -0.09969296 -0.01813672 0.03404486
v -0.1005969 -0.01732858 0.03865955
v -0.1061489 -0.01690727 0.03713198
v -0.1116942 -0.01626241 0.03553766
v -0.1172469 -0.01512002 0.03388564
v -0.1218819 -0.0077297 0.02328381
v -0.1233734 -0.007856456 0.02597829
v -0.1225902 -0.01199393 0.03222865
v -0.1250126 -0.003813553 0.02570518
v -0.1255954 -5.09764E-08 0.02573507
v -0.126477 -0.003849008 0.02913383
v -0.1269136 -5.215285E-08 0.02885524
v -0.1280414 -5.26789E-08 0.03253356
v -0.1250364 -0.007963032 0.02986895
v -0.1275406 -0.003838518 0.03258582
v -0.1286914 -5.301932E-08 0.03599902
v -0.1259332 -0.007957286 0.03278343
v -0.1282359 -0.003775963 0.03623981
v -0.1289578 -5.410102E-08 0.03984753
v -0.1267292 -0.007836419 0.03687574
v -0.1284971 -0.003676763 0.03976039
v -0.1288072 -5.48172E-08 0.04273417
v -0.1237466 -0.01163402 0.03901537
v -0.1269617 -0.007679166 0.03983685
v -0.1283107 -0.003502383 0.04324109
v -0.1281302 -5.561917E-08 0.04649328
v -0.126802 -0.007267978 0.04384089
v -0.123554 -0.01052479 0.04545454
v -0.1182376 -0.01414913 0.04004524
v -0.1276956 -0.003325566 0.04660973
v -0.1272365 -5.542829E-08 0.04953212
v -0.1126137 -0.01508441 0.04104232
v -0.1183248 -0.01262889 0.04579898
v -0.1069396 -0.01567714 0.04209397
v -0.1263158 -0.006954234 0.04663181
v -0.1267288 -0.003096857 0.04997295
v -0.1258186 -5.598084E-08 0.05310773
v -0.1253636 -0.006415817 0.0503302
v -0.1254457 -0.002887798 0.05332946
v -0.1248024 -5.622499E-08 0.05509137
v -0.1245426 -0.002732147 0.05505388
v -0.1243844 -0.006073992 0.05308279
v -0.1234608 -0.005671877 0.05505741
v -0.1224408 -0.009250967 0.05126369
v -0.1212973 -0.008276018 0.05501283
v -0.1178818 -0.0112614 0.05114745
v -0.1176989 -0.01022917 0.05484853
v -0.1126057 -0.0111201 0.05459797
v -0.112887 -0.0121253 0.05118662
v -0.1129522 -0.01357983 0.04627825
v -0.1075285 -0.01210565 0.05140137
v -0.1084234 -0.01151395 0.05438707
v -0.1074364 -0.01413181 0.046964
v -0.1031475 -0.01237878 0.05207011
v -0.1038793 -0.0119694 0.05404479
v -0.1024337 -0.01438821 0.04785745
v -0.1014777 -0.01608174 0.04307204
v -0.009301202 -0.01629046 0.05028517
v -2.199738E-08 -0.01705655 0.05134455
v -2.2167E-08 -0.0163866 0.0501494
v -0.009300642 -0.01689051 0.05146151
v -0.0184921 -0.01606457 0.0505963
v -2.234092E-08 -0.01570521 0.05516187
v -0.01866825 -0.01665194 0.05175889
v -0.02786859 -0.01583458 0.05086976
v -0.009284328 -0.01561507 0.0553168
v -2.250544E-08 -0.0150554 0.05569204
v -0.009264652 -0.01497995 0.05587528
v -0.01852515 -0.01555327 0.05553512
v -0.01848603 -0.01488247 0.05619221
v -0.02798584 -0.01545906 0.05578616
v -0.02794791 -0.01477906 0.05652506
v -0.02811924 -0.01641177 0.05197346
v -0.03728019 -0.01556398 0.05117058
v -0.03740185 -0.0161726 0.05218009
v -0.04674854 -0.01532308 0.05137288
v -0.0374214 -0.01536363 0.05601619
v -0.03740865 -0.01467367 0.05684346
v -0.04715465 -0.01525799 0.05623651
v -0.04709306 -0.01455112 0.05717013
v -0.04695956 -0.01591775 0.05236463
v -0.05635078 -0.01500985 0.05164886
v -0.05659915 -0.01565698 0.05257302
v -0.06587829 -0.01464086 0.05195561
v -0.05696546 -0.01501901 0.05671589
v -0.05690703 -0.01438812 0.05755344
v -0.06613632 -0.01540926 0.05286751
v -0.07547188 -0.01418988 0.05231512
v -0.06650838 -0.01477304 0.05718283
v -0.06656758 -0.01423067 0.05788699
v -0.07567828 -0.01491876 0.0531977
v -0.09496861 -0.01275531 0.05351695
v -0.07599032 -0.01429505 0.05762817
v -0.07621008 -0.01380693 0.058224
v -0.09513985 -0.01331094 0.05423737
v -0.1038793 -0.0119694 0.05404479
v -0.09480321 -0.01284183 0.05856523
v -0.09256689 -0.01203133 0.05916347
v -0.1041563 -0.01247858 0.05485729
v -0.1084234 -0.01151395 0.05438707
v -0.1045857 -0.01203681 0.05899354
v -0.1042117 -0.01113523 0.0594469
v -0.1087608 -0.01206489 0.05514441
v -0.1126057 -0.0111201 0.05459797
v -0.1102943 -0.01145013 0.05927011
v -0.1101277 -0.01056382 0.05969872
v -0.1127713 -0.01169261 0.05538619
v -0.1176989 -0.01022917 0.05484853
v -0.1171866 -0.01022816 0.05951601
v -0.1164068 -0.009660083 0.06001405
v -0.1179401 -0.01070323 0.05566677
v -0.1212973 -0.008276018 0.05501283
v -0.1216627 -0.008536468 0.05577957
v -0.1234608 -0.005671877 0.05505741
v -0.1204556 -0.007814699 0.05946897
v -0.1196665 -0.007387843 0.06013012
v -0.1237227 -0.005963086 0.05578683
v -0.1245426 -0.002732147 0.05505388
v -0.1218157 -0.005365884 0.05973757
v -0.1209777 -0.004926139 0.0601933
v -0.1248218 -0.00309587 0.05582958
v -0.1248024 -5.622499E-08 0.05509137
v -0.1251589 -5.578298E-08 0.05587756
v -0.1228278 -5.61992E-08 0.05987932
v -0.1227106 -0.002499074 0.05976979
v -0.1218557 -5.597687E-08 0.0602161
v -0.009264652 -0.01497995 0.05587528
v -2.334969E-08 -0.01172082 0.07317943
v -2.250544E-08 -0.0150554 0.05569204
v -0.009300874 -0.01159543 0.07324031
v -0.01848603 -0.01488247 0.05619221
v -0.01832392 -0.01177761 0.072313
v -0.02794791 -0.01477906 0.05652506
v -0.02770892 -0.01215181 0.07014526
v -0.0379127 -0.01253661 0.06715264
v -0.02768884 -0.01149526 0.07068525
v -0.03740865 -0.01467367 0.05684346
v -0.03792528 -0.01197697 0.06758292
v -0.04763414 -0.01303499 0.06412966
v -0.04764092 -0.01251783 0.06463943
v -0.04709306 -0.01455112 0.05717013
v -0.05723285 -0.0132756 0.06193329
v -0.05690703 -0.01438812 0.05755344
v -0.06656758 -0.01423067 0.05788699
v -0.06657181 -0.01357005 0.06028046
v -0.05725209 -0.01254934 0.06231836
v -0.07621008 -0.01380693 0.058224
v -0.06665281 -0.01291331 0.06069207
v -0.07628922 -0.01325671 0.05941398
v -0.09256689 -0.01203133 0.05916347
v -0.07637122 -0.0123908 0.05979051
v -0.05723285 -0.0132756 0.06193329
v -0.04764092 -0.01251783 0.06463943
v -0.04763414 -0.01303499 0.06412966
v -0.05725209 -0.01254934 0.06231836
v -0.04765993 -0.01199813 0.06482771
v -0.03792528 -0.01197697 0.06758292
v -0.03794872 -0.01137068 0.06774554
v -0.02768884 -0.01149526 0.07068525
v -0.0277321 -0.01072454 0.07085707
v -0.0182733 -0.01118324 0.07277039
v -0.02770892 -0.01215181 0.07014526
v -0.01828105 -0.01041411 0.07295867
v -0.01832392 -0.01177761 0.072313
v -0.009272531 -0.01094905 0.07368765
v -0.00927579 -0.01032123 0.07384453
v -2.372058E-08 -0.01025587 0.07415704
v -0.009300874 -0.01159543 0.07324031
v -2.351912E-08 -0.01105164 0.07390725
v -2.334969E-08 -0.01172082 0.07317943
v -0.00927579 -0.01032123 0.07384453
v -2.631717E-08 -3.727668E-08 0.07425427
v -2.372058E-08 -0.01025587 0.07415704
v -0.0092042 -3.795745E-08 0.07393771
v -0.01828105 -0.01041411 0.07295867
v -0.01831023 -4.019384E-08 0.0730319
v -0.0277321 -0.01072454 0.07085707
v -0.02774119 -4.071394E-08 0.07092716
v -0.03794872 -0.01137068 0.06774554
v -0.03793186 -4.267498E-08 0.06784796
v -0.04765993 -0.01199813 0.06482771
v -0.0477063 -4.382729E-08 0.06495713
v -0.05725209 -0.01254934 0.06231836
v -0.05722515 -4.501812E-08 0.06247791
v -0.06665281 -0.01291331 0.06069207
v -0.06663132 -4.64057E-08 0.0608656
v -0.07637122 -0.0123908 0.05979051
v -0.07633664 -4.804274E-08 0.0598946
v -0.09256689 -0.01203133 0.05916347
v -0.09194096 -5.066083E-08 0.05939433
v -0.1042117 -0.01113523 0.0594469
v -0.1041101 -5.324917E-08 0.05949821
v -0.1101277 -0.01056382 0.05969872
v -0.1102858 -5.424411E-08 0.05973526
v -0.1159632 -0.008562564 0.05999608
v -0.1164068 -0.009660083 0.06001405
v -0.1166567 -5.531565E-08 0.06006227
v -0.1182925 -0.006379954 0.06008934
v -0.1196665 -0.007387843 0.06013012
v -0.1209777 -0.004926139 0.0601933
v -0.1194003 -0.004295824 0.06013855
v -0.1201994 -5.627391E-08 0.06016709
v -0.1218557 -5.597687E-08 0.0602161
v -2.479966E-08 -0.005993462 -0.01410221
v 0.002656221 -2.074351E-08 -0.01496893
v -2.631709E-08 -2.130708E-08 -0.01500679
v 0.002668018 -0.005997584 -0.01406144
v 0.002706386 -0.01255278 -0.01047647
v -2.314014E-08 -0.01254815 -0.01052542
v 0.004733253 -0.005839508 -0.01362088
v 0.004661478 -2.082487E-08 -0.01455699
v 0.006369094 -2.053593E-08 -0.01230998
v 0.002738379 -0.01825638 -0.003911033
v -2.169271E-08 -0.01826518 -0.00394987
v 0.004808999 -0.01219335 -0.01008707
v 0.006458212 -0.005274649 -0.01146061
v 0.009368169 -1.968549E-08 -0.0119366
v 0.006487766 -0.01103731 -0.008226516
v 0.004851487 -0.01778169 -0.003612795
v 0.002801074 -0.02199057 0.004140218
v -2.074232E-08 -0.02201898 0.004183504
v 0.009370184 -0.005170017 -0.01114758
v 0.006621511 -0.01609138 -0.002221408
v 0.004760092 -0.02157712 0.0043269
v 0.002959895 -0.0230763 0.008247311
v -2.020779E-08 -0.02413051 0.01557716
v 0.01203239 -0.00525419 -0.01131709
v 0.01221023 -1.912474E-08 -0.01219965
v 0.009383732 -0.01080164 -0.008016755
v 0.006507641 -0.01945209 0.0049185
v 0.004953321 -0.02252236 0.007655914
v 0.005226644 -0.02345336 0.01038408
v 0.009398761 -0.01585436 -0.002121284
v 0.006848262 -0.0202887 0.007892723
v 0.009530641 -0.02050331 0.00893894
v 0.009410834 -0.01919704 0.005072698
v 0.01212779 -0.01099648 -0.008156623
v 0.009393572 -0.02410992 0.01576501
v -2.011099E-08 -0.02451286 0.02319228
v 0.006679626 -0.0227705 0.009314199
v 0.009394941 -0.02356154 0.01121753
v 0.01765999 -0.02401961 0.01579581
v 0.01773081 -0.02435857 0.02287361
v 0.009394332 -0.02446839 0.02309132
v 0.009406853 -0.02403986 0.03055753
v -2.021801E-08 -0.02409018 0.03073612
v -2.049755E-08 -0.02298604 0.0358687
v 0.009424838 -0.02300037 0.01010319
v 0.01196985 -0.02285579 0.009433731
v 0.01331077 -0.02340675 0.01046848
v 0.01546217 -0.02299259 0.008346446
v 0.01368034 -0.0224061 0.007609757
v 0.01386318 -0.0215209 0.004465731
v 0.01193168 -0.02030312 0.007891782
v 0.01216645 -0.01950241 0.005127748
v 0.01208015 -0.01613809 -0.002080455
v 0.01378381 -0.01775667 -0.003412774
v 0.01382807 -0.01219092 -0.009873129
v 0.01379632 -0.005858557 -0.01331722
v 0.01387301 -1.84602E-08 -0.01427787
v 0.01611181 -1.836025E-08 -0.01466098
v 0.01602287 -0.01250374 -0.01016638
v 0.01606843 -0.005969703 -0.01375333
v 0.02105188 -1.787338E-08 -0.01445879
v 0.01600228 -0.01818916 -0.003624955
v 0.02106462 -0.0059388 -0.0135531
v 0.01570407 -0.02191489 0.004342063
v 0.02111335 -0.01242716 -0.009989025
v 0.02296267 -0.005757375 -0.01303696
v 0.02291098 -1.76222E-08 -0.01396953
v 0.02449897 -1.737001E-08 -0.01163633
v 0.02137378 -0.02289901 0.008390541
v 0.02115361 -0.01809161 -0.003497591
v 0.02303285 -0.01201457 -0.009493209
v 0.02475884 -0.005124714 -0.01072682
v 0.02724743 -1.657829E-08 -0.01118667
v 0.02480301 -0.01071133 -0.00760193
v 0.02724591 -0.005078359 -0.0104022
v 0.02970746 -1.645004E-08 -0.01150247
v 0.02302042 -0.01760243 -0.00308862
v 0.02115622 -0.02182104 0.004394241
v 0.02291692 -0.02134563 0.004555901
v 0.02485458 -0.01573046 -0.001798239
v 0.02724724 -0.01062257 -0.00730064
v 0.02959536 -0.005224809 -0.01061136
v 0.02488285 -0.01907456 0.005163928
v 0.02729895 -0.01563311 -0.001488724
v 0.03109525 -0.005729921 -0.0124298
v 0.03126452 -1.582935E-08 -0.01343945
v 0.02943245 -0.01081817 -0.007355322
v 0.03115862 -0.01202093 -0.009004488
v 0.03387935 -0.005846814 -0.01274923
v 0.03388368 -1.53179E-08 -0.01365144
v 0.03781297 -1.503192E-08 -0.01334735
v 0.02488418 -0.02002262 0.008014043
v 0.02754464 -0.01895178 0.005479833
v 0.02735939 -0.02012235 0.00896358
v 0.02303991 -0.02225468 0.007633622
v 0.02945387 -0.01591092 -0.001409974
v 0.03102824 -0.01746201 -0.002591589
v 0.03096464 -0.02104439 0.005052992
v 0.02949806 -0.0192437 0.00559754
v 0.02380346 -0.02331747 0.01092623
v 0.03387348 -0.01226111 -0.009202637
v 0.02949354 -0.02002063 0.007987459
v 0.02503925 -0.02262528 0.009657092
v 0.03385792 -0.01787859 -0.002789941
v 0.03798468 -0.005848563 -0.01241857
v 0.04004905 -0.005495714 -0.01191703
v 0.03996059 -1.43622E-08 -0.01282237
v 0.04171792 -1.412038E-08 -0.01025438
v 0.03828345 -0.01218623 -0.008864774
v 0.03096613 -0.02221527 0.008207853
v 0.04160377 -0.00494281 -0.009544504
v 0.04430575 -1.410754E-08 -0.009777759
v 0.0443536 -0.004876501 -0.009006036
v 0.04675293 -1.363813E-08 -0.009927402
v 0.04167578 -0.01034244 -0.006524946
v 0.04014913 -0.01165506 -0.008463408
v 0.03836672 -0.01772296 -0.002558687
v 0.0338464 -0.02156152 0.004820295
v 0.03363368 -0.02264426 0.008601911
v 0.02942521 -0.02278684 0.009902962
v 0.02750328 -0.02295333 0.01043889
v 0.02757026 -0.02338178 0.01183948
v 0.03040888 -0.02325531 0.01142878
v 0.03601995 -0.02358727 0.01553027
v 0.02750194 -0.02382983 0.01572219
v 0.03828355 -0.02246355 0.008538981
v 0.02750426 -0.02414189 0.02243054
v 0.03824186 -0.02141951 0.004943581
v 0.0401553 -0.01718566 -0.002271357
v 0.03602178 -0.02386953 0.02191898
v 0.04008242 -0.02096441 0.005116411
v 0.04170432 -0.01545532 -0.0007149485
v 0.04190086 -0.01871463 0.005956229
v 0.04434251 -0.01026127 -0.005971052
v 0.04442121 -0.01526948 -0.0001978066
v 0.04693625 -0.005085098 -0.009228981
v 0.04672945 -0.01056942 -0.00591103
v 0.04875554 -0.005623242 -0.01109297
v 0.04863603 -1.294506E-08 -0.01194061
v 0.05106932 -1.287882E-08 -0.01192946
v 0.04860816 -0.01176943 -0.007579436
v 0.05106881 -0.005648693 -0.01103471
v 0.05692848 -0.005492976 -0.01004046
v 0.05690129 -1.162635E-08 -0.01092083
v 0.06534114 -1.076351E-08 -0.009243523
v 0.0653426 -0.005277479 -0.008385885
v 0.07288649 -8.940936E-09 -0.007590007
v 0.05699285 -0.01153232 -0.006646361
v 0.05108349 -0.01187121 -0.007541193
v 0.04865317 -0.01723773 -0.001408914
v 0.07283188 -0.005060355 -0.006763864
v 0.0803742 -8.692882E-09 -0.005513464
v 0.06534316 -0.0110705 -0.005122413
v 0.05108199 -0.01734973 -0.001343969
v 0.0466142 -0.01545604 -0.0001407054
v 0.08031353 -0.004797074 -0.004713285
v 0.08723122 -7.514956E-09 -0.00301665
v 0.05702394 -0.01691546 -0.0006407171
v 0.04887674 -0.0208938 0.005614014
v 0.04429431 -0.01848964 0.006256494
v 0.07268648 -0.01061866 -0.003647794
v 0.08716987 -0.004644334 -0.002188361
v 0.09363564 -6.917109E-09 0.0001983642
v 0.05108276 -0.02093711 0.005687256
v 0.06527525 -0.01627733 0.0005752416
v 0.08012898 -0.01004414 -0.001766242
v 0.04209622 -0.01955442 0.0084861
v 0.04440671 -0.01971398 0.009499748
v 0.04659373 -0.01871366 0.006467887
v 0.04026519 -0.02187332 0.008097477
v 0.04651309 -0.01951032 0.008716734
v 0.04865799 -0.02176099 0.008312364
v 0.04097274 -0.02293743 0.01154133
v 0.04475443 -0.02292355 0.01239954
v 0.04220809 -0.02238307 0.01016045
v 0.04466484 -0.02244427 0.01071041
v 0.04698663 -0.02227089 0.0101008
v 0.04814617 -0.02265592 0.01158803
v 0.05660046 -0.02258744 0.01471296
v 0.04465023 -0.02327785 0.01538125
v 0.05071303 -0.0220681 0.009278412
v 0.04464648 -0.023507 0.02124725
v 0.05659593 -0.02281478 0.02005254
v 0.05678457 -0.02055948 0.006226237
v 0.06503662 -0.01983458 0.006907578
v 0.03598627 -0.02339869 0.02848049
v 0.06508359 -0.02187551 0.01432599
v 0.0723774 -0.01564819 0.001716015
v 0.07214727 -0.01907775 0.007537028
v 0.0796091 -0.01483152 0.003188357
v 0.02755574 -0.02368593 0.0293776
v 0.08691152 -0.009714205 0.0007734163
v 0.01772221 -0.02389964 0.03007973
v 0.01836312 -0.02318609 0.03412505
v 0.09355882 -0.004753358 0.001119625
v 0.009181713 -0.02314655 0.035029
v 0.01852032 -0.02076114 0.04174282
v -2.106651E-08 -0.02073879 0.04219152
v 0.009260816 -0.0207856 0.0419801
v -2.169004E-08 -0.01827047 0.046957
v 0.0275532 -0.02315318 0.03292273
v 0.00931847 -0.01821381 0.04700974
v 0.009301163 -0.01629046 0.05028517
v -2.2167E-08 -0.0163866 0.0501494
v 0.01849207 -0.01606457 0.0505963
v 0.01849896 -0.01810739 0.04707182
v 0.02786856 -0.01583457 0.05086976
v 0.02784981 -0.0179776 0.04709432
v 0.03728016 -0.01556396 0.05117058
v 0.03668062 -0.02300676 0.03159272
v 0.03704972 -0.02077999 0.04042882
v 0.02779609 -0.02082093 0.04108917
v 0.03723301 -0.01781041 0.04710353
v 0.0467485 -0.01532306 0.05137288
v 0.04681357 -0.01765337 0.04699605
v 0.05635073 -0.01500983 0.05164886
v 0.04546643 -0.02297037 0.02719718
v 0.04592426 -0.02264829 0.03075345
v 0.05630406 -0.0223692 0.02550052
v 0.05581914 -0.02218768 0.02961622
v 0.05558704 -0.02049792 0.0388392
v 0.04632682 -0.02068149 0.0396589
v 0.05619039 -0.01746043 0.04684823
v 0.06587824 -0.01464083 0.05195561
v 0.06552561 -0.01727328 0.04654033
v 0.07547183 -0.01418986 0.05231512
v 0.06600581 -0.02152701 0.02325951
v 0.06513438 -0.02164865 0.02841363
v 0.06530967 -0.02026921 0.03773097
v 0.07578786 -0.01706934 0.04595476
v 0.09496856 -0.01275528 0.05351695
v 0.07471307 -0.02092262 0.02724194
v 0.07540362 -0.01985715 0.03683741
v 0.06559061 -0.02204054 0.01869686
v 0.09358655 -0.01652703 0.04417492
v 0.07363193 -0.02057211 0.02093554
v 0.08847498 -0.01916632 0.02330563
v 0.09267293 -0.01879822 0.03497213
v 0.07189187 -0.02108901 0.01391296
v 0.07288085 -0.02109233 0.01730344
v 0.0784836 -0.01822792 0.008437868
v 0.08250179 -0.01884175 0.01718121
v 0.07944249 -0.01968251 0.01463624
v 0.08380082 -0.01747477 0.01024291
v 0.08852172 -0.01669794 0.01320881
v 0.08627551 -0.01377743 0.004937563
v 0.09239162 -0.01353034 0.008518717
v 0.09365363 -0.009677242 0.004336284
v 0.09169819 -0.01728322 0.01657468
v 0.09558063 -0.01464433 0.01192838
v 0.09895176 -0.01084639 0.007880911
v 0.1010797 -0.006133634 0.00506786
v 0.1015793 -0.003096537 0.004085635
v 0.1017579 -6.442697E-09 0.003768265
v 0.1062173 -0.003016999 0.006613575
v 0.1064467 -5.672525E-09 0.006351101
v 0.1059519 -0.00598187 0.007654809
v 0.1098032 -0.00300913 0.008871995
v 0.1101506 -5.411409E-09 0.008694529
v 0.1070626 -0.008507402 0.01007489
v 0.1089441 -0.006020547 0.009545945
v 0.1131827 -0.003141374 0.01134605
v 0.1136859 -5.591834E-09 0.01125802
v 0.1123535 -0.006469246 0.01224687
v 0.1160387 -0.003272368 0.01377016
v 0.1166105 -4.749051E-09 0.01372872
v 0.114669 -0.006731979 0.01428028
v 0.1187364 -0.003446324 0.01647953
v 0.1191559 -5.104306E-09 0.01626662
v 0.1117773 -0.009882736 0.01464019
v 0.1046923 -0.01197212 0.01245267
v 0.1175726 -0.007189211 0.01736672
v 0.121074 -0.003609775 0.01930963
v 0.121611 -5.547608E-09 0.01921464
v 0.1023469 -0.01395822 0.01440973
v 0.1085687 -0.01318071 0.01694053
v 0.1162392 -0.0109731 0.01984527
v 0.1195102 -0.007426003 0.01972805
v 0.1232501 -0.003739503 0.02250424
v 0.1237522 -5.33679E-09 0.02235752
v 0.09876811 -0.01608727 0.01733542
v 0.1049841 -0.01533075 0.01937198
v 0.09377523 -0.01783901 0.0202503
v 0.1008626 -0.01698608 0.02203803
v 0.1121495 -0.01425104 0.02206625
v 0.1218818 -0.007729655 0.02328381
v 0.1250126 -0.003813508 0.02570518
v 0.1255954 -5.59349E-09 0.02573507
v 0.09636138 -0.01822661 0.02456209
v 0.1077019 -0.01619705 0.02453334
v 0.1199517 -0.01175719 0.02572928
v 0.1233733 -0.007856411 0.02597829
v 0.126477 -0.003848963 0.02913383
v 0.1269136 -6.272812E-09 0.02885524
v 0.1280414 -6.339156E-09 0.03253356
v 0.1030579 -0.01752953 0.0271156
v 0.1151365 -0.01499818 0.02771869
v 0.1250364 -0.007962987 0.02986895
v 0.1275406 -0.003838471 0.03258582
v 0.1286914 -6.454814E-09 0.03599902
v 0.1225901 -0.01199389 0.03222864
v 0.1100283 -0.01660027 0.02990826
v 0.09838688 -0.01843009 0.03000886
v 0.1259332 -0.00795724 0.03278343
v 0.1282359 -0.003775917 0.03623981
v 0.1289577 -7.451999E-09 0.03984753
v 0.1048578 -0.01755667 0.03204873
v 0.1172468 -0.01511998 0.03388564
v 0.09969291 -0.01813668 0.03404486
v 0.1267292 -0.007836373 0.03687574
v 0.1284971 -0.003676717 0.0397604
v 0.1288072 -7.983981E-09 0.04273417
v 0.1116942 -0.01626237 0.03553766
v 0.1005968 -0.01732855 0.03865955
v 0.1061488 -0.01690723 0.03713197
v 0.1237465 -0.01163397 0.03901537
v 0.1269616 -0.00767912 0.03983685
v 0.1182375 -0.01414909 0.04004524
v 0.1235539 -0.01052474 0.04545454
v 0.1126136 -0.01508437 0.04104232
v 0.1069395 -0.0156771 0.04209397
v 0.126802 -0.007267931 0.04384089
v 0.1283107 -0.003502337 0.04324109
v 0.1281302 -9.136391E-09 0.04649328
v 0.1276955 -0.00332552 0.04660973
v 0.1272365 -9.457064E-09 0.04953212
v 0.1183248 -0.01262885 0.04579898
v 0.1014777 -0.0160817 0.04307204
v 0.1129522 -0.01357979 0.04627825
v 0.1024337 -0.01438817 0.04785745
v 0.1074363 -0.01413177 0.046964
v 0.1031474 -0.01237875 0.05207011
v 0.1038792 -0.01196937 0.05404479
v 0.1084234 -0.01151392 0.05438707
v 0.1075285 -0.01210562 0.05140137
v 0.1126057 -0.01112006 0.05459797
v 0.112887 -0.01212526 0.05118662
v 0.1178817 -0.01126136 0.05114745
v 0.1176989 -0.01022912 0.05484853
v 0.1212973 -0.008275975 0.05501283
v 0.1224407 -0.009250922 0.05126369
v 0.1234607 -0.005671833 0.05505741
v 0.1243844 -0.006073947 0.05308279
v 0.1245426 -0.002732102 0.05505388
v 0.1253635 -0.006415772 0.0503302
v 0.1254457 -0.002887752 0.05332946
v 0.1248023 -1.086995E-08 0.05509137
v 0.1258186 -1.033906E-08 0.05310773
v 0.1267288 -0.003096811 0.04997295
v 0.1263157 -0.006954188 0.04663181
v 0.009301163 -0.01629046 0.05028517
v -2.2167E-08 -0.0163866 0.0501494
v -2.199738E-08 -0.01705655 0.05134455
v 0.00930061 -0.0168905 0.05146151
v 0.01849207 -0.01606457 0.0505963
v -2.234092E-08 -0.01570521 0.05516187
v 0.01866822 -0.01665193 0.05175889
v 0.02786856 -0.01583457 0.05086976
v 0.009284292 -0.01561506 0.0553168
v -2.250544E-08 -0.0150554 0.05569204
v 0.009264614 -0.01497994 0.05587528
v 0.0185251 -0.01555326 0.05553512
v 0.01848599 -0.01488246 0.05619221
v 0.02798581 -0.01545905 0.05578616
v 0.02794788 -0.01477905 0.05652506
v 0.02811921 -0.01641176 0.05197346
v 0.03728016 -0.01556396 0.05117058
v 0.03740181 -0.01617258 0.05218009
v 0.0467485 -0.01532306 0.05137288
v 0.03742136 -0.01536361 0.05601619
v 0.03740861 -0.01467365 0.05684346
v 0.04715461 -0.01525797 0.05623651
v 0.04709302 -0.0145511 0.05717013
v 0.04695952 -0.01591773 0.05236463
v 0.05635073 -0.01500983 0.05164886
v 0.0565991 -0.01565696 0.05257302
v 0.06587824 -0.01464083 0.05195561
v 0.05696541 -0.01501899 0.05671589
v 0.05690699 -0.0143881 0.05755344
v 0.06613627 -0.01540924 0.05286751
v 0.07547183 -0.01418986 0.05231512
v 0.06650834 -0.01477301 0.05718283
v 0.06656753 -0.01423065 0.05788699
v 0.07567824 -0.01491874 0.0531977
v 0.09496856 -0.01275528 0.05351695
v 0.07599028 -0.01429502 0.05762817
v 0.07621003 -0.0138069 0.058224
v 0.09513981 -0.01331091 0.05423737
v 0.1038792 -0.01196937 0.05404479
v 0.09480316 -0.0128418 0.05856523
v 0.09256684 -0.0120313 0.05916347
v 0.1041562 -0.01247855 0.05485729
v 0.1084234 -0.01151392 0.05438707
v 0.1045857 -0.01203678 0.05899354
v 0.1042117 -0.01113519 0.0594469
v 0.1087608 -0.01206485 0.05514441
v 0.1126057 -0.01112006 0.05459797
v 0.1102943 -0.01145009 0.05927011
v 0.1101276 -0.01056378 0.05969872
v 0.1127712 -0.01169257 0.05538619
v 0.1176989 -0.01022912 0.05484853
v 0.1171865 -0.01022812 0.05951601
v 0.1164067 -0.009660041 0.06001405
v 0.1179401 -0.01070319 0.05566677
v 0.1212973 -0.008275975 0.05501283
v 0.1216627 -0.008536424 0.05577957
v 0.1234607 -0.005671833 0.05505741
v 0.1204556 -0.007814656 0.05946897
v 0.1196665 -0.0073878 0.06013012
v 0.1237227 -0.005963041 0.05578683
v 0.1245426 -0.002732102 0.05505388
v 0.1218157 -0.005365841 0.05973757
v 0.1209777 -0.004926094 0.0601933
v 0.1248218 -0.003095825 0.05582958
v 0.1248023 -1.086995E-08 0.05509137
v 0.1251588 -1.057031E-08 0.05587756
v 0.1228277 -1.169221E-08 0.05987932
v 0.1227105 -0.002499029 0.05976979
v 0.1218557 -1.192716E-08 0.0602161
v 0.009264614 -0.01497994 0.05587528
v -2.250544E-08 -0.0150554 0.05569204
v -2.334969E-08 -0.01172082 0.07317943
v 0.00930084 -0.01159542 0.07324031
v 0.01848599 -0.01488246 0.05619221
v 0.01832388 -0.0117776 0.072313
v 0.02794788 -0.01477905 0.05652506
v 0.02770888 -0.0121518 0.07014526
v 0.03791266 -0.01253659 0.06715264
v 0.0276888 -0.01149525 0.07068525
v 0.03740861 -0.01467365 0.05684346
v 0.03792524 -0.01197695 0.06758292
v 0.0476341 -0.01303497 0.06412966
v 0.04764087 -0.01251781 0.06463943
v 0.04709302 -0.0145511 0.05717013
v 0.0572328 -0.01327558 0.06193329
v 0.05690699 -0.0143881 0.05755344
v 0.06656753 -0.01423065 0.05788699
v 0.06657176 -0.01357003 0.06028046
v 0.05725205 -0.01254932 0.06231836
v 0.07621003 -0.0138069 0.058224
v 0.06665276 -0.01291329 0.06069207
v 0.07628917 -0.01325668 0.05941398
v 0.09256684 -0.0120313 0.05916347
v 0.07637117 -0.01239078 0.05979051
v 0.0572328 -0.01327558 0.06193329
v 0.0476341 -0.01303497 0.06412966
v 0.04764087 -0.01251781 0.06463943
v 0.05725205 -0.01254932 0.06231836
v 0.04765989 -0.01199811 0.06482771
v 0.03792524 -0.01197695 0.06758292
v 0.03794868 -0.01137067 0.06774554
v 0.0276888 -0.01149525 0.07068525
v 0.02773206 -0.01072453 0.07085707
v 0.01827326 -0.01118323 0.07277039
v 0.02770888 -0.0121518 0.07014526
v 0.01828101 -0.0104141 0.07295867
v 0.01832388 -0.0117776 0.072313
v 0.009272484 -0.01094905 0.07368765
v 0.009275752 -0.01032123 0.07384453
v -2.372058E-08 -0.01025587 0.07415704
v 0.00930084 -0.01159542 0.07324031
v -2.351912E-08 -0.01105164 0.07390725
v -2.334969E-08 -0.01172082 0.07317943
v 0.009275752 -0.01032123 0.07384453
v -2.372058E-08 -0.01025587 0.07415704
v -2.631717E-08 -3.727668E-08 0.07425427
v 0.009204148 -3.472994E-08 0.07393771
v 0.01828101 -0.0104141 0.07295867
v 0.01831018 -3.366732E-08 0.0730319
v 0.02773206 -0.01072453 0.07085707
v 0.02774115 -3.084611E-08 0.07092716
v 0.03794868 -0.01137067 0.06774554
v 0.03793181 -2.88345E-08 0.06784796
v 0.04765989 -0.01199811 0.06482771
v 0.04770625 -2.655869E-08 0.06495713
v 0.05725205 -0.01254932 0.06231836
v 0.0572251 -2.440114E-08 0.06247791
v 0.06665276 -0.01291329 0.06069207
v 0.06663128 -2.241558E-08 0.0608656
v 0.07637117 -0.01239078 0.05979051
v 0.07633659 -2.048796E-08 0.0598946
v 0.09256684 -0.0120313 0.05916347
v 0.09194092 -1.720168E-08 0.05939433
v 0.1042117 -0.01113519 0.0594469
v 0.1041101 -1.538828E-08 0.05949821
v 0.1101276 -0.01056378 0.05969872
v 0.1102858 -1.431117E-08 0.05973526
v 0.1159631 -0.008562523 0.05999608
v 0.1164067 -0.009660041 0.06001405
v 0.1166566 -1.321445E-08 0.06006227
v 0.1182925 -0.006379911 0.06008934
v 0.1196665 -0.0073878 0.06013012
v 0.1209777 -0.004926094 0.0601933
v 0.1194002 -0.00429578 0.06013855
v 0.1201993 -1.259111E-08 0.06016709
v 0.1218557 -1.192716E-08 0.0602161
v -2.682289E-08 0.005993419 -0.0141022
v -0.002656267 -2.18018E-08 -0.01496893
v -2.631709E-08 -2.130708E-08 -0.01500679
v -0.002668062 0.005997542 -0.01406144
v -0.002706434 0.01255273 -0.01047647
v -2.737607E-08 0.0125481 -0.01052541
v -0.004733295 0.005839465 -0.01362087
v -0.004661524 -2.245462E-08 -0.01455699
v -0.006369135 -2.276281E-08 -0.01230998
v -0.002738428 0.01825633 -0.003911025
v -2.785855E-08 0.01826513 -0.003949863
v -0.00480905 0.01219331 -0.01008707
v -0.006458265 0.005274606 -0.01146061
v -0.009368216 -2.293048E-08 -0.0119366
v -0.006487804 0.01103727 -0.008226509
v -0.004851527 0.01778164 -0.003612788
v -0.00280112 0.02199052 0.004140226
v -2.817535E-08 0.02201893 0.00418351
v -0.009370225 0.005169972 -0.01114758
v -0.006621551 0.01609134 -0.002221401
v -0.004760133 0.02157707 0.004326907
v -0.002959947 0.02307625 0.008247319
v -2.835362E-08 0.02413045 0.01557716
v -0.01203243 0.005254146 -0.01131708
v -0.01221028 -2.363363E-08 -0.01219965
v -0.009383773 0.01080159 -0.008016749
v -0.006507685 0.01945204 0.004918507
v -0.004953369 0.0225223 0.007655922
v -0.005226695 0.02345331 0.01038409
v -0.009398808 0.01585431 -0.002121277
v -0.006848303 0.02028865 0.007892731
v -0.009530691 0.02050326 0.008938948
v -0.009410888 0.01919699 0.005072704
v -0.01212784 0.01099644 -0.008156617
v -0.009393614 0.02410987 0.01576502
v -2.838589E-08 0.0245128 0.02319229
v -0.006679674 0.02277045 0.009314206
v -0.009394987 0.02356149 0.01121754
v -0.01766003 0.02401956 0.01579582
v -0.01773086 0.02435851 0.02287362
v -0.009394377 0.02446833 0.02309133
v -0.00940689 0.0240398 0.03055754
v -2.835021E-08 0.02409012 0.03073613
v -2.825703E-08 0.02298598 0.0358687
v -0.009424884 0.02300032 0.01010319
v -0.0119699 0.02285574 0.009433738
v -0.01331081 0.0234067 0.01046849
v -0.01546221 0.02299254 0.008346453
v -0.01368039 0.02240605 0.007609764
v -0.01386322 0.02152085 0.004465738
v -0.01193171 0.02030307 0.007891789
v -0.01216649 0.01950236 0.005127755
v -0.01208019 0.01613805 -0.002080448
v -0.01378385 0.01775662 -0.003412767
v -0.01382811 0.01219088 -0.009873124
v -0.01379635 0.005858514 -0.01331721
v -0.01387306 -2.354032E-08 -0.01427787
v -0.01611186 -2.404809E-08 -0.01466098
v -0.01602292 0.01250369 -0.01016638
v -0.01606848 0.00596966 -0.01375333
v -0.02105192 -2.544325E-08 -0.01445878
v -0.01600233 0.01818912 -0.003624947
v -0.02106467 0.005938758 -0.01355309
v -0.01570412 0.02191484 0.004342071
v -0.02111339 0.01242712 -0.009989019
v -0.02296272 0.005757331 -0.01303695
v -0.02291102 -2.607665E-08 -0.01396953
v -0.02449902 -2.637494E-08 -0.01163633
v -0.02137383 0.02289896 0.008390549
v -0.02115365 0.01809156 -0.003497584
v -0.0230329 0.01201453 -0.009493204
v -0.02475889 0.005124669 -0.01072682
v -0.02724748 -2.649453E-08 -0.01118667
v -0.02480306 0.01071129 -0.007601925
v -0.02724595 0.005078315 -0.0104022
v -0.02970751 -2.708005E-08 -0.01150247
v -0.02302047 0.01760238 -0.003088613
v -0.02115626 0.02182098 0.004394249
v -0.02291697 0.02134558 0.004555908
v -0.02485462 0.01573042 -0.001798232
v -0.0272473 0.01062253 -0.007300636
v -0.02959541 0.005224765 -0.01061135
v -0.02488289 0.01907451 0.005163935
v -0.02729899 0.01563307 -0.001488717
v -0.0310953 0.005729879 -0.01242979
v -0.03126457 -2.699506E-08 -0.01343945
v -0.0294325 0.01081813 -0.007355316
v -0.03115867 0.01202088 -0.009004481
v -0.03387939 0.00584677 -0.01274923
v -0.03388372 -2.765104E-08 -0.01365144
v -0.03781301 -2.879832E-08 -0.01334735
v -0.02488423 0.02002257 0.00801405
v -0.02754468 0.01895173 0.00547984
v -0.02735943 0.0201223 0.008963588
v -0.02303995 0.02225463 0.00763363
v -0.02945391 0.01591087 -0.001409967
v -0.03102829 0.01746197 -0.002591582
v -0.03096469 0.02104434 0.005052999
v -0.02949811 0.01924366 0.005597547
v -0.02380351 0.02331742 0.01092624
v -0.03387353 0.01226107 -0.009202631
v -0.02949359 0.02002058 0.007987467
v -0.0250393 0.02262522 0.0096571
v -0.03385797 0.01787854 -0.002789934
v -0.03798473 0.00584852 -0.01241857
v -0.04004909 0.005495671 -0.01191703
v -0.03996063 -2.877442E-08 -0.01282236
v -0.04171797 -2.918029E-08 -0.01025438
v -0.0382835 0.01218619 -0.008864768
v -0.03096617 0.02221522 0.00820786
v -0.04160382 0.004942765 -0.009544501
v -0.04430579 -3.000837E-08 -0.00977776
v -0.04435364 0.004876456 -0.009006033
v -0.04675298 -3.063398E-08 -0.009927402
v -0.04167583 0.0103424 -0.006524941
v -0.04014918 0.01165501 -0.008463402
v -0.03836676 0.01772291 -0.00255868
v -0.03384646 0.02156146 0.004820303
v -0.03363372 0.0226442 0.008601919
v -0.02942525 0.02278679 0.009902969
v -0.02750334 0.02295328 0.0104389
v -0.02757031 0.02338173 0.01183949
v -0.03040892 0.02325526 0.01142879
v -0.03602 0.02358721 0.01553028
v -0.02750198 0.02382978 0.01572219
v -0.03828359 0.0224635 0.008538988
v -0.0275043 0.02414183 0.02243055
v -0.03824191 0.02141946 0.004943589
v -0.04015535 0.01718561 -0.00227135
v -0.03602183 0.02386948 0.02191899
v -0.04008246 0.02096436 0.005116418
v -0.04170436 0.01545527 -0.0007149415
v -0.04190091 0.01871458 0.005956235
v -0.04434256 0.01026122 -0.005971047
v -0.04442126 0.01526943 -0.0001977998
v -0.04693629 0.005085052 -0.009228977
v -0.04672949 0.01056937 -0.005911025
v -0.04875558 0.005623198 -0.01109297
v -0.04863607 -3.061758E-08 -0.01194061
v -0.05106936 -3.128158E-08 -0.01192946
v -0.0486082 0.01176939 -0.00757943
v -0.05106886 0.005648648 -0.01103471
v -0.05692853 0.005492932 -0.01004046
v -0.05690134 -3.23855E-08 -0.01092084
v -0.0653412 -3.437331E-08 -0.009243522
v -0.06534264 0.005277435 -0.008385882
v -0.07288653 -3.536679E-08 -0.007590006
v -0.05699289 0.01153227 -0.006646355
v -0.05108354 0.01187116 -0.007541188
v -0.04865322 0.01723768 -0.001408906
v -0.07283193 0.00506031 -0.006763861
v -0.08037426 -3.794568E-08 -0.005513465
v -0.06534321 0.01107045 -0.005122408
v -0.05108203 0.01734968 -0.001343961
v -0.04661424 0.01545599 -0.0001406985
v -0.08031357 0.004797027 -0.004713282
v -0.08723127 -3.897333E-08 -0.003016652
v -0.05702399 0.01691541 -0.0006407097
v -0.04887679 0.02089375 0.005614022
v -0.04429436 0.01848959 0.006256499
v -0.07268652 0.01061861 -0.003647789
v -0.08716992 0.004644287 -0.002188358
v -0.09363569 -4.081144E-08 0.0001983642
v -0.05108281 0.02093706 0.005687264
v -0.0652753 0.01627729 0.0005752472
v -0.08012903 0.01004409 -0.001766237
v -0.04209626 0.01955437 0.008486107
v -0.04440675 0.01971393 0.009499756
v -0.04659377 0.01871361 0.006467893
v -0.04026523 0.02187327 0.008097485
v -0.04651313 0.01951027 0.008716742
v -0.04865804 0.02176094 0.008312372
v -0.04097278 0.02293738 0.01154133
v -0.04475447 0.0229235 0.01239954
v -0.04220814 0.02238302 0.01016046
v -0.04466489 0.02244422 0.01071042
v -0.04698668 0.02227083 0.01010081
v -0.04814621 0.02265586 0.01158804
v -0.05660051 0.02258739 0.01471297
v -0.04465028 0.0232778 0.01538126
v -0.05071308 0.02206805 0.009278419
v -0.04464653 0.02350694 0.02124726
v -0.05659597 0.02281472 0.02005254
v -0.05678461 0.02055943 0.006226245
v -0.06503668 0.01983453 0.006907586
v -0.03598632 0.02339863 0.02848049
v -0.06508365 0.02187546 0.014326
v -0.07237744 0.01564815 0.00171602
v -0.0721473 0.0190777 0.007537034
v -0.07960913 0.01483147 0.003188362
v -0.02755579 0.02368587 0.0293776
v -0.08691157 0.009714158 0.0007734196
v -0.01772226 0.02389958 0.03007974
v -0.01836316 0.02318603 0.03412506
v -0.09355887 0.00475331 0.001119626
v -0.009181762 0.02314649 0.03502901
v -0.01852036 0.02076108 0.04174283
v -2.806738E-08 0.02073872 0.04219153
v -0.009260859 0.02078553 0.04198011
v -2.785766E-08 0.0182704 0.04695701
v -0.02755325 0.02315312 0.03292273
v -0.009318514 0.01821375 0.04700975
v -0.009301208 0.01629039 0.05028517
v -2.769868E-08 0.01638654 0.0501494
v -0.01849211 0.0160645 0.0505963
v -0.01849901 0.01810732 0.04707183
v -0.02786859 0.0158345 0.05086976
v -0.02784985 0.01797754 0.04709432
v -0.0372802 0.0155639 0.05117058
v -0.03668066 0.0230067 0.03159273
v -0.03704977 0.02077993 0.04042883
v -0.02779613 0.02082087 0.04108918
v -0.03723305 0.01781034 0.04710354
v -0.04674855 0.015323 0.05137288
v -0.04681361 0.01765331 0.04699605
v -0.05635078 0.01500977 0.05164886
v -0.04546648 0.02297031 0.02719718
v -0.04592431 0.02264823 0.03075346
v -0.05630411 0.02236914 0.02550052
v -0.05581918 0.02218763 0.02961623
v -0.05558709 0.02049786 0.03883921
v -0.04632687 0.02068142 0.0396589
v -0.05619044 0.01746036 0.04684823
v -0.06587829 0.01464077 0.05195561
v -0.06552565 0.01727321 0.04654033
v -0.07547188 0.01418979 0.05231512
v -0.06600586 0.02152695 0.02325952
v -0.06513443 0.0216486 0.02841363
v -0.06530972 0.02026915 0.03773098
v -0.07578792 0.01706928 0.04595476
v -0.09496861 0.01275521 0.05351695
v -0.07471312 0.02092256 0.02724195
v -0.07540366 0.01985709 0.03683741
v -0.06559064 0.02204048 0.01869687
v -0.09358659 0.01652697 0.04417493
v -0.07363198 0.02057206 0.02093555
v -0.08847503 0.01916626 0.02330563
v -0.09267297 0.01879816 0.03497213
v -0.07189192 0.02108895 0.01391297
v -0.07288089 0.02109227 0.01730344
v -0.07848365 0.01822787 0.008437875
v -0.08250184 0.0188417 0.01718122
v -0.07944254 0.01968246 0.01463624
v -0.08380087 0.01747472 0.01024292
v -0.08852176 0.01669789 0.01320882
v -0.08627556 0.01377738 0.004937567
v -0.09239166 0.01353029 0.008518721
v -0.09365369 0.009677193 0.004336287
v -0.09169824 0.01728317 0.01657468
v -0.09558068 0.01464428 0.01192838
v -0.0989518 0.01084634 0.007880916
v -0.1010797 0.006133585 0.005067862
v -0.1015794 0.003096487 0.004085636
v -0.101758 -4.320934E-08 0.003768266
v -0.1062173 0.003016949 0.006613577
v -0.1064468 -4.441553E-08 0.006351103
v -0.1059519 0.005981821 0.00765481
v -0.1098032 0.003009079 0.008871997
v -0.1101507 -4.529137E-08 0.008694528
v -0.1070626 0.008507351 0.01007489
v -0.1089441 0.006020498 0.009545946
v -0.1131827 0.003141323 0.01134605
v -0.113686 -4.692416E-08 0.01125802
v -0.1123535 0.006469194 0.01224687
v -0.1160388 0.003272316 0.01377016
v -0.1166106 -4.687661E-08 0.01372873
v -0.114669 0.006731928 0.01428028
v -0.1187365 0.00344627 0.01647953
v -0.1191559 -4.823374E-08 0.01626662
v -0.1117773 0.009882684 0.01464019
v -0.1046924 0.01197207 0.01245268
v -0.1175727 0.007189158 0.01736672
v -0.121074 0.003609721 0.01930963
v -0.1216111 -4.967393E-08 0.01921464
v -0.1023469 0.01395817 0.01440973
v -0.1085688 0.01318066 0.01694054
v -0.1162392 0.01097304 0.01984527
v -0.1195102 0.007425949 0.01972805
v -0.1232502 0.003739447 0.02250424
v -0.1237522 -5.033486E-08 0.02235752
v -0.09876816 0.01608721 0.01733543
v -0.1049842 0.01533069 0.01937199
v -0.09377527 0.01783896 0.02025031
v -0.1008627 0.01698602 0.02203803
v -0.1121496 0.01425099 0.02206626
v -0.1218819 0.007729599 0.02328382
v -0.1250126 0.003813451 0.02570518
v -0.1255954 -5.09764E-08 0.02573507
v -0.09636144 0.01822655 0.0245621
v -0.107702 0.01619699 0.02453334
v -0.1199517 0.01175714 0.02572929
v -0.1233734 0.007856353 0.02597829
v -0.126477 0.003848905 0.02913383
v -0.1269136 -5.215285E-08 0.02885524
v -0.1280414 -5.26789E-08 0.03253356
v -0.1030579 0.01752947 0.02711561
v -0.1151366 0.01499812 0.0277187
v -0.1250364 0.007962929 0.02986895
v -0.1275406 0.003838412 0.03258582
v -0.1286914 -5.301932E-08 0.03599902
v -0.1225902 0.01199383 0.03222865
v -0.1100283 0.01660021 0.02990826
v -0.09838692 0.01843003 0.03000887
v -0.1259332 0.00795718 0.03278343
v -0.1282359 0.003775856 0.03623981
v -0.1289578 -5.410102E-08 0.03984753
v -0.1048579 0.01755662 0.03204874
v -0.1172469 0.01511992 0.03388565
v -0.09969296 0.01813662 0.03404486
v -0.1267292 0.007836311 0.03687574
v -0.1284971 0.003676655 0.0397604
v -0.1288072 -5.48172E-08 0.04273417
v -0.1116942 0.01626231 0.03553766
v -0.1005969 0.01732848 0.03865956
v -0.1061489 0.01690717 0.03713198
v -0.1237466 0.01163391 0.03901538
v -0.1269617 0.00767906 0.03983685
v -0.1182376 0.01414902 0.04004525
v -0.123554 0.01052468 0.04545455
v -0.1126137 0.0150843 0.04104233
v -0.1069396 0.01567703 0.04209397
v -0.126802 0.007267869 0.04384089
v -0.1283107 0.003502274 0.04324109
v -0.1281302 -5.561917E-08 0.04649328
v -0.1276956 0.003325456 0.04660973
v -0.1272365 -5.542829E-08 0.04953212
v -0.1183248 0.01262878 0.04579898
v -0.1014777 0.01608164 0.04307204
v -0.1129522 0.01357973 0.04627826
v -0.1024337 0.01438811 0.04785746
v -0.1074364 0.0141317 0.046964
v -0.1031475 0.01237868 0.05207011
v -0.1038793 0.0119693 0.05404479
v -0.1084234 0.01151385 0.05438707
v -0.1075285 0.01210555 0.05140137
v -0.1126057 0.01112 0.05459797
v -0.112887 0.0121252 0.05118662
v -0.1178818 0.01126129 0.05114745
v -0.1176989 0.01022906 0.05484853
v -0.1212973 0.008275909 0.05501283
v -0.1224408 0.009250856 0.05126369
v -0.1234608 0.005671765 0.05505741
v -0.1243844 0.006073881 0.05308279
v -0.1245426 0.002732035 0.05505388
v -0.1253636 0.006415707 0.0503302
v -0.1254457 0.002887686 0.05332946
v -0.1248024 -5.622499E-08 0.05509137
v -0.1258186 -5.598084E-08 0.05310773
v -0.1267288 0.003096745 0.04997295
v -0.1263158 0.006954123 0.04663181
v -0.009301208 0.01629039 0.05028517
v -2.769868E-08 0.01638654 0.0501494
v -2.775522E-08 0.01705649 0.05134457
v -0.009300648 0.01689044 0.05146151
v -0.01849211 0.0160645 0.0505963
v -2.764258E-08 0.01570515 0.05516187
v -0.01866826 0.01665187 0.05175889
v -0.02786859 0.0158345 0.05086976
v -0.009284333 0.015615 0.0553168
v -2.758774E-08 0.01505533 0.05569204
v -0.009264658 0.01497987 0.05587528
v -0.01852515 0.0155532 0.05553512
v -0.01848604 0.0148824 0.05619221
v -0.02798585 0.01545899 0.05578616
v -0.02794792 0.01477899 0.05652506
v -0.02811925 0.01641169 0.05197346
v -0.0372802 0.0155639 0.05117058
v -0.03740186 0.01617252 0.05218009
v -0.04674855 0.015323 0.05137288
v -0.03742141 0.01536354 0.05601619
v -0.03740865 0.01467358 0.05684346
v -0.04715465 0.0152579 0.05623651
v -0.04709306 0.01455104 0.05717013
v -0.04695957 0.01591767 0.05236463
v -0.05635078 0.01500977 0.05164886
v -0.05659915 0.01565689 0.05257302
v -0.06587829 0.01464077 0.05195561
v -0.05696546 0.01501892 0.05671589
v -0.05690703 0.01438803 0.05755344
v -0.06613632 0.01540917 0.05286751
v -0.07547188 0.01418979 0.05231512
v -0.06650838 0.01477295 0.05718283
v -0.06656758 0.01423058 0.05788699
v -0.07567828 0.01491867 0.0531977
v -0.09496861 0.01275521 0.05351695
v -0.07599032 0.01429496 0.05762817
v -0.07621008 0.01380683 0.058224
v -0.09513985 0.01331084 0.05423737
v -0.1038793 0.0119693 0.05404479
v -0.09480321 0.01284173 0.05856523
v -0.09256689 0.01203123 0.05916347
v -0.1041563 0.01247848 0.05485729
v -0.1084234 0.01151385 0.05438707
v -0.1045857 0.01203671 0.05899354
v -0.1042117 0.01113512 0.0594469
v -0.1087608 0.01206478 0.05514441
v -0.1126057 0.01112 0.05459797
v -0.1102943 0.01145002 0.05927011
v -0.1101277 0.01056371 0.05969872
v -0.1127713 0.0116925 0.05538619
v -0.1176989 0.01022906 0.05484853
v -0.1171866 0.01022805 0.05951601
v -0.1164068 0.009659972 0.06001405
v -0.1179401 0.01070312 0.05566677
v -0.1212973 0.008275909 0.05501283
v -0.1216627 0.008536357 0.05577957
v -0.1234608 0.005671765 0.05505741
v -0.1204556 0.007814586 0.05946897
v -0.1196665 0.007387731 0.06013012
v -0.1237227 0.005962974 0.05578683
v -0.1245426 0.002732035 0.05505388
v -0.1218157 0.005365771 0.05973757
v -0.1209777 0.004926026 0.0601933
v -0.1248218 0.003095758 0.05582958
v -0.1248024 -5.622499E-08 0.05509137
v -0.1251589 -5.578298E-08 0.05587756
v -0.1228278 -5.61992E-08 0.05987932
v -0.1227106 0.002498961 0.05976979
v -0.1218557 -5.597687E-08 0.0602161
v -0.009264658 0.01497987 0.05587528
v -2.758774E-08 0.01505533 0.05569204
v -2.730632E-08 0.01172075 0.07317943
v -0.009300878 0.01159535 0.07324031
v -0.01848604 0.0148824 0.05619221
v -0.01832393 0.01177753 0.072313
v -0.02794792 0.01477899 0.05652506
v -0.02770893 0.01215173 0.07014526
v -0.0379127 0.01253652 0.06715264
v -0.02768885 0.01149518 0.07068525
v -0.03740865 0.01467358 0.05684346
v -0.03792529 0.01197688 0.06758292
v -0.04763414 0.0130349 0.06412966
v -0.04764092 0.01251774 0.06463943
v -0.04709306 0.01455104 0.05717013
v -0.05723285 0.01327551 0.06193329
v -0.05690703 0.01438803 0.05755344
v -0.06656758 0.01423058 0.05788699
v -0.06657181 0.01356996 0.06028046
v -0.05725209 0.01254925 0.06231836
v -0.07621008 0.01380683 0.058224
v -0.06665281 0.01291322 0.06069207
v -0.07628922 0.01325661 0.05941398
v -0.09256689 0.01203123 0.05916347
v -0.07637122 0.01239071 0.05979051
v -0.05723285 0.01327551 0.06193329
v -0.04763414 0.0130349 0.06412966
v -0.04764092 0.01251774 0.06463943
v -0.05725209 0.01254925 0.06231836
v -0.04765994 0.01199804 0.06482771
v -0.03792529 0.01197688 0.06758292
v -0.03794872 0.0113706 0.06774554
v -0.02768885 0.01149518 0.07068525
v -0.0277321 0.01072445 0.07085707
v -0.0182733 0.01118316 0.07277039
v -0.02770893 0.01215173 0.07014526
v -0.01828106 0.01041403 0.07295867
v -0.01832393 0.01177753 0.072313
v -0.009272534 0.01094898 0.07368765
v -0.009275793 0.01032116 0.07384453
v -2.718269E-08 0.0102558 0.07415704
v -0.009300878 0.01159535 0.07324031
v -2.724985E-08 0.01105157 0.07390725
v -2.730632E-08 0.01172075 0.07317943
v -0.009275793 0.01032116 0.07384453
v -2.718269E-08 0.0102558 0.07415704
v -2.631717E-08 -3.727668E-08 0.07425427
v -0.0092042 -3.795745E-08 0.07393771
v -0.01828106 0.01041403 0.07295867
v -0.01831023 -4.019384E-08 0.0730319
v -0.0277321 0.01072445 0.07085707
v -0.02774119 -4.071394E-08 0.07092716
v -0.03794872 0.0113706 0.06774554
v -0.03793186 -4.267498E-08 0.06784796
v -0.04765994 0.01199804 0.06482771
v -0.0477063 -4.382729E-08 0.06495713
v -0.05725209 0.01254925 0.06231836
v -0.05722515 -4.501812E-08 0.06247791
v -0.06665281 0.01291322 0.06069207
v -0.06663132 -4.64057E-08 0.0608656
v -0.07637122 0.01239071 0.05979051
v -0.07633664 -4.804274E-08 0.0598946
v -0.09256689 0.01203123 0.05916347
v -0.09194096 -5.066083E-08 0.05939433
v -0.1042117 0.01113512 0.0594469
v -0.1041101 -5.324917E-08 0.05949821
v -0.1101277 0.01056371 0.05969872
v -0.1102858 -5.424411E-08 0.05973526
v -0.1159632 0.008562454 0.05999608
v -0.1164068 0.009659972 0.06001405
v -0.1166567 -5.531565E-08 0.06006227
v -0.1182925 0.006379843 0.06008934
v -0.1196665 0.007387731 0.06013012
v -0.1209777 0.004926026 0.0601933
v -0.1194003 0.004295712 0.06013855
v -0.1201994 -5.627391E-08 0.06016709
v -0.1218557 -5.597687E-08 0.0602161
v -2.682289E-08 0.005993419 -0.0141022
v -2.631709E-08 -2.130708E-08 -0.01500679
v 0.002656221 -2.074351E-08 -0.01496893
v 0.002668016 0.005997543 -0.01406144
v 0.002706382 0.01255273 -0.01047647
v -2.737607E-08 0.0125481 -0.01052541
v 0.004733251 0.005839467 -0.01362087
v 0.004661478 -2.082487E-08 -0.01455699
v 0.006369094 -2.053593E-08 -0.01230998
v 0.002738373 0.01825633 -0.003911025
v -2.785855E-08 0.01826513 -0.003949863
v 0.004808995 0.01219331 -0.01008707
v 0.006458211 0.005274608 -0.01146061
v 0.009368169 -1.968549E-08 -0.0119366
v 0.006487762 0.01103727 -0.008226509
v 0.004851481 0.01778164 -0.003612788
v 0.002801067 0.02199052 0.004140226
v -2.817535E-08 0.02201893 0.00418351
v 0.009370182 0.005169976 -0.01114758
v 0.006621505 0.01609134 -0.002221401
v 0.004760085 0.02157707 0.004326907
v 0.002959887 0.02307625 0.008247319
v -2.835362E-08 0.02413045 0.01557716
v 0.01203239 0.00525415 -0.01131708
v 0.01221023 -1.912474E-08 -0.01219965
v 0.009383727 0.01080159 -0.008016749
v 0.006507634 0.01945204 0.004918507
v 0.004953313 0.02252231 0.007655922
v 0.005226636 0.02345331 0.01038409
v 0.009398756 0.01585431 -0.002121277
v 0.006848255 0.02028865 0.007892731
v 0.009530634 0.02050326 0.008938948
v 0.009410826 0.019197 0.005072704
v 0.01212779 0.01099644 -0.008156617
v 0.009393563 0.02410987 0.01576502
v -2.838589E-08 0.0245128 0.02319229
v 0.006679619 0.02277045 0.009314206
v 0.009394933 0.02356149 0.01121754
v 0.01765998 0.02401956 0.01579582
v 0.0177308 0.02435852 0.02287362
v 0.009394323 0.02446834 0.02309133
v 0.009406844 0.0240398 0.03055754
v -2.835021E-08 0.02409012 0.03073613
v -2.825703E-08 0.02298598 0.0358687
v 0.009424831 0.02300032 0.01010319
v 0.01196984 0.02285575 0.009433738
v 0.01331076 0.02340671 0.01046849
v 0.01546216 0.02299255 0.008346453
v 0.01368033 0.02240606 0.007609764
v 0.01386317 0.02152085 0.004465738
v 0.01193167 0.02030308 0.007891789
v 0.01216644 0.01950237 0.005127755
v 0.01208014 0.01613805 -0.002080448
v 0.0137838 0.01775663 -0.003412767
v 0.01382806 0.01219088 -0.009873124
v 0.01379631 0.005858518 -0.01331721
v 0.01387301 -1.84602E-08 -0.01427787
v 0.01611181 -1.836025E-08 -0.01466098
v 0.01602286 0.0125037 -0.01016638
v 0.01606843 0.005969666 -0.01375333
v 0.02105188 -1.787338E-08 -0.01445879
v 0.01600228 0.01818912 -0.003624947
v 0.02106462 0.005938765 -0.01355309
v 0.01570406 0.02191485 0.004342071
v 0.02111334 0.01242713 -0.009989019
v 0.02296267 0.005757341 -0.01303695
v 0.02291098 -1.76222E-08 -0.01396953
v 0.02449897 -1.737001E-08 -0.01163633
v 0.02137377 0.02289897 0.008390549
v 0.02115361 0.01809157 -0.003497584
v 0.02303284 0.01201453 -0.009493204
v 0.02475884 0.005124679 -0.01072682
v 0.02724743 -1.657829E-08 -0.01118667
v 0.02480301 0.0107113 -0.007601925
v 0.02724591 0.005078325 -0.0104022
v 0.02970746 -1.645004E-08 -0.01150247
v 0.02302041 0.01760239 -0.003088613
v 0.02115621 0.02182099 0.004394249
v 0.02291691 0.02134559 0.004555908
v 0.02485457 0.01573043 -0.001798232
v 0.02724724 0.01062254 -0.007300636
v 0.02959536 0.005224774 -0.01061135
v 0.02488285 0.01907452 0.005163935
v 0.02729894 0.01563307 -0.001488717
v 0.03109525 0.005729889 -0.01242979
v 0.03126452 -1.582935E-08 -0.01343945
v 0.02943244 0.01081814 -0.007355316
v 0.03387935 0.005846783 -0.01274923
v 0.03388368 -1.53179E-08 -0.01365144
v 0.03781297 -1.503192E-08 -0.01334735
v 0.03115861 0.0120209 -0.009004481
v 0.02488418 0.02002258 0.00801405
v 0.02754464 0.01895174 0.00547984
v 0.02735938 0.02012231 0.008963588
v 0.0230399 0.02225464 0.00763363
v 0.02945386 0.01591088 -0.001409967
v 0.03102824 0.01746198 -0.002591582
v 0.03096464 0.02104435 0.005052999
v 0.02949805 0.01924367 0.005597547
v 0.03387347 0.01226108 -0.009202631
v 0.02380345 0.02331743 0.01092624
v 0.02949354 0.02002059 0.007987467
v 0.03798468 0.005848533 -0.01241857
v 0.04004905 0.005495685 -0.01191703
v 0.03996059 -1.43622E-08 -0.01282237
v 0.04171792 -1.412038E-08 -0.01025438
v 0.03828344 0.0121862 -0.008864768
v 0.02503925 0.02262523 0.0096571
v 0.03096612 0.02221523 0.00820786
v 0.04160377 0.00494278 -0.009544501
v 0.04430575 -1.410754E-08 -0.009777759
v 0.0443536 0.004876473 -0.009006033
v 0.04675293 -1.363813E-08 -0.009927402
v 0.04167578 0.01034241 -0.006524941
v 0.04014913 0.01165503 -0.008463402
v 0.02757025 0.02338174 0.01183949
v 0.02750328 0.02295328 0.0104389
v 0.02942521 0.0227868 0.009902969
v 0.02750193 0.02382979 0.01572219
v 0.03363368 0.02264422 0.008601919
v 0.03040887 0.02325527 0.01142879
v 0.03601995 0.02358723 0.01553028
v 0.02750426 0.02414184 0.02243055
v 0.03602177 0.02386949 0.02191899
v 0.0338464 0.02156148 0.004820303
v 0.03828354 0.02246351 0.008538988
v 0.03385792 0.01787855 -0.002789934
v 0.03836671 0.01772293 -0.00255868
v 0.03824186 0.02141947 0.004943589
v 0.0401553 0.01718562 -0.00227135
v 0.04008241 0.02096438 0.005116418
v 0.04170432 0.01545529 -0.0007149415
v 0.04190085 0.01871459 0.005956235
v 0.04434251 0.01026124 -0.005971047
v 0.0444212 0.01526945 -0.0001977998
v 0.04693625 0.00508507 -0.009228977
v 0.04672944 0.01056938 -0.005911025
v 0.04875554 0.005623217 -0.01109297
v 0.04863603 -1.294506E-08 -0.01194061
v 0.05106932 -1.287882E-08 -0.01192946
v 0.04860816 0.01176941 -0.00757943
v 0.05106881 0.005648668 -0.01103471
v 0.05692848 0.005492953 -0.01004046
v 0.05690129 -1.162635E-08 -0.01092083
v 0.06534114 -1.076351E-08 -0.009243523
v 0.0653426 0.005277459 -0.008385882
v 0.07288649 -8.940936E-09 -0.007590007
v 0.05699285 0.01153229 -0.006646355
v 0.05108349 0.01187118 -0.007541188
v 0.04865316 0.0172377 -0.001408906
v 0.07283188 0.005060335 -0.006763861
v 0.0803742 -8.692882E-09 -0.005513464
v 0.06534316 0.01107048 -0.005122408
v 0.05108198 0.0173497 -0.001343961
v 0.0466142 0.01545601 -0.0001406985
v 0.08031353 0.004797056 -0.004713282
v 0.08723122 -7.514956E-09 -0.00301665
v 0.05702394 0.01691543 -0.0006407097
v 0.04887673 0.02089377 0.005614022
v 0.04429431 0.01848961 0.006256499
v 0.07268648 0.01061864 -0.003647789
v 0.08716987 0.004644317 -0.002188358
v 0.09363564 -6.917109E-09 0.0001983642
v 0.05108275 0.02093708 0.005687264
v 0.06527525 0.01627731 0.0005752472
v 0.08012898 0.01004412 -0.001766237
v 0.04209622 0.01955438 0.008486107
v 0.0444067 0.01971394 0.009499756
v 0.04659373 0.01871362 0.006467893
v 0.04026518 0.02187328 0.008097485
v 0.04651308 0.01951029 0.008716742
v 0.04865798 0.02176096 0.008312372
v 0.04097273 0.02293739 0.01154133
v 0.04475443 0.02292352 0.01239954
v 0.04220809 0.02238304 0.01016046
v 0.04466484 0.02244424 0.01071042
v 0.04698662 0.02227085 0.01010081
v 0.04814616 0.02265588 0.01158804
v 0.05660045 0.02258741 0.01471297
v 0.04465023 0.02327782 0.01538126
v 0.05071302 0.02206807 0.009278419
v 0.04464647 0.02350696 0.02124726
v 0.05659591 0.02281475 0.02005254
v 0.05678455 0.02055945 0.006226245
v 0.06503662 0.01983455 0.006907586
v 0.03598626 0.02339864 0.02848049
v 0.06508359 0.02187548 0.014326
v 0.0723774 0.01564817 0.00171602
v 0.07214725 0.01907772 0.007537034
v 0.0796091 0.0148315 0.003188362
v 0.02755573 0.02368588 0.0293776
v 0.08691152 0.009714189 0.0007734196
v 0.01772221 0.02389959 0.03007974
v 0.01836311 0.02318603 0.03412506
v 0.09355882 0.004753343 0.001119626
v 0.009181705 0.02314649 0.03502901
v 0.01852031 0.02076108 0.04174283
v -2.806738E-08 0.02073872 0.04219153
v 0.009260809 0.02078554 0.04198011
v -2.785766E-08 0.0182704 0.04695701
v 0.0275532 0.02315313 0.03292273
v 0.009318464 0.01821375 0.04700975
v 0.009301157 0.0162904 0.05028517
v -2.769868E-08 0.01638654 0.0501494
v 0.01849206 0.01606451 0.0505963
v 0.01849895 0.01810733 0.04707183
v 0.02786855 0.01583451 0.05086976
v 0.0278498 0.01797755 0.04709432
v 0.03728015 0.01556391 0.05117058
v 0.03668061 0.02300671 0.03159273
v 0.03704971 0.02077994 0.04042883
v 0.02779608 0.02082088 0.04108918
v 0.037233 0.01781036 0.04710354
v 0.0467485 0.01532301 0.05137288
v 0.04681356 0.01765332 0.04699605
v 0.05635073 0.01500979 0.05164886
v 0.04546643 0.02297033 0.02719718
v 0.04592426 0.02264825 0.03075346
v 0.05630405 0.02236916 0.02550052
v 0.05581913 0.02218765 0.02961623
v 0.05558703 0.02049788 0.03883921
v 0.04632682 0.02068144 0.0396589
v 0.05619038 0.01746038 0.04684823
v 0.06587824 0.01464079 0.05195561
v 0.06552559 0.01727324 0.04654033
v 0.07547183 0.01418982 0.05231512
v 0.0660058 0.02152698 0.02325952
v 0.06513437 0.02164862 0.02841363
v 0.06530966 0.02026917 0.03773098
v 0.07578786 0.01706931 0.04595476
v 0.09496856 0.01275525 0.05351695
v 0.07471306 0.02092259 0.02724195
v 0.0754036 0.01985711 0.03683741
v 0.06559059 0.0220405 0.01869687
v 0.09358655 0.016527 0.04417493
v 0.07363192 0.02057208 0.02093555
v 0.08847497 0.01916629 0.02330563
v 0.09267291 0.01879819 0.03497213
v 0.07189186 0.02108898 0.01391297
v 0.07288083 0.0210923 0.01730344
v 0.07848359 0.0182279 0.008437875
v 0.08250178 0.01884173 0.01718122
v 0.07944248 0.01968249 0.01463624
v 0.08380081 0.01747475 0.01024292
v 0.08852172 0.01669792 0.01320882
v 0.08627551 0.01377741 0.004937567
v 0.09239162 0.01353032 0.008518721
v 0.09365363 0.009677228 0.004336287
v 0.09169818 0.0172832 0.01657468
v 0.09558063 0.01464431 0.01192838
v 0.09895176 0.01084638 0.007880916
v 0.1010797 0.006133621 0.005067862
v 0.1015793 0.003096523 0.004085636
v 0.1017579 -6.442697E-09 0.003768265
v 0.1062173 0.003016987 0.006613577
v 0.1064467 -5.672525E-09 0.006351101
v 0.1059519 0.005981859 0.00765481
v 0.1098032 0.00300912 0.008871997
v 0.1101506 -5.411409E-09 0.008694529
v 0.1070626 0.00850739 0.01007489
v 0.1089441 0.006020537 0.009545946
v 0.1131827 0.003141364 0.01134605
v 0.1136859 -5.591834E-09 0.01125802
v 0.1123535 0.006469234 0.01224687
v 0.1160387 0.003272358 0.01377016
v 0.1166105 -4.749051E-09 0.01372872
v 0.114669 0.006731969 0.01428028
v 0.1187364 0.003446314 0.01647953
v 0.1191559 -5.104306E-09 0.01626662
v 0.1117773 0.009882724 0.01464019
v 0.121074 0.003609765 0.01930963
v 0.121611 -5.547608E-09 0.01921464
v 0.1175726 0.007189201 0.01736672
v 0.1232501 0.003739491 0.02250424
v 0.1237522 -5.33679E-09 0.02235752
v 0.1195102 0.007425992 0.01972805
v 0.1162392 0.01097309 0.01984527
v 0.1046923 0.0119721 0.01245268
v 0.1085687 0.0131807 0.01694054
v 0.1023469 0.0139582 0.01440973
v 0.09876811 0.01608725 0.01733543
v 0.1049841 0.01533073 0.01937199
v 0.09377521 0.01783899 0.02025031
v 0.1008626 0.01698606 0.02203803
v 0.1121495 0.01425103 0.02206626
v 0.09636138 0.01822658 0.0245621
v 0.1077019 0.01619703 0.02453334
v 0.09838688 0.01843007 0.03000887
v 0.1030579 0.01752951 0.02711561
v 0.1199517 0.01175718 0.02572929
v 0.1151365 0.01499816 0.0277187
v 0.1100283 0.01660025 0.02990826
v 0.1048578 0.01755666 0.03204874
v 0.09969291 0.01813666 0.03404486
v 0.1005968 0.01732852 0.03865956
v 0.1061488 0.01690721 0.03713198
v 0.1116942 0.01626235 0.03553766
v 0.1172468 0.01511996 0.03388565
v 0.1218818 0.007729644 0.02328382
v 0.1233733 0.007856398 0.02597829
v 0.1225901 0.01199387 0.03222865
v 0.1250126 0.003813496 0.02570518
v 0.1255954 -5.59349E-09 0.02573507
v 0.126477 0.003848952 0.02913383
v 0.1269136 -6.272812E-09 0.02885524
v 0.1280414 -6.339156E-09 0.03253356
v 0.1250364 0.007962974 0.02986895
v 0.1275406 0.003838458 0.03258582
v 0.1286914 -6.454814E-09 0.03599902
v 0.1259332 0.007957227 0.03278343
v 0.1282359 0.003775902 0.03623981
v 0.1289577 -7.451999E-09 0.03984753
v 0.1267292 0.007836358 0.03687574
v 0.1284971 0.003676702 0.0397604
v 0.1288072 -7.983981E-09 0.04273417
v 0.1237465 0.01163396 0.03901538
v 0.1269616 0.007679106 0.03983685
v 0.1283107 0.003502322 0.04324109
v 0.1281302 -9.136391E-09 0.04649328
v 0.126802 0.007267915 0.04384089
v 0.1235539 0.01052472 0.04545455
v 0.1182375 0.01414906 0.04004525
v 0.1276955 0.003325501 0.04660973
v 0.1272365 -9.457064E-09 0.04953212
v 0.1126136 0.01508434 0.04104233
v 0.1183248 0.01262883 0.04579898
v 0.1069395 0.01567707 0.04209397
v 0.1263157 0.006954169 0.04663181
v 0.1267288 0.003096791 0.04997295
v 0.1258186 -1.033906E-08 0.05310773
v 0.1253635 0.006415751 0.0503302
v 0.1254457 0.002887732 0.05332946
v 0.1248023 -1.086995E-08 0.05509137
v 0.1245426 0.002732079 0.05505388
v 0.1243844 0.006073926 0.05308279
v 0.1234607 0.005671811 0.05505741
v 0.1224407 0.009250901 0.05126369
v 0.1212973 0.008275952 0.05501283
v 0.1178817 0.01126134 0.05114745
v 0.1176989 0.0102291 0.05484853
v 0.1126057 0.01112004 0.05459797
v 0.112887 0.01212524 0.05118662
v 0.1129522 0.01357977 0.04627826
v 0.1075285 0.01210559 0.05140137
v 0.1084234 0.01151389 0.05438707
v 0.1074363 0.01413174 0.046964
v 0.1031474 0.01237872 0.05207011
v 0.1038792 0.01196934 0.05404479
v 0.1024337 0.01438814 0.04785746
v 0.1014777 0.01608168 0.04307204
v 0.009301157 0.0162904 0.05028517
v -2.775522E-08 0.01705649 0.05134457
v -2.769868E-08 0.01638654 0.0501494
v 0.009300604 0.01689044 0.05146151
v 0.01849206 0.01606451 0.0505963
v -2.764258E-08 0.01570515 0.05516187
v 0.01866821 0.01665187 0.05175889
v 0.02786855 0.01583451 0.05086976
v 0.009284287 0.015615 0.0553168
v -2.758774E-08 0.01505533 0.05569204
v 0.009264609 0.01497988 0.05587528
v 0.0185251 0.0155532 0.05553512
v 0.01848598 0.0148824 0.05619221
v 0.0279858 0.01545899 0.05578616
v 0.02794787 0.01477899 0.05652506
v 0.0281192 0.0164117 0.05197346
v 0.03728015 0.01556391 0.05117058
v 0.03740181 0.01617253 0.05218009
v 0.0467485 0.01532301 0.05137288
v 0.03742136 0.01536356 0.05601619
v 0.0374086 0.0146736 0.05684346
v 0.0471546 0.01525792 0.05623651
v 0.04709301 0.01455105 0.05717013
v 0.04695951 0.01591768 0.05236463
v 0.05635073 0.01500979 0.05164886
v 0.0565991 0.01565691 0.05257302
v 0.06587824 0.01464079 0.05195561
v 0.05696541 0.01501894 0.05671589
v 0.05690699 0.01438805 0.05755344
v 0.06613627 0.0154092 0.05286751
v 0.07547183 0.01418982 0.05231512
v 0.06650834 0.01477297 0.05718283
v 0.06656753 0.0142306 0.05788699
v 0.07567824 0.0149187 0.0531977
v 0.09496856 0.01275525 0.05351695
v 0.07599028 0.01429498 0.05762817
v 0.07621003 0.01380686 0.058224
v 0.09513981 0.01331088 0.05423737
v 0.1038792 0.01196934 0.05404479
v 0.09480316 0.01284176 0.05856523
v 0.09256684 0.01203127 0.05916347
v 0.1041562 0.01247851 0.05485729
v 0.1084234 0.01151389 0.05438707
v 0.1045857 0.01203675 0.05899354
v 0.1042117 0.01113516 0.0594469
v 0.1087608 0.01206482 0.05514441
v 0.1126057 0.01112004 0.05459797
v 0.1102943 0.01145006 0.05927011
v 0.1101276 0.01056375 0.05969872
v 0.1127712 0.01169254 0.05538619
v 0.1176989 0.0102291 0.05484853
v 0.1171865 0.01022809 0.05951601
v 0.1164067 0.009660014 0.06001405
v 0.1179401 0.01070317 0.05566677
v 0.1212973 0.008275952 0.05501283
v 0.1216627 0.008536401 0.05577957
v 0.1234607 0.005671811 0.05505741
v 0.1204556 0.00781463 0.05946897
v 0.1196665 0.007387774 0.06013012
v 0.1237227 0.005963019 0.05578683
v 0.1245426 0.002732079 0.05505388
v 0.1218157 0.005365815 0.05973757
v 0.1209777 0.00492607 0.0601933
v 0.1248218 0.003095803 0.05582958
v 0.1248023 -1.086995E-08 0.05509137
v 0.1251588 -1.057031E-08 0.05587756
v 0.1228277 -1.169221E-08 0.05987932
v 0.1227105 0.002499005 0.05976979
v 0.1218557 -1.192716E-08 0.0602161
v 0.009264609 0.01497988 0.05587528
v -2.730632E-08 0.01172075 0.07317943
v -2.758774E-08 0.01505533 0.05569204
v 0.009300835 0.01159535 0.07324031
v 0.01848598 0.0148824 0.05619221
v 0.01832387 0.01177753 0.072313
v 0.02794787 0.01477899 0.05652506
v 0.02770888 0.01215174 0.07014526
v 0.03791265 0.01253654 0.06715264
v 0.02768879 0.01149519 0.07068525
v 0.0374086 0.0146736 0.05684346
v 0.03792523 0.01197689 0.06758292
v 0.04763409 0.01303492 0.06412966
v 0.04764087 0.01251776 0.06463943
v 0.04709301 0.01455105 0.05717013
v 0.0572328 0.01327553 0.06193329
v 0.05690699 0.01438805 0.05755344
v 0.06656753 0.0142306 0.05788699
v 0.06657176 0.01356999 0.06028046
v 0.05725205 0.01254927 0.06231836
v 0.07621003 0.01380686 0.058224
v 0.06665276 0.01291324 0.06069207
v 0.07628917 0.01325664 0.05941398
v 0.09256684 0.01203127 0.05916347
v 0.07637117 0.01239074 0.05979051
v 0.0572328 0.01327553 0.06193329
v 0.04764087 0.01251776 0.06463943
v 0.04763409 0.01303492 0.06412966
v 0.05725205 0.01254927 0.06231836
v 0.04765988 0.01199806 0.06482771
v 0.03792523 0.01197689 0.06758292
v 0.03794868 0.01137061 0.06774554
v 0.02768879 0.01149519 0.07068525
v 0.02773206 0.01072446 0.07085707
v 0.01827326 0.01118317 0.07277039
v 0.02770888 0.01215174 0.07014526
v 0.01828101 0.01041403 0.07295867
v 0.01832387 0.01177753 0.072313
v 0.00927248 0.01094898 0.07368765
v 0.009275749 0.01032116 0.07384453
v -2.718269E-08 0.0102558 0.07415704
v 0.009300835 0.01159535 0.07324031
v -2.724985E-08 0.01105157 0.07390725
v -2.730632E-08 0.01172075 0.07317943
v 0.009275749 0.01032116 0.07384453
v -2.631717E-08 -3.727668E-08 0.07425427
v -2.718269E-08 0.0102558 0.07415704
v 0.009204148 -3.472994E-08 0.07393771
v 0.01828101 0.01041403 0.07295867
v 0.01831018 -3.366732E-08 0.0730319
v 0.02773206 0.01072446 0.07085707
v 0.02774115 -3.084611E-08 0.07092716
v 0.03794868 0.01137061 0.06774554
v 0.03793181 -2.88345E-08 0.06784796
v 0.04765988 0.01199806 0.06482771
v 0.04770625 -2.655869E-08 0.06495713
v 0.05725205 0.01254927 0.06231836
v 0.0572251 -2.440114E-08 0.06247791
v 0.06665276 0.01291324 0.06069207
v 0.06663128 -2.241558E-08 0.0608656
v 0.07637117 0.01239074 0.05979051
v 0.07633659 -2.048796E-08 0.0598946
v 0.09256684 0.01203127 0.05916347
v 0.09194092 -1.720168E-08 0.05939433
v 0.1042117 0.01113516 0.0594469
v 0.1041101 -1.538828E-08 0.05949821
v 0.1101276 0.01056375 0.05969872
v 0.1102858 -1.431117E-08 0.05973526
v 0.1159631 0.008562496 0.05999608
v 0.1164067 0.009660014 0.06001405
v 0.1166566 -1.321445E-08 0.06006227
v 0.1182925 0.006379887 0.06008934
v 0.1196665 0.007387774 0.06013012
v 0.1209777 0.00492607 0.0601933
v 0.1194002 0.004295755 0.06013855
v 0.1201993 -1.259111E-08 0.06016709
v 0.1218557 -1.192716E-08 0.0602161
v -0.01064736 -0.01488863 0.06420069
v -0.01015992 -0.01348395 0.0622737
v -0.0120502 -0.01320647 0.06239144
v -0.01267938 -0.01312003 0.06300903
v -0.01119246 -0.01480785 0.06461256
v -0.01307035 -0.01295473 0.06405486
v -0.01153154 -0.0146828 0.06525023
v -0.01328391 -0.01270123 0.06505688
v -0.008952364 -0.01441314 0.06662523
v -0.01171947 -0.01455301 0.065912
v -0.01334376 -0.01252091 0.066129
v -0.008952318 -0.01491822 0.0640498
v -0.01172638 -0.01441296 0.0666261
v 0.008952159 -0.01491823 0.06404981
v -0.01171946 -0.01427286 0.06734047
v -0.01330629 -0.01229355 0.06718411
v 0.01015977 -0.01348395 0.0622737
v -0.01309467 -0.01214164 0.06820115
v 0.01064717 -0.01488865 0.06420069
v 0.01205005 -0.01320649 0.06239143
v -0.01152925 -0.01414321 0.06800158
v -0.01117906 -0.0140196 0.06863188
v -0.01269187 -0.0118911 0.06922406
v -0.01204141 -0.01171799 0.06979378
v -0.01063339 -0.0139438 0.06901836
v -0.0101588 -0.01187784 0.07000357
v 0.008952205 -0.01441315 0.06662523
v 0.01119231 -0.01480787 0.06461256
v 0.01267924 -0.01312008 0.06300902
v 0.008950832 -0.01391738 0.06915317
v 0.01153142 -0.01468281 0.06525023
v 0.01307023 -0.01295481 0.06405486
v -0.00895102 -0.01391737 0.06915317
v 0.01015863 -0.01187785 0.07000356
v 0.01171932 -0.01455303 0.06591199
v 0.01328378 -0.01270133 0.06505688
v 0.01334364 -0.01252102 0.06612902
v 0.0106332 -0.01394382 0.06901837
v 0.01204124 -0.01171802 0.0697938
v 0.01269173 -0.01189115 0.06922408
v 0.01117892 -0.01401961 0.06863189
v 0.01309455 -0.0121417 0.06820119
v 0.01152913 -0.01414323 0.06800158
v 0.01330616 -0.01229366 0.06718414
v 0.01171924 -0.01427288 0.06734048
v 0.0117262 -0.01441298 0.0666261
v -0.09609828 -0.01012148 0.0733473
v -0.09697988 -0.009917146 0.07332231
v -0.09705009 -0.009858386 0.07389333
v -0.09705535 -0.009972541 0.07275119
v -0.09620565 -0.01020548 0.07253727
v -0.09727139 -0.01002017 0.07221895
v -0.09651229 -0.0102782 0.07178244
v -0.09761325 -0.01005597 0.07176188
v -0.09512775 -0.01032332 0.0722564
v -0.09699728 -0.01033286 0.07113429
v -0.09805763 -0.0100768 0.07141116
v -0.09762757 -0.01036425 0.07063693
v -0.09857432 -0.01008085 0.07119071
v -0.09836023 -0.01036954 0.07032426
v -0.09912781 -0.01006785 0.07111561
v -0.09914535 -0.01034855 0.07021756
v -0.09968062 -0.01003899 0.07119092
v -0.09992942 -0.01030347 0.07032414
v -0.1001949 -0.009996747 0.07141149
v -0.1006591 -0.01023835 0.07063672
v -0.1006357 -0.009944563 0.07176228
v -0.1012845 -0.01015861 0.07113403
v -0.1009729 -0.00988653 0.07221932
v -0.1017632 -0.01007062 0.07178219
v -0.1011836 -0.009827003 0.07275145
v -0.1020625 -0.009981166 0.07253706
v -0.1012534 -0.009770216 0.07332239
v -0.1021619 -0.0098968 0.07334719
v -0.1011777 -0.009719909 0.07389323
v -0.1020546 -0.009823099 0.07415737
v -0.1009616 -0.009679066 0.07442513
v -0.101748 -0.00976423 0.0749124
v -0.1006198 -0.009649845 0.07488184
v -0.101263 -0.009722892 0.07556075
v -0.1001757 -0.009633582 0.07523229
v -0.1006326 -0.009700564 0.07605825
v -0.09965941 -0.009630913 0.07545263
v -0.09989973 -0.009697835 0.076371
v -0.09910617 -0.009641831 0.07552782
v -0.09911443 -0.009714542 0.07647763
v -0.09855364 -0.009665729 0.07545277
v -0.09833017 -0.009749814 0.07637092
v -0.0980394 -0.009701425 0.07523254
v -0.09760047 -0.009802053 0.07605814
v -0.09759856 -0.009747143 0.07488213
v -0.09697506 -0.009868937 0.07556064
v -0.09726109 -0.00980048 0.07442535
v -0.09649653 -0.00994737 0.07491231
v -0.09619747 -0.0100333 0.07415739
v -0.09498065 -0.01020357 0.07336807
v -0.09511707 -0.01008028 0.07447968
v -0.09552769 -0.009962534 0.07551547
v -0.0961845 -0.009856756 0.07640485
v -0.09704269 -0.009767365 0.07708725
v -0.0980438 -0.009697703 0.07751618
v -0.09911963 -0.009650491 0.07766244
v -0.1001969 -0.009627691 0.07751608
v -0.1012021 -0.009630335 0.07708709
v -0.1020669 -0.009658712 0.07640469
v -0.1027323 -0.009712539 0.07551536
v -0.103153 -0.009790783 0.07447969
v -0.1033003 -0.009890792 0.07336822
v -0.1031641 -0.01000737 0.07225668
v -0.1027539 -0.01013261 0.07122081
v -0.1020972 -0.01025681 0.07033121
v -0.101239 -0.01037 0.06964853
v -0.1002378 -0.01046306 0.06921931
v -0.0991618 -0.01052825 0.06907286
v -0.09808431 -0.01055945 0.06921913
v -0.0970788 -0.01055274 0.06964822
v -0.09621382 -0.0105077 0.07033082
v -0.09554835 -0.0104284 0.07122044
v -0.09408854 -0.01068382 0.07199987
v -0.09390239 -0.01051934 0.07340464
v -0.09407447 -0.01035251 0.07480945
v -0.09459312 -0.01019556 0.07611857
v -0.09542306 -0.01005575 0.07724281
v -0.09650758 -0.009937523 0.0781055
v -0.09777293 -0.009844663 0.07864784
v -0.09913285 -0.009780899 0.07883286
v -0.1004947 -0.009749044 0.07864793
v -0.1017654 -0.009750329 0.07810563
v -0.1028586 -0.009784897 0.07724294
v -0.1036997 -0.009852787 0.07611867
v -0.1042314 -0.009953868 0.07480944
v -0.1044173 -0.01008605 0.07340453
v -0.104245 -0.01024302 0.07199966
v -0.1037261 -0.01041366 0.07069061
v -0.1028961 -0.0105838 0.06956655
v -0.1018115 -0.01073926 0.06870408
v -0.1005462 -0.01086783 0.06816196
v -0.09918643 -0.01095945 0.06797709
v -0.09782489 -0.01100544 0.0681621
v -0.09655429 -0.01099922 0.06870431
v -0.09546129 -0.01093879 0.06956685
v -0.09462024 -0.01082938 0.07069089
v -0.09226865 -0.0108696 0.07151522
v -0.09201554 -0.01063047 0.07342743
v -0.09225012 -0.01039816 0.07533958
v -0.09295638 -0.01018883 0.07712134
v -0.09408615 -0.01000689 0.07865129
v -0.09556241 -0.009852835 0.07982519
v -0.09728453 -0.009730001 0.0805631
v -0.09913522 -0.009644795 0.08081474
v -0.1009883 -0.00960215 0.08056299
v -0.1027176 -0.009602472 0.07982501
v -0.1042052 -0.009643822 0.0786511
v -0.1053499 -0.00972658 0.07712121
v -0.1060735 -0.009854715 0.07533958
v -0.1063269 -0.01003075 0.0734276
v -0.1060926 -0.01024848 0.07151553
v -0.1053868 -0.01049026 0.06973368
v -0.1042571 -0.01073196 0.06820348
v -0.102781 -0.01095149 0.06702924
v -0.1010587 -0.01113337 0.06629102
v -0.09920781 -0.01126637 0.06603914
v -0.0973544 -0.01133834 0.0662908
v -0.0956248 -0.01133562 0.06702887
v -0.09413692 -0.01124981 0.06820304
v -0.0929922 -0.01108683 0.06973325
v -0.09163012 -0.01113662 0.07136128
v -0.09242218 -0.01138839 0.069411
v -0.09367515 -0.01157635 0.06773627
v -0.09530362 -0.01167262 0.0664512
v -0.09719663 -0.01167149 0.06564337
v -0.0913529 -0.01086119 0.07345419
v -0.09922516 -0.0115853 0.06536783
v -0.101251 -0.01143153 0.06564336
v -0.103136 -0.01122361 0.06645117
v -0.1047519 -0.01097251 0.06773624
v -0.1059884 -0.01069483 0.06941099
v -0.1067613 -0.01041679 0.07136127
v -0.1070178 -0.01016805 0.0734542
v -0.1067407 -0.009969895 0.07554713
v -0.1059486 -0.009828392 0.07749745
v -0.1046956 -0.009738333 0.07917221
v -0.1030671 -0.009693645 0.08045731
v -0.1011741 -0.009694216 0.08126515
v -0.09914552 -0.009743663 0.08154069
v -0.09711966 -0.009842101 0.08126514
v -0.0952346 -0.009982892 0.08045729
v -0.09361878 -0.01015726 0.07917218
v -0.0923823 -0.01036143 0.07749742
v -0.09160946 -0.01059689 0.07554711
v -0.1035116 -0.009491368 0.08125793
v -0.1013968 -0.009490542 0.08216043
v -0.09913056 -0.009541973 0.08246824
v -0.09686737 -0.00964742 0.08216041
v -0.09476142 -0.009797975 0.08125792
v -0.09295628 -0.009981642 0.07982226
v -0.09157492 -0.01019517 0.07795128
v -0.1053309 -0.009537421 0.07982228
v -0.0907115 -0.01044548 0.07577249
v -0.1067307 -0.009628241 0.07795128
v -0.09042487 -0.01073577 0.07343435
v -0.1076156 -0.009774205 0.07577248
v -0.09073454 -0.01104786 0.07109619
v -0.1079252 -0.00998636 0.07343435
v -0.09161942 -0.01133815 0.06891738
v -0.1076386 -0.01026043 0.0710962
v -0.09301919 -0.01155446 0.0670464
v -0.1067752 -0.01057047 0.06891739
v -0.09483849 -0.01166143 0.06561075
v -0.1053938 -0.0108791 0.0670464
v -0.09695331 -0.0116548 0.06470826
v -0.1035887 -0.01115524 0.06561074
v -0.09921954 -0.01155413 0.06440044
v -0.1014827 -0.01138295 0.06470826
v -0.09411816 -0.01095107 0.06430249
v -0.09202588 -0.01083752 0.06595355
v -0.09655032 -0.01093473 0.06326458
v -0.09915657 -0.01082352 0.06291056
v -0.09041607 -0.01059333 0.06810527
v -0.1017594 -0.01065214 0.06326458
v -0.1041813 -0.01043254 0.0643025
v -0.08939843 -0.01026614 0.070611
v -0.1062573 -0.01016222 0.06595356
v -0.08904228 -0.009929538 0.07329999
v -0.1078459 -0.009850675 0.06810528
v -0.08937193 -0.009641349 0.07598896
v -0.1088389 -0.009534096 0.07061101
v -0.09036492 -0.009416997 0.07849469
v -0.1091685 -0.009261651 0.07329999
v -0.09195353 -0.009237919 0.08064641
v -0.1088124 -0.009065674 0.07598896
v -0.09402955 -0.00908293 0.08229748
v -0.1077947 -0.008944422 0.07849469
v -0.09645146 -0.008951742 0.0833354
v -0.1061849 -0.008873289 0.08064641
v -0.09905425 -0.008861193 0.08368941
v -0.1040927 -0.008832403 0.08229749
v -0.1016605 -0.008823453 0.0833354
v -0.0997967 -0.00953019 0.07600706
v -0.09909568 -0.009543451 0.07610228
v -0.0991225 -0.009796156 0.0758708
v -0.09975328 -0.00978242 0.07578512
v -0.1004509 -0.009533357 0.07572789
v -0.1003416 -0.009784891 0.07553408
v -0.1010137 -0.009553012 0.0752838
v -0.09849291 -0.009825308 0.07578516
v -0.09839559 -0.009572456 0.07600705
v -0.09940653 -0.01006242 0.07543235
v -0.100848 -0.009803619 0.07513449
v -0.1014467 -0.009588592 0.07470503
v -0.09790678 -0.009868489 0.07553397
v -0.09774417 -0.009615884 0.07572788
v -0.09838836 -0.01011444 0.07529387
v -0.100358 -0.01006608 0.07502633
v -0.1012374 -0.009837919 0.07461396
v -0.1017204 -0.009638721 0.07403105
v -0.09740459 -0.009923537 0.07513459
v -0.09718578 -0.009671797 0.07528377
v -0.1014837 -0.009886401 0.07400756
v -0.1018162 -0.009700979 0.07330777
v -0.09757628 -0.01021099 0.074648
v -0.09702012 -0.009987685 0.07461383
v -0.09675849 -0.009737561 0.07470502
v -0.1009877 -0.01012562 0.07418463
v -0.1015698 -0.009946459 0.07335712
v -0.1017275 -0.009771882 0.07258451
v -0.09677995 -0.01005729 0.07400772
v -0.09649142 -0.009809675 0.07403104
v -0.10149 -0.01001466 0.07270633
v -0.1014604 -0.009846686 0.07191055
v -0.09718785 -0.01033051 0.07366782
v -0.09670016 -0.01012799 0.07335693
v -0.09640271 -0.009883673 0.07330778
v -0.101127 -0.010229 0.07313277
v -0.1012499 -0.01008641 0.07210021
v -0.1010331 -0.009920035 0.07133177
v -0.09678631 -0.01019463 0.07270651
v -0.09649853 -0.009954152 0.07258451
v -0.1008654 -0.01015669 0.07157945
v -0.1004747 -0.009986244 0.07088768
v -0.09732716 -0.01044226 0.07261595
v -0.0970326 -0.0102519 0.07210007
v -0.09677224 -0.01001526 0.07191054
v -0.1007385 -0.01035122 0.07215258
v -0.1003632 -0.01022008 0.07118008
v -0.0998233 -0.01004004 0.07060851
v -0.097422 -0.01029477 0.07157961
v -0.09720523 -0.01006143 0.07133178
v -0.09977703 -0.01027168 0.07092889
v -0.0991232 -0.01007693 0.07051329
v -0.09795688 -0.01051271 0.07177424
v -0.09792837 -0.01031942 0.07118
v -0.0977681 -0.01008835 0.07088768
v -0.09992644 -0.01045854 0.07150672
v -0.09914745 -0.01030721 0.07084326
v -0.09842218 -0.0100936 0.07060853
v -0.09851669 -0.01032365 0.07092893
v -0.09890827 -0.01051877 0.07136823
v -0.09832407 -0.01064968 0.07228135
v -0.09899791 -0.01065347 0.0719938
v -0.09971883 -0.01060963 0.07209185
v -0.100294 -0.01053145 0.07254928
v -0.09787817 -0.01059956 0.07287733
v -0.09961723 -0.01066645 0.07287686
v -0.09891889 -0.01070909 0.07278188
v -0.100569 -0.0104417 0.07324333
v -0.09777952 -0.01051858 0.07362234
v -0.09988363 -0.01057767 0.07354909
v -0.1004704 -0.01036489 0.07398833
v -0.09918929 -0.01067089 0.0734618
v -0.09848703 -0.01066114 0.07335915
v -0.09805453 -0.01043017 0.07431637
v -0.1000245 -0.01032022 0.07458431
v -0.0994517 -0.0105321 0.07412635
v -0.09875342 -0.01057294 0.07403138
v -0.09862972 -0.01035741 0.07477382
v -0.09935063 -0.0103177 0.07487188
v -0.009275792 -0.01032124 0.07384453
v -2.103391E-08 -0.009554524 0.07751741
v -2.360368E-08 -0.01025587 0.07415704
v -0.009276548 -0.009620841 0.07713611
v -0.01828105 -0.01041411 0.07295867
v -0.009259407 -0.00899336 0.08078684
v -2.457075E-08 -0.008987426 0.0808211
v -2.084348E-08 -0.008824073 0.08290028
v -0.01825583 -0.009786177 0.07619634
v -0.0182074 -0.009118651 0.0800573
v -0.02770866 -0.01016666 0.07410274
v -0.02773209 -0.01072454 0.07085707
v -0.03794872 -0.01137068 0.06774554
v -0.02766719 -0.009406502 0.07839401
v -0.009259078 -0.008831334 0.08289956
v -0.01820012 -0.008838346 0.08289497
v -0.009259014 -0.008831336 0.08403423
v -2.318491E-08 -0.008824076 0.08403426
v -0.01819854 -0.008838346 0.0840342
v -0.02766644 -0.008845773 0.08403419
v -0.02766629 -0.008845772 0.0828868
v -0.0373665 -0.008853378 0.08403417
v -0.03736673 -0.008853376 0.08289148
v -0.04773948 -0.008855507 0.08403441
v -0.03740263 -0.009716816 0.07664138
v -0.04773967 -0.008855507 0.08286115
v -0.06707869 -0.008859471 0.08403488
v -0.04773213 -0.009918659 0.07555418
v -0.06707831 -0.00885947 0.08287288
v -0.07710291 -0.008861531 0.08403514
v -0.03771406 -0.01075632 0.07108148
v -0.04770153 -0.01114263 0.06928576
v -0.06704888 -0.01133484 0.06839482
v -0.04765993 -0.01199812 0.06482771
v -0.05725209 -0.01254934 0.06231836
v -0.06706871 -0.01011826 0.07449965
v -0.07710209 -0.008861534 0.0829223
v -0.08134849 -0.008846928 0.08288062
v -0.08098371 -0.008846927 0.08419216
v -0.08468159 -0.00882265 0.08456834
v -0.07710243 -0.01011178 0.07430261
v -0.09404033 -0.009753775 0.07489841
v -0.08543311 -0.008822654 0.08342736
v -0.08750584 -0.008798651 0.08564814
v -0.08834799 -0.008798649 0.08459643
v -0.09002011 -0.008764222 0.08725076
v -0.07710628 -0.01121693 0.06854474
v -0.07639427 -0.01253556 0.06248042
v -0.09416706 -0.01060497 0.06907105
v -0.0910721 -0.008764219 0.08608337
v -0.09255176 -0.00873427 0.08951216
v -0.09420811 -0.009026705 0.08166315
v -0.09377332 -0.008734277 0.0885817
v -0.0945047 -0.008703407 0.09269726
v -0.06672963 -0.01276083 0.06220626
v -0.06665281 -0.01291331 0.06069207
v -0.07637122 -0.0123908 0.0597905
v -0.09256689 -0.01203133 0.05916347
v -0.09324744 -0.01159461 0.06330937
v -0.1045958 -0.01077412 0.06390747
v -0.1042117 -0.01113523 0.0594469
v -0.1101277 -0.01056383 0.05969872
v -0.1050697 -0.009965251 0.06978568
v -0.1103442 -0.01004817 0.06419782
v -0.1159724 -0.00856199 0.05993688
v -0.1053501 -0.009260597 0.07546949
v -0.1102094 -0.009235674 0.07020961
v -0.1055614 -0.008733067 0.08159065
v -0.1098466 -0.00856357 0.07558675
v -0.1150888 -0.007815091 0.06429423
v -0.1135678 -0.007048069 0.07034088
v -0.1166236 -0.006084195 0.06413638
v -0.1184491 -0.006338841 0.05970789
v -0.112413 -0.006677624 0.07551485
v -0.1146542 -0.005173343 0.07054724
v -0.1175343 -0.00397724 0.06442873
v -0.1196264 -0.004300437 0.05957754
v -0.1184674 3.31086E-05 0.06400594
v -0.120355 -0.001600167 0.05951186
v -0.1204622 3.310902E-05 0.05953941
v -0.1157776 3.31079E-05 0.07081895
v -0.1134445 -0.004925407 0.07546049
v -0.1144859 3.310728E-05 0.07568294
v -0.1113131 -0.006484107 0.08133236
v -0.1123497 -0.004775689 0.08122262
v -0.1133597 3.310651E-05 0.08127018
v -0.1121362 3.310553E-05 0.08809823
v -0.1112301 -0.004689137 0.08803362
v -0.1110074 3.310457E-05 0.09475506
v -0.1094028 -0.008000092 0.08155037
v -0.1102252 -0.004593212 0.09469527
v -0.1101869 3.310368E-05 0.1007498
v -0.110183 -0.006459018 0.0881262
v -0.108826 -0.007658701 0.08834179
v -0.1092352 -0.006422591 0.09476362
v -0.1094918 -0.004499025 0.1006909
v -0.1055843 -0.008487805 0.08835649
v -0.1083252 -0.007370461 0.09494722
v -0.09591438 -0.008703403 0.09192889
v -0.1056242 -0.008388268 0.09494637
v -0.09730276 -0.008659948 0.09593396
v -0.09585872 -0.008659947 0.09634321
v -0.09663213 -0.008600037 0.1015494
v -0.1086244 -0.006275734 0.1007441
v -0.1090044 -0.004525493 0.1090706
v -0.1097268 3.31023E-05 0.1090775
v -0.1080038 -0.007044177 0.1009137
v -0.1081053 -0.006328139 0.1090681
v -0.098109 -0.008600038 0.1015786
v -0.0967437 -0.008597172 0.1100541
v -0.1056895 -0.008303546 0.100896
v -0.1082156 -0.004416324 0.2004619
v -0.1089497 3.308582E-05 0.2004657
v -0.1082917 -0.004449947 0.2928955
v -0.1090176 3.306831E-05 0.2928966
v -0.1089985 3.306697E-05 0.3004996
v -0.1074147 -0.006110857 0.2004438
v -0.09822277 -0.008593546 0.1100541
v -0.1056808 -0.008193012 0.1091451
v -0.1056656 -0.007866454 0.2004799
v -0.09822278 -0.008596883 0.20048
v -0.09674371 -0.008596882 0.20048
v -0.09674373 -0.008596923 0.2838833
v -0.1077291 -0.00681621 0.1091304
v -0.09815992 -0.008596929 0.2839084
v -0.09675388 -0.008596932 0.291756
v -0.1070161 -0.00667293 0.2004858
v -0.09814797 -0.008596932 0.2917614
v -0.09676405 -0.008596934 0.2996288
v -0.1051271 -0.008205783 0.292902
v -0.107493 -0.006202498 0.2928908
v -0.1070239 -0.006862876 0.292895
v -0.098136 -0.008596935 0.2996145
v -0.09665264 -0.008596936 0.3034531
v -0.1049447 -0.008263727 0.3006021
v -0.1047623 -0.008316504 0.3083021
v -0.09802176 -0.008596936 0.3037502
v -0.09646384 -0.008596936 0.307751
v -0.1044981 -0.0083172 0.3144045
v -0.09776565 -0.008596939 0.3082843
v -0.09590404 -0.00859694 0.3112517
v -0.1074787 -0.006208272 0.3004919
v -0.106878 -0.007033386 0.3005274
v -0.1049447 -0.008263727 0.3006021
v -0.0970693 -0.008596943 0.3119677
v -0.09443028 -0.008596948 0.3147079
v -0.103316 -0.008322584 0.319216
v -0.1082621 -0.004486935 0.3004959
v -0.1066788 -0.007171903 0.3081518
v -0.1047623 -0.008316504 0.3083021
v -0.1073422 -0.006296269 0.3080797
v -0.1081665 -0.004508316 0.30809
v -0.1089073 3.306565E-05 0.3081071
v -0.1062248 -0.007302274 0.3146532
v -0.1044981 -0.0083172 0.3144045
v -0.1068403 -0.006522377 0.3147881
v -0.1077995 -0.004420313 0.3149882
v -0.1084962 3.306452E-05 0.3150301
v -0.1068349 3.306384E-05 0.320628
v -0.106141 -0.004650014 0.3204077
v -0.1044104 3.306345E-05 0.3253276
v -0.1052422 -0.006649438 0.320122
v -0.1037856 -0.004689209 0.3249631
v -0.1046329 -0.00731326 0.320222
v -0.1029953 -0.006658325 0.3245008
v -0.1009876 -0.004621712 0.3291509
v -0.1015117 3.306324E-05 0.329631
v -0.09836388 3.306313E-05 0.3334278
v -0.1025623 -0.0072737 0.3243179
v -0.1002882 -0.006656006 0.3285033
v -0.101161 -0.008388375 0.3232769
v -0.1000309 -0.007149629 0.3282316
v -0.09733141 -0.006687122 0.3320144
v -0.0979028 -0.004779226 0.332792
v -0.09549244 -0.008596942 0.3156191
v -0.09223492 -0.008596946 0.3174334
v -0.09888373 -0.008304184 0.3272021
v -0.0931575 -0.008593747 0.3185191
v -0.08988717 -0.008596953 0.319465
v -0.09430353 -0.004822734 0.3360672
v -0.09464961 3.306321E-05 0.3368331
v -0.09703883 -0.007272499 0.3316399
v -0.09593647 -0.008336511 0.3305144
v -0.09593647 -0.008336511 0.3305144
v -0.090664 -0.008596949 0.320686
v -0.08697704 -0.008596952 0.3209823
v -0.092874 -0.008393374 0.3330106
v -0.09377617 -0.007297354 0.3345933
v -0.092874 -0.008393374 0.3330106
v -0.08758793 -0.008593748 0.3222841
v -0.08342012 -0.008596957 0.3216846
v -0.0891545 -0.008498224 0.3346828
v -0.08380481 -0.008593749 0.322983
v -0.07943276 -0.008596959 0.3217829
v -0.08480556 -0.008542701 0.3355279
v -0.07956825 -0.00859375 0.3230847
v -0.07701068 -0.008596958 0.321796
v -0.0799708 -0.008537142 0.3359122
v -0.07701041 -0.008596958 0.3231018
v -0.07700819 -0.008530241 0.3360362
v -0.0669523 -0.008596957 0.321796
v -0.07701041 -0.008596958 0.3231018
v -0.06695207 -0.008596957 0.3231046
v -0.07700819 -0.008530241 0.3360362
v -0.0576058 -0.00859696 0.3231071
v -0.057606 -0.00859696 0.321796
v -0.04754862 -0.008596964 0.3231098
v -0.04754876 -0.008596965 0.321796
v -0.05760428 -0.008523955 0.3360824
v -0.03714123 -0.008596963 0.3231127
v -0.03714134 -0.008596965 0.321796
v -0.02750158 -0.008596965 0.321796
v -0.06695022 -0.008528137 0.3360603
v -0.04754744 -0.008520081 0.3361064
v -0.0275015 -0.008596966 0.3231129
v -0.03714042 -0.008516475 0.3361313
v -0.01809504 -0.008596964 0.3231132
v -0.0180951 -0.008596963 0.321796
v -0.02750089 -0.008515983 0.3361334
v -0.009201141 -0.008596968 0.3231134
v -0.009201166 -0.008596967 0.321796
v -2.318055E-08 -0.00859697 0.3231137
v -2.318055E-08 -0.008596971 0.321796
v -0.009200941 -0.008515305 0.3361375
v -2.176281E-08 -0.008515047 0.3361395
v -2.418799E-08 -0.007570691 0.3386211
v -0.01809465 -0.008515602 0.3361355
v -0.009200495 -0.007577934 0.338611
v -2.29929E-08 -0.006975721 0.3392822
v -0.0180942 -0.007583668 0.3386025
v -0.009200648 -0.006975378 0.3392822
v -2.6196E-08 -0.004623672 0.3407383
v -0.02750047 -0.007589638 0.3385933
v -0.009200963 -0.004623723 0.3407381
v -2.302134E-08 3.307964E-05 0.3410883
v -0.009200963 3.307795E-05 0.3410902
v -0.01809436 -0.006973754 0.3392829
v -0.01809466 -0.004623737 0.3407375
v -0.01809468 3.307634E-05 0.3410921
v -0.03713975 -0.007595484 0.3385835
v -0.02750062 -0.006971977 0.3392831
v -0.02750092 -0.004623704 0.3407367
v -0.02750095 3.307464E-05 0.3410941
v -0.04754861 -0.007607227 0.3385644
v -0.03713983 -0.006969947 0.3392826
v -0.03714059 -0.004623577 0.3407355
v -0.03714049 3.307289E-05 0.3410962
v -0.05760745 -0.007617936 0.3385456
v -0.04755067 -0.006972055 0.3392771
v -0.04756879 -0.004632253 0.3407302
v -0.04758775 3.307099E-05 0.341085
v -0.06695524 -0.007626726 0.3385277
v -0.05761148 -0.006973781 0.3392709
v -0.05764587 -0.004640556 0.3407249
v -0.05768326 3.306917E-05 0.3410742
v -0.06696111 -0.006974656 0.3392636
v -0.0670105 -0.004648138 0.3407193
v -0.06706551 3.306738E-05 0.3416266
v -0.07716727 3.306556E-05 0.3415573
v -0.07701117 -0.007609475 0.3384919
v -0.0799708 -0.008537142 0.3359122
v -0.07708847 -0.004612179 0.3404886
v -0.07701761 -0.006956809 0.3392148
v -0.0801217 -0.007593162 0.338426
v -0.08480556 -0.008542701 0.3355279
v -0.08012336 -0.006946526 0.3391306
v -0.08021845 -0.004648383 0.34041
v -0.08031338 3.306502E-05 0.3414454
v -0.08541061 -0.007595556 0.3379599
v -0.0891545 -0.008498224 0.3346828
v -0.08538383 -0.006908173 0.3386959
v -0.08555409 -0.004655764 0.340028
v -0.08567247 3.306413E-05 0.3409077
v -0.09042799 3.306352E-05 0.3394197
v -0.09025468 -0.004699237 0.3385787
v -0.08999992 -0.006784853 0.3374368
v -0.08994316 -0.007516407 0.3366917
v -0.09386846 -0.006732073 0.3351351
v -0.09674373 -0.008596923 0.2838833
v -0.09674371 3.308803E-05 0.2004801
v -0.09674371 -0.008596882 0.20048
v -0.09674373 3.307232E-05 0.2838833
v -0.09675388 -0.008596932 0.291756
v -0.09675388 3.307094E-05 0.291756
v -0.09676405 -0.008596934 0.2996288
v -0.09676405 3.306956E-05 0.2996288
v -0.09665264 -0.008596936 0.3034531
v -0.09665264 3.30689E-05 0.3034531
v -0.09646384 -0.008596936 0.307751
v -0.09646383 3.306819E-05 0.307751
v -0.09590404 -0.00859694 0.3112517
v -0.09590404 3.306769E-05 0.3112517
v -0.09443028 -0.008596948 0.3147079
v -0.09443027 3.306733E-05 0.3147079
v -0.09223492 -0.008596946 0.3174334
v -0.09223491 3.306726E-05 0.3174334
v -0.08988717 -0.008596953 0.319465
v -0.08988717 3.306732E-05 0.3194651
v -0.08697704 -0.008596952 0.3209823
v -0.08697704 3.306758E-05 0.3209823
v -0.08342012 -0.008596957 0.3216846
v -0.08342011 3.306811E-05 0.3216846
v -0.07943276 -0.008596959 0.3217829
v -0.07943276 3.306883E-05 0.3217829
v -0.07701068 -0.008596958 0.321796
v -0.07701065 3.306925E-05 0.321796
v -0.0669523 -0.008596957 0.321796
v -0.0669523 3.307107E-05 0.321796
v -0.057606 -0.00859696 0.321796
v -0.05760598 3.307277E-05 0.321796
v -0.04754876 -0.008596965 0.321796
v -0.04754877 3.307458E-05 0.321796
v -0.03714134 -0.008596965 0.321796
v -0.03714135 3.307647E-05 0.321796
v -0.02750158 -0.008596965 0.321796
v -0.02750158 3.307822E-05 0.321796
v -0.0180951 -0.008596963 0.321796
v -0.01809509 3.307993E-05 0.321796
v -0.009201166 -0.008596967 0.321796
v -0.009201161 3.308153E-05 0.321796
v -2.318055E-08 -0.008596971 0.321796
v -2.302134E-08 3.308323E-05 0.321796
v -0.09674371 -0.008596882 0.20048
v -0.09674371 3.308803E-05 0.2004801
v -0.09668974 3.31045E-05 0.1100545
v -0.0967437 -0.008597172 0.1100541
v -0.09660116 3.3106E-05 0.1015521
v -0.09663213 -0.008600037 0.1015494
v -0.09585871 3.310704E-05 0.09634322
v -0.09585872 -0.008659947 0.09634321
v -0.09450468 3.310793E-05 0.09269729
v -0.0945047 -0.008703407 0.09269726
v -0.09255175 3.310883E-05 0.08951218
v -0.09255176 -0.00873427 0.08951216
v -0.09002011 3.310969E-05 0.08725078
v -0.09002011 -0.008764222 0.08725076
v -0.08750583 3.311042E-05 0.08564814
v -0.08750584 -0.008798651 0.08564814
v -0.08468156 3.311113E-05 0.08456837
v -0.08468159 -0.00882265 0.08456834
v -0.08098369 3.311186E-05 0.08419216
v -0.08098371 -0.008846927 0.08419216
v -0.0771029 3.311259E-05 0.08403515
v -0.07710291 -0.008861531 0.08403514
v -0.06707868 3.311441E-05 0.08403491
v -0.06707869 -0.008859471 0.08403488
v -0.04773948 3.311791E-05 0.08403444
v -0.04773948 -0.008855507 0.08403441
v -0.0373665 3.311979E-05 0.08403417
v -0.0373665 -0.008853378 0.08403417
v -0.02766644 3.312155E-05 0.0840342
v -0.02766644 -0.008845773 0.08403419
v -0.01819854 3.312326E-05 0.08403423
v -0.01819854 -0.008838346 0.0840342
v -0.009259004 3.312488E-05 0.08403425
v -0.009259014 -0.008831336 0.08403423
v -2.302132E-08 3.312658E-05 0.08403426
v -2.318491E-08 -0.008824076 0.08403426
v 0.009275752 -0.01032123 0.07384453
v -2.360368E-08 -0.01025587 0.07415704
v -2.103391E-08 -0.009554524 0.07751741
v 0.009276511 -0.009620838 0.07713611
v 0.01828101 -0.0104141 0.07295867
v 0.009259364 -0.008993356 0.08078684
v -2.457075E-08 -0.008987426 0.0808211
v -2.084348E-08 -0.008824073 0.08290028
v 0.01825578 -0.009786172 0.07619634
v 0.01820735 -0.009118645 0.0800573
v 0.02770862 -0.01016665 0.07410274
v 0.02773206 -0.01072453 0.07085707
v 0.03794868 -0.01137067 0.06774554
v 0.02766716 -0.009406491 0.07839401
v 0.009259042 -0.008831332 0.08289956
v 0.01820008 -0.00883834 0.08289497
v 0.009258973 -0.008831333 0.08403423
v -2.318491E-08 -0.008824076 0.08403426
v 0.0181985 -0.00883834 0.0840342
v 0.0276664 -0.00884576 0.08403419
v 0.02766625 -0.00884576 0.0828868
v 0.03736646 -0.008853365 0.08403417
v 0.03736668 -0.008853363 0.08289148
v 0.04773945 -0.008855489 0.08403441
v 0.03740259 -0.009716803 0.07664138
v 0.04773962 -0.008855488 0.08286115
v 0.06707864 -0.008859448 0.08403488
v 0.04773209 -0.009918641 0.07555418
v 0.06707826 -0.008859446 0.08287288
v 0.07710287 -0.008861502 0.08403514
v 0.03771403 -0.01075631 0.07108148
v 0.0477015 -0.01114261 0.06928576
v 0.06704883 -0.01133481 0.06839482
v 0.04765989 -0.0119981 0.06482771
v 0.05725205 -0.01254932 0.06231836
v 0.06706867 -0.01011824 0.07449965
v 0.07710204 -0.008861504 0.0829223
v 0.08134844 -0.008846898 0.08288062
v 0.08098366 -0.008846897 0.08419216
v 0.08468153 -0.008822618 0.08456834
v 0.07710238 -0.01011175 0.07430261
v 0.09404027 -0.00975374 0.07489841
v 0.08543307 -0.008822622 0.08342736
v 0.08750579 -0.008798621 0.08564814
v 0.08834794 -0.008798618 0.08459643
v 0.09002007 -0.00876419 0.08725076
v 0.07710623 -0.0112169 0.06854474
v 0.07639422 -0.01253553 0.06248042
v 0.09416702 -0.01060494 0.06907105
v 0.09107205 -0.008764186 0.08608337
v 0.09255171 -0.008734236 0.08951216
v 0.09420807 -0.009026671 0.08166315
v 0.09377328 -0.008734243 0.0885817
v 0.09450465 -0.008703373 0.09269726
v 0.06672958 -0.01276081 0.06220626
v 0.06665276 -0.01291329 0.06069207
v 0.07637116 -0.01239077 0.0597905
v 0.09256685 -0.0120313 0.05916347
v 0.0932474 -0.01159458 0.06330937
v 0.1045957 -0.01077409 0.06390747
v 0.1042117 -0.01113519 0.0594469
v 0.1101276 -0.01056379 0.05969872
v 0.1050696 -0.009965213 0.06978568
v 0.1103442 -0.01004813 0.06419782
v 0.1159724 -0.008561949 0.05993688
v 0.1053501 -0.009260558 0.07546949
v 0.1102094 -0.009235634 0.07020961
v 0.1055614 -0.008733029 0.08159065
v 0.1098465 -0.008563529 0.07558675
v 0.1150888 -0.007815049 0.06429423
v 0.1135678 -0.007048028 0.07034088
v 0.1166235 -0.006084152 0.06413638
v 0.118449 -0.006338798 0.05970789
v 0.1124129 -0.006677584 0.07551485
v 0.1146541 -0.005173301 0.07054724
v 0.1175343 -0.003977198 0.06442873
v 0.1196263 -0.004300394 0.05957754
v 0.1184673 3.315157E-05 0.06400594
v 0.1203549 -0.001600123 0.05951186
v 0.1204622 3.315271E-05 0.05953941
v 0.1157776 3.314988E-05 0.07081895
v 0.1134445 -0.004925366 0.07546049
v 0.1144859 3.31488E-05 0.07568294
v 0.111313 -0.006484066 0.08133236
v 0.1123496 -0.004775648 0.08122262
v 0.1133597 3.314762E-05 0.08127018
v 0.1121362 3.31462E-05 0.08809823
v 0.1112301 -0.004689096 0.08803362
v 0.1110073 3.314484E-05 0.09475506
v 0.1094027 -0.008000052 0.08155037
v 0.1102252 -0.004593171 0.09469527
v 0.1101869 3.314364E-05 0.1007498
v 0.110183 -0.006458978 0.0881262
v 0.1088259 -0.007658662 0.08834179
v 0.1092351 -0.006422551 0.09476362
v 0.1094917 -0.004498985 0.1006909
v 0.1055843 -0.008487766 0.08835649
v 0.1083252 -0.007370422 0.09494722
v 0.09591433 -0.008703369 0.09192889
v 0.1056241 -0.008388229 0.09494637
v 0.09730271 -0.008659911 0.09593396
v 0.09585867 -0.008659912 0.09634321
v 0.09663208 -0.008600002 0.1015494
v 0.1086243 -0.006275695 0.1007441
v 0.1090043 -0.004525453 0.1090706
v 0.1097268 3.31421E-05 0.1090775
v 0.1080038 -0.007044138 0.1009137
v 0.1081052 -0.0063281 0.1090681
v 0.09810895 -0.008600002 0.1015786
v 0.09674365 -0.008597136 0.1100541
v 0.1056894 -0.008303507 0.100896
v 0.1082156 -0.004416284 0.2004619
v 0.1089497 3.312534E-05 0.2004657
v 0.1082917 -0.004449908 0.2928955
v 0.1090176 3.310782E-05 0.2928966
v 0.1089985 3.310649E-05 0.3004996
v 0.1074147 -0.00611082 0.2004438
v 0.09822272 -0.00859351 0.1100541
v 0.1056808 -0.008192974 0.1091451
v 0.1056656 -0.007866416 0.2004799
v 0.09822275 -0.008596848 0.20048
v 0.09674367 -0.008596848 0.20048
v 0.09674371 -0.008596892 0.2838833
v 0.107729 -0.006816172 0.1091304
v 0.09815989 -0.00859689 0.2839084
v 0.09675384 -0.008596894 0.291756
v 0.1070161 -0.006672893 0.2004858
v 0.09814795 -0.008596892 0.2917614
v 0.09676401 -0.008596901 0.2996288
v 0.1074929 -0.006202458 0.2928908
v 0.1070239 -0.006862838 0.292895
v 0.1051271 -0.008205742 0.292902
v 0.09813598 -0.008596898 0.2996145
v 0.09665262 -0.008596906 0.3034531
v 0.1049447 -0.008263686 0.3006021
v 0.1047623 -0.008316468 0.3083021
v 0.09802171 -0.008596899 0.3037502
v 0.09646377 -0.0085969 0.307751
v 0.1044981 -0.008317163 0.3144045
v 0.09776561 -0.0085969 0.3082843
v 0.09590397 -0.008596909 0.3112517
v 0.1074787 -0.006208233 0.3004919
v 0.106878 -0.007033348 0.3005274
v 0.1049447 -0.008263686 0.3006021
v 0.09706926 -0.008596905 0.3119677
v 0.09443022 -0.00859691 0.3147079
v 0.103316 -0.008322545 0.319216
v 0.1082621 -0.004486897 0.3004959
v 0.1066788 -0.007171863 0.3081518
v 0.1047623 -0.008316468 0.3083021
v 0.1073421 -0.006296231 0.3080797
v 0.1081665 -0.004508278 0.30809
v 0.1089073 3.310517E-05 0.3081071
v 0.1062248 -0.007302234 0.3146532
v 0.1044981 -0.008317163 0.3144045
v 0.1068403 -0.00652234 0.3147881
v 0.1077994 -0.004420274 0.3149882
v 0.1084961 3.310386E-05 0.3150301
v 0.1068349 3.310258E-05 0.320628
v 0.106141 -0.004649974 0.3204077
v 0.1044104 3.310133E-05 0.3253276
v 0.1052421 -0.006649401 0.320122
v 0.1037855 -0.004689172 0.3249631
v 0.1046329 -0.007313223 0.320222
v 0.1029952 -0.006658289 0.3245008
v 0.1009876 -0.004621676 0.3291509
v 0.1015117 3.310004E-05 0.329631
v 0.09836384 3.309883E-05 0.3334278
v 0.1025623 -0.007273663 0.3243179
v 0.1002881 -0.006655971 0.3285033
v 0.101161 -0.008388339 0.3232769
v 0.1000309 -0.007149594 0.3282316
v 0.09733138 -0.006687089 0.3320144
v 0.09790275 -0.004779192 0.332792
v 0.09549236 -0.008596912 0.3156191
v 0.09223484 -0.008596911 0.3174334
v 0.09888371 -0.008304151 0.3272021
v 0.09315743 -0.008593708 0.3185191
v 0.08988712 -0.008596916 0.319465
v 0.09430346 -0.0048227 0.3360672
v 0.09464954 3.309755E-05 0.3368331
v 0.09703879 -0.007272463 0.3316399
v 0.0959364 -0.00833648 0.3305144
v 0.0959364 -0.00833648 0.3305144
v 0.09066394 -0.008596919 0.320686
v 0.08697698 -0.008596921 0.3209823
v 0.09287393 -0.008393338 0.3330106
v 0.09377611 -0.007297317 0.3345933
v 0.09287393 -0.008393338 0.3330106
v 0.08758787 -0.008593717 0.3222841
v 0.08342005 -0.008596924 0.3216846
v 0.08915444 -0.008498192 0.3346828
v 0.08380474 -0.008593719 0.322983
v 0.07943269 -0.008596927 0.3217829
v 0.08480551 -0.008542667 0.3355279
v 0.07956818 -0.008593717 0.3230847
v 0.07701061 -0.008596927 0.321796
v 0.07997073 -0.008537114 0.3359122
v 0.07701034 -0.008596927 0.3231018
v 0.07700812 -0.008530212 0.3360362
v 0.06695224 -0.008596935 0.321796
v 0.07701034 -0.008596927 0.3231018
v 0.06695201 -0.008596935 0.3231046
v 0.07700812 -0.008530212 0.3360362
v 0.05760573 -0.00859694 0.3231071
v 0.05760594 -0.008596937 0.321796
v 0.04754858 -0.008596944 0.3231098
v 0.04754872 -0.008596941 0.321796
v 0.05760422 -0.008523933 0.3360824
v 0.0371412 -0.008596949 0.3231127
v 0.0371413 -0.008596948 0.321796
v 0.02750153 -0.008596952 0.321796
v 0.06695017 -0.008528114 0.3360603
v 0.0475474 -0.008520062 0.3361064
v 0.02750147 -0.008596953 0.3231129
v 0.03714037 -0.00851646 0.3361313
v 0.01809499 -0.008596961 0.3231132
v 0.01809505 -0.008596961 0.321796
v 0.02750085 -0.008515971 0.3361334
v 0.009201099 -0.008596966 0.3231134
v 0.009201124 -0.008596966 0.321796
v -2.318055E-08 -0.00859697 0.3231137
v -2.318055E-08 -0.008596971 0.321796
v 0.009200905 -0.008515302 0.3361375
v -2.176281E-08 -0.008515047 0.3361395
v -2.418799E-08 -0.007570691 0.3386211
v 0.01809461 -0.008515595 0.3361355
v 0.009200458 -0.00757793 0.338611
v -2.29929E-08 -0.006975721 0.3392822
v 0.01809416 -0.007583664 0.3386025
v 0.009200608 -0.006975374 0.3392822
v -2.6196E-08 -0.004623672 0.3407383
v 0.02750041 -0.007589628 0.3385933
v 0.009200916 -0.00462372 0.3407381
v -2.302134E-08 3.307964E-05 0.3410883
v 0.009200916 3.308133E-05 0.3410902
v 0.01809432 -0.006973748 0.3392829
v 0.01809462 -0.004623732 0.3407375
v 0.01809463 3.308294E-05 0.3410921
v 0.03713969 -0.00759547 0.3385835
v 0.02750055 -0.006971968 0.3392831
v 0.02750087 -0.004623695 0.3407367
v 0.02750088 3.308464E-05 0.3410941
v 0.04754855 -0.007607209 0.3385644
v 0.03713978 -0.006969932 0.3392826
v 0.03714053 -0.004623562 0.3407355
v 0.03714044 3.308639E-05 0.3410962
v 0.05760738 -0.007617916 0.3385456
v 0.04755061 -0.006972037 0.3392771
v 0.04756873 -0.004632238 0.3407302
v 0.0475877 3.308829E-05 0.341085
v 0.06695518 -0.007626701 0.3385277
v 0.05761141 -0.006973759 0.3392709
v 0.0576458 -0.004640535 0.3407249
v 0.05768319 3.309011E-05 0.3410742
v 0.06696104 -0.006974631 0.3392636
v 0.06701044 -0.004648111 0.3407193
v 0.06706545 3.309172E-05 0.3416266
v 0.0771672 3.309355E-05 0.3415573
v 0.07701109 -0.007609448 0.3384919
v 0.07997073 -0.008537114 0.3359122
v 0.07708839 -0.004612152 0.3404886
v 0.07701754 -0.006956782 0.3392148
v 0.08012163 -0.007593134 0.338426
v 0.08480551 -0.008542667 0.3355279
v 0.0801233 -0.006946496 0.3391306
v 0.08021839 -0.004648354 0.34041
v 0.08031332 3.309414E-05 0.3414454
v 0.08541056 -0.007595522 0.3379599
v 0.08915444 -0.008498192 0.3346828
v 0.08538377 -0.006908142 0.3386959
v 0.08555404 -0.004655732 0.340028
v 0.08567242 3.309521E-05 0.3409077
v 0.09042792 3.309633E-05 0.3394197
v 0.09025461 -0.004699204 0.3385787
v 0.08999986 -0.006784819 0.3374368
v 0.0899431 -0.007516374 0.3366917
v 0.09386839 -0.006732039 0.3351351
v 0.09674371 -0.008596892 0.2838833
v 0.09674367 -0.008596848 0.20048
v 0.09674367 3.312312E-05 0.2004801
v 0.09674367 3.310739E-05 0.2838833
v 0.09675384 -0.008596894 0.291756
v 0.09675384 3.310603E-05 0.291756
v 0.09676401 -0.008596901 0.2996288
v 0.09676401 3.310464E-05 0.2996288
v 0.09665262 -0.008596906 0.3034531
v 0.09665262 3.310396E-05 0.3034531
v 0.09646377 -0.0085969 0.307751
v 0.09646376 3.310317E-05 0.307751
v 0.09590397 -0.008596909 0.3112517
v 0.09590397 3.310246E-05 0.3112517
v 0.09443022 -0.00859691 0.3147079
v 0.0944302 3.310161E-05 0.3147079
v 0.09223484 -0.008596911 0.3174334
v 0.09223484 3.310072E-05 0.3174334
v 0.08988712 -0.008596916 0.319465
v 0.08988712 3.309995E-05 0.3194651
v 0.08697698 -0.008596921 0.3209823
v 0.08697698 3.309915E-05 0.3209823
v 0.08342005 -0.008596924 0.3216846
v 0.08342005 3.309838E-05 0.3216846
v 0.07943269 -0.008596927 0.3217829
v 0.07943269 3.309763E-05 0.3217829
v 0.07701061 -0.008596927 0.321796
v 0.07701059 3.30972E-05 0.321796
v 0.06695224 -0.008596935 0.321796
v 0.06695224 3.309538E-05 0.321796
v 0.05760594 -0.008596937 0.321796
v 0.05760592 3.309368E-05 0.321796
v 0.04754872 -0.008596941 0.321796
v 0.0475487 3.309187E-05 0.321796
v 0.0371413 -0.008596948 0.321796
v 0.03714129 3.308998E-05 0.321796
v 0.02750153 -0.008596952 0.321796
v 0.02750153 3.308823E-05 0.321796
v 0.01809505 -0.008596961 0.321796
v 0.01809505 3.308652E-05 0.321796
v 0.009201124 -0.008596966 0.321796
v 0.009201109 3.308492E-05 0.321796
v -2.318055E-08 -0.008596971 0.321796
v -2.302134E-08 3.308323E-05 0.321796
v 0.09674367 -0.008596848 0.20048
v 0.09668969 3.313957E-05 0.1100545
v 0.09674367 3.312312E-05 0.2004801
v 0.09674365 -0.008597136 0.1100541
v 0.09660111 3.314104E-05 0.1015521
v 0.09663208 -0.008600002 0.1015494
v 0.09585866 3.314182E-05 0.09634322
v 0.09585867 -0.008659912 0.09634321
v 0.09450464 3.314221E-05 0.09269729
v 0.09450465 -0.008703373 0.09269726
v 0.0925517 3.314241E-05 0.08951218
v 0.09255171 -0.008734236 0.08951216
v 0.09002006 3.314235E-05 0.08725078
v 0.09002007 -0.00876419 0.08725076
v 0.08750579 3.314218E-05 0.08564814
v 0.08750579 -0.008798621 0.08564814
v 0.08468152 3.314185E-05 0.08456837
v 0.08468153 -0.008822618 0.08456834
v 0.08098365 3.314125E-05 0.08419216
v 0.08098366 -0.008846897 0.08419216
v 0.07710286 3.314057E-05 0.08403515
v 0.07710287 -0.008861502 0.08403514
v 0.06707863 3.313875E-05 0.08403491
v 0.06707864 -0.008859448 0.08403488
v 0.04773944 3.313525E-05 0.08403444
v 0.04773945 -0.008855489 0.08403441
v 0.03736645 3.313337E-05 0.08403417
v 0.03736646 -0.008853365 0.08403417
v 0.02766639 3.313162E-05 0.0840342
v 0.0276664 -0.00884576 0.08403419
v 0.01819848 3.31299E-05 0.08403423
v 0.0181985 -0.00883834 0.0840342
v 0.00925896 3.312828E-05 0.08403425
v 0.009258973 -0.008831333 0.08403423
v -2.302132E-08 3.312658E-05 0.08403426
v -2.318491E-08 -0.008824076 0.08403426
v -0.009275795 0.01038749 0.07384453
v -2.707698E-08 0.01032213 0.07415704
v -2.427046E-08 0.009620781 0.07751741
v -0.009276551 0.009687095 0.07713611
v -0.01828106 0.01048036 0.07295867
v -0.00925941 0.009059613 0.08078684
v -2.761585E-08 0.00905368 0.0808211
v -2.383344E-08 0.008890327 0.08290028
v -0.01825583 0.009852428 0.07619634
v -0.0182074 0.0091849 0.0800573
v -0.02770866 0.0102329 0.07410274
v -0.0277321 0.01079078 0.07085707
v -0.03794872 0.01143693 0.06774554
v -0.0276672 0.009472747 0.07839401
v -0.009259081 0.008897586 0.08289956
v -0.01820012 0.008904592 0.08289497
v -0.009259017 0.008897586 0.08403423
v -2.617487E-08 0.008890326 0.08403426
v -0.01819854 0.008904593 0.0840342
v -0.02766645 0.008912014 0.08403419
v -0.0276663 0.008912013 0.0828868
v -0.03736651 0.008919615 0.08403417
v -0.03736673 0.008919616 0.08289148
v -0.04773949 0.008921741 0.08403441
v -0.03740263 0.009783059 0.07664138
v -0.04773967 0.008921742 0.08286115
v -0.06707869 0.008925701 0.08403488
v -0.04773214 0.009984898 0.07555418
v -0.06707831 0.0089257 0.08287288
v -0.07710291 0.008927754 0.08403514
v -0.03771407 0.01082257 0.07108148
v -0.04770154 0.01120887 0.06928576
v -0.06704888 0.01140107 0.06839482
v -0.04765993 0.01206436 0.06482771
v -0.05725209 0.01261559 0.06231836
v -0.06706871 0.0101845 0.07449965
v -0.07710209 0.008927757 0.0829223
v -0.08134849 0.008913149 0.08288062
v -0.08098371 0.008913149 0.08419216
v -0.08468159 0.00888887 0.08456834
v -0.07710243 0.01017801 0.07430261
v -0.09404033 0.009819998 0.07489841
v -0.08543311 0.008888874 0.08342736
v -0.08750584 0.008864871 0.08564814
v -0.08834799 0.008864871 0.08459643
v -0.09002011 0.008830441 0.08725076
v -0.07710628 0.01128316 0.06854474
v -0.07639427 0.01260179 0.06248042
v -0.09416706 0.0106712 0.06907105
v -0.0910721 0.008830437 0.08608337
v -0.09255176 0.008800488 0.08951216
v -0.09420811 0.009092925 0.08166315
v -0.09377332 0.008800494 0.0885817
v -0.0945047 0.00876962 0.09269726
v -0.06672963 0.01282707 0.06220626
v -0.06665281 0.01297955 0.06069207
v -0.07637122 0.01245703 0.0597905
v -0.09256689 0.01209756 0.05916347
v -0.09324744 0.01166084 0.06330937
v -0.1045958 0.01084035 0.06390747
v -0.1042117 0.01120145 0.0594469
v -0.1101277 0.01063005 0.05969872
v -0.1050697 0.01003147 0.06978568
v -0.1103442 0.01011439 0.06419782
v -0.1159724 0.008628211 0.05993688
v -0.1053501 0.009326815 0.07546949
v -0.1102094 0.009301892 0.07020961
v -0.1055614 0.008799284 0.08159065
v -0.1098466 0.008629786 0.07558675
v -0.1150888 0.007881311 0.06429423
v -0.1135678 0.007114286 0.07034088
v -0.1166236 0.006150412 0.06413638
v -0.1184491 0.00640506 0.05970789
v -0.112413 0.006743841 0.07551485
v -0.1146542 0.005239561 0.07054724
v -0.1175343 0.004043458 0.06442873
v -0.1196264 0.004366656 0.05957754
v -0.1184674 3.31086E-05 0.06400594
v -0.120355 0.001666385 0.05951186
v -0.1204622 3.310902E-05 0.05953941
v -0.1157776 3.31079E-05 0.07081895
v -0.1134445 0.004991624 0.07546049
v -0.1144859 3.310728E-05 0.07568294
v -0.1113131 0.006550322 0.08133236
v -0.1123497 0.004841904 0.08122262
v -0.1133597 3.310651E-05 0.08127018
v -0.1121362 3.310553E-05 0.08809823
v -0.1112301 0.004755349 0.08803362
v -0.1110074 3.310457E-05 0.09475506
v -0.1094028 0.008066307 0.08155037
v -0.1102252 0.004659422 0.09469527
v -0.1101869 3.310368E-05 0.1007498
v -0.110183 0.00652523 0.0881262
v -0.108826 0.007724914 0.08834179
v -0.1092352 0.006488802 0.09476362
v -0.1094918 0.004565234 0.1006909
v -0.1055843 0.008554018 0.08835649
v -0.1083252 0.007436673 0.09494722
v -0.09591438 0.008769618 0.09192889
v -0.1056242 0.00845448 0.09494637
v -0.09730276 0.00872616 0.09593396
v -0.09585872 0.008726161 0.09634321
v -0.09663213 0.008666248 0.1015494
v -0.1086244 0.006341943 0.1007441
v -0.1090044 0.004591699 0.1090706
v -0.1097268 3.31023E-05 0.1090775
v -0.1080038 0.007110385 0.1009137
v -0.1081053 0.006394344 0.1090681
v -0.098109 0.008666249 0.1015786
v -0.0967437 0.008663376 0.1100541
v -0.1056895 0.008369755 0.100896
v -0.1082156 0.004482497 0.2004619
v -0.1089497 3.308582E-05 0.2004657
v -0.1082917 0.004516085 0.2928955
v -0.1090176 3.306831E-05 0.2928966
v -0.1089985 3.306697E-05 0.3004996
v -0.1074147 0.006177031 0.2004438
v -0.09822277 0.008659752 0.1100541
v -0.1056808 0.008259218 0.1091451
v -0.1056656 0.00793263 0.2004799
v -0.09822278 0.008663059 0.20048
v -0.09674371 0.008663061 0.20048
v -0.09674373 0.008663075 0.2838833
v -0.1077291 0.006882417 0.1091304
v -0.09815992 0.00866307 0.2839084
v -0.09675388 0.008663074 0.291756
v -0.1070161 0.006739104 0.2004858
v -0.09814797 0.008663074 0.2917614
v -0.09676405 0.008663079 0.2996288
v -0.107493 0.006268634 0.2928908
v -0.1070239 0.006929015 0.292895
v -0.1051271 0.008271923 0.292902
v -0.098136 0.008663078 0.2996145
v -0.09665264 0.00866308 0.3034531
v -0.1049447 0.008329864 0.3006021
v -0.1047623 0.008382642 0.3083021
v -0.09802176 0.008663079 0.3037502
v -0.09646384 0.008663081 0.307751
v -0.1044981 0.008383335 0.3144045
v -0.09776565 0.008663078 0.3082843
v -0.09590404 0.008663082 0.3112517
v -0.1074787 0.006274404 0.3004919
v -0.106878 0.007099523 0.3005274
v -0.1049447 0.008329864 0.3006021
v -0.0970693 0.008663079 0.3119677
v -0.09443028 0.008663079 0.3147079
v -0.103316 0.008388716 0.319216
v -0.1082621 0.004553067 0.3004959
v -0.1066788 0.007238035 0.3081518
v -0.1047623 0.008382642 0.3083021
v -0.1073422 0.006362402 0.3080797
v -0.1081665 0.004574448 0.30809
v -0.1089073 3.306565E-05 0.3081071
v -0.1062248 0.007368403 0.3146532
v -0.1044981 0.008383335 0.3144045
v -0.1068403 0.006588509 0.3147882
v -0.1077995 0.004486443 0.3149882
v -0.1084962 3.306452E-05 0.3150301
v -0.1068349 3.306384E-05 0.320628
v -0.106141 0.004716141 0.3204077
v -0.1044104 3.306345E-05 0.3253276
v -0.1052422 0.006715567 0.320122
v -0.1037856 0.004755336 0.3249631
v -0.1046329 0.007379393 0.320222
v -0.1029953 0.006724454 0.3245008
v -0.1009876 0.004687839 0.329151
v -0.1015117 3.306324E-05 0.329631
v -0.09836388 3.306313E-05 0.3334278
v -0.1025623 0.007339829 0.3243179
v -0.1002882 0.006722135 0.3285033
v -0.101161 0.008454512 0.3232769
v -0.1000309 0.007215758 0.3282316
v -0.09733141 0.006753248 0.3320144
v -0.0979028 0.004845353 0.332792
v -0.09549244 0.008663083 0.3156191
v -0.09223492 0.008663085 0.3174334
v -0.09888373 0.008370318 0.3272022
v -0.0931575 0.008659879 0.3185191
v -0.08988717 0.008663082 0.3194651
v -0.09430353 0.00488886 0.3360672
v -0.09464961 3.306321E-05 0.3368331
v -0.09703883 0.007338625 0.3316399
v -0.09593647 0.008402646 0.3305144
v -0.09593647 0.008402646 0.3305144
v -0.090664 0.008663088 0.320686
v -0.08697704 0.008663092 0.3209823
v -0.092874 0.008459504 0.3330106
v -0.09377617 0.007363479 0.3345933
v -0.092874 0.008459504 0.3330106
v -0.08758793 0.008659885 0.3222841
v -0.08342012 0.008663096 0.3216846
v -0.0891545 0.008564358 0.3346828
v -0.08380481 0.008659886 0.3229831
v -0.07943276 0.0086631 0.3217829
v -0.08480556 0.008608829 0.3355279
v -0.07956825 0.008659885 0.3230847
v -0.07701068 0.008663096 0.321796
v -0.0799708 0.008603278 0.3359122
v -0.07701041 0.008663096 0.3231018
v -0.07700819 0.008596377 0.3360363
v -0.0669523 0.008663105 0.321796
v -0.07701041 0.008663096 0.3231018
v -0.06695207 0.008663103 0.3231046
v -0.07700819 0.008596377 0.3360363
v -0.0576058 0.008663109 0.3231071
v -0.057606 0.008663108 0.321796
v -0.04754864 0.008663114 0.3231098
v -0.04754879 0.008663114 0.321796
v -0.05760428 0.008590094 0.3360824
v -0.03714126 0.00866312 0.3231127
v -0.03714137 0.008663119 0.321796
v -0.02750159 0.008663123 0.321796
v -0.06695022 0.008594279 0.3360603
v -0.04754746 0.008586224 0.3361064
v -0.02750152 0.008663122 0.3231129
v -0.03714044 0.008582623 0.3361313
v -0.01809505 0.008663131 0.3231132
v -0.0180951 0.008663132 0.321796
v -0.0275009 0.008582133 0.3361335
v -0.009201143 0.008663136 0.3231134
v -0.009201168 0.008663137 0.321796
v -2.609383E-08 0.008663138 0.3231137
v -2.609383E-08 0.008663142 0.321796
v -0.009200941 0.008581466 0.3361375
v -2.464844E-08 0.008581208 0.3361395
v -2.675482E-08 0.007636853 0.3386211
v -0.01809465 0.008581761 0.3361355
v -0.009200502 0.007644091 0.338611
v -2.535889E-08 0.007041881 0.3392822
v -0.01809421 0.007649824 0.3386025
v -0.009200652 0.007041535 0.3392822
v -2.7768E-08 0.004689831 0.3407383
v -0.02750046 0.007655789 0.3385933
v -0.009200964 0.004689881 0.3407381
v -2.302134E-08 3.307964E-05 0.3410883
v -0.009200963 3.307795E-05 0.3410902
v -0.01809436 0.007039909 0.3392829
v -0.01809468 0.004689889 0.3407376
v -0.01809468 3.307634E-05 0.3410921
v -0.03713975 0.00766163 0.3385835
v -0.02750061 0.007038129 0.3392831
v -0.02750092 0.004689853 0.3407367
v -0.02750095 3.307464E-05 0.3410941
v -0.04754861 0.007673369 0.3385645
v -0.03713983 0.007036092 0.3392826
v -0.03714059 0.004689721 0.3407355
v -0.03714049 3.307289E-05 0.3410962
v -0.05760745 0.007684077 0.3385456
v -0.04755067 0.007038197 0.3392771
v -0.04756879 0.004698396 0.3407302
v -0.04758775 3.307099E-05 0.341085
v -0.06695524 0.007692862 0.3385277
v -0.05761148 0.007039919 0.3392709
v -0.05764587 0.004706693 0.3407249
v -0.05768326 3.306917E-05 0.3410742
v -0.06696111 0.007040792 0.3392636
v -0.0670105 0.004714271 0.3407193
v -0.06706551 3.306738E-05 0.3416266
v -0.07716727 3.306556E-05 0.3415573
v -0.07701117 0.007675608 0.3384919
v -0.0799708 0.008603278 0.3359122
v -0.07708847 0.00467831 0.3404886
v -0.07701761 0.007022941 0.3392149
v -0.0801217 0.007659292 0.338426
v -0.08480556 0.008608829 0.3355279
v -0.08012336 0.007012657 0.3391306
v -0.08021845 0.004714514 0.3404101
v -0.08031338 3.306502E-05 0.3414454
v -0.08541061 0.007661683 0.3379599
v -0.0891545 0.008564358 0.3346828
v -0.08538383 0.006974301 0.3386959
v -0.08555409 0.004721892 0.340028
v -0.08567247 3.306413E-05 0.3409077
v -0.09042799 3.306352E-05 0.3394197
v -0.09025468 0.004765364 0.3385788
v -0.08999992 0.00685098 0.3374368
v -0.08994316 0.007582533 0.3366917
v -0.09386846 0.0067982 0.3351351
v -0.09674373 0.008663075 0.2838833
v -0.09674371 0.008663061 0.20048
v -0.09674371 3.308803E-05 0.2004801
v -0.09674373 3.307232E-05 0.2838833
v -0.09675388 0.008663074 0.291756
v -0.09675388 3.307094E-05 0.291756
v -0.09676405 0.008663079 0.2996288
v -0.09676405 3.306956E-05 0.2996288
v -0.09665264 0.00866308 0.3034531
v -0.09665264 3.30689E-05 0.3034531
v -0.09646384 0.008663081 0.307751
v -0.09646383 3.306819E-05 0.307751
v -0.09590404 0.008663082 0.3112517
v -0.09590404 3.306769E-05 0.3112517
v -0.09443028 0.008663079 0.3147079
v -0.09443027 3.306733E-05 0.3147079
v -0.09223492 0.008663085 0.3174334
v -0.09223491 3.306726E-05 0.3174334
v -0.08988717 0.008663082 0.3194651
v -0.08988717 3.306732E-05 0.3194651
v -0.08697704 0.008663092 0.3209823
v -0.08697704 3.306758E-05 0.3209823
v -0.08342012 0.008663096 0.3216846
v -0.08342011 3.306811E-05 0.3216846
v -0.07943276 0.0086631 0.3217829
v -0.07943276 3.306883E-05 0.3217829
v -0.07701068 0.008663096 0.321796
v -0.07701065 3.306925E-05 0.321796
v -0.0669523 0.008663105 0.321796
v -0.0669523 3.307107E-05 0.321796
v -0.057606 0.008663108 0.321796
v -0.05760598 3.307277E-05 0.321796
v -0.04754879 0.008663114 0.321796
v -0.04754877 3.307458E-05 0.321796
v -0.03714137 0.008663119 0.321796
v -0.03714135 3.307647E-05 0.321796
v -0.02750159 0.008663123 0.321796
v -0.02750158 3.307822E-05 0.321796
v -0.0180951 0.008663132 0.321796
v -0.01809509 3.307993E-05 0.321796
v -0.009201168 0.008663137 0.321796
v -0.009201161 3.308153E-05 0.321796
v -2.609383E-08 0.008663142 0.321796
v -2.302134E-08 3.308323E-05 0.321796
v -0.09674371 0.008663061 0.20048
v -0.09668974 3.31045E-05 0.1100545
v -0.09674371 3.308803E-05 0.2004801
v -0.0967437 0.008663376 0.1100541
v -0.09660116 3.3106E-05 0.1015521
v -0.09663213 0.008666248 0.1015494
v -0.09585871 3.310704E-05 0.09634322
v -0.09585872 0.008726161 0.09634321
v -0.09450468 3.310793E-05 0.09269729
v -0.0945047 0.00876962 0.09269726
v -0.09255175 3.310883E-05 0.08951218
v -0.09255176 0.008800488 0.08951216
v -0.09002011 3.310969E-05 0.08725078
v -0.09002011 0.008830441 0.08725076
v -0.08750583 3.311042E-05 0.08564814
v -0.08750584 0.008864871 0.08564814
v -0.08468156 3.311113E-05 0.08456837
v -0.08468159 0.00888887 0.08456834
v -0.08098369 3.311186E-05 0.08419216
v -0.08098371 0.008913149 0.08419216
v -0.0771029 3.311259E-05 0.08403515
v -0.07710291 0.008927754 0.08403514
v -0.06707868 3.311441E-05 0.08403491
v -0.06707869 0.008925701 0.08403488
v -0.04773948 3.311791E-05 0.08403444
v -0.04773949 0.008921741 0.08403441
v -0.0373665 3.311979E-05 0.08403417
v -0.03736651 0.008919615 0.08403417
v -0.02766644 3.312155E-05 0.0840342
v -0.02766645 0.008912014 0.08403419
v -0.01819854 3.312326E-05 0.08403423
v -0.01819854 0.008904593 0.0840342
v -0.009259004 3.312488E-05 0.08403425
v -0.009259017 0.008897586 0.08403423
v -2.302132E-08 3.312658E-05 0.08403426
v -2.617487E-08 0.008890326 0.08403426
v 0.009275749 0.01038749 0.07384453
v -2.427046E-08 0.009620781 0.07751741
v -2.707698E-08 0.01032213 0.07415704
v 0.009276507 0.009687099 0.07713611
v 0.01828101 0.01048037 0.07295867
v 0.00925936 0.009059615 0.08078684
v -2.761585E-08 0.00905368 0.0808211
v -2.383344E-08 0.008890327 0.08290028
v 0.01825578 0.009852435 0.07619634
v 0.01820735 0.009184906 0.0800573
v 0.02770861 0.01023291 0.07410274
v 0.02773206 0.01079079 0.07085707
v 0.03794868 0.01143694 0.06774554
v 0.02766715 0.009472758 0.07839401
v 0.00925904 0.008897588 0.08289956
v 0.01820007 0.0089046 0.08289497
v 0.009258971 0.008897588 0.08403423
v -2.617487E-08 0.008890326 0.08403426
v 0.01819849 0.0089046 0.0840342
v 0.02766639 0.008912026 0.08403419
v 0.02766624 0.008912024 0.0828868
v 0.03736646 0.008919628 0.08403417
v 0.03736668 0.008919629 0.08289148
v 0.04773944 0.008921759 0.08403441
v 0.03740258 0.009783073 0.07664138
v 0.04773962 0.008921759 0.08286115
v 0.06707864 0.008925724 0.08403488
v 0.04773209 0.009984916 0.07555418
v 0.06707826 0.008925722 0.08287288
v 0.07710287 0.008927784 0.08403514
v 0.03771402 0.01082258 0.07108148
v 0.04770149 0.01120889 0.06928576
v 0.06704883 0.0114011 0.06839482
v 0.04765988 0.01206438 0.06482771
v 0.05725205 0.01261561 0.06231836
v 0.06706867 0.01018452 0.07449965
v 0.07710204 0.008927787 0.0829223
v 0.08134844 0.00891318 0.08288062
v 0.08098366 0.00891318 0.08419216
v 0.08468153 0.008888901 0.08456834
v 0.07710238 0.01017804 0.07430261
v 0.09404027 0.009820032 0.07489841
v 0.08543307 0.008888906 0.08342736
v 0.08750579 0.008864903 0.08564814
v 0.08834794 0.008864901 0.08459643
v 0.09002007 0.008830475 0.08725076
v 0.07710623 0.01128319 0.06854474
v 0.07639422 0.01260182 0.06248042
v 0.09416702 0.01067123 0.06907105
v 0.09107205 0.00883047 0.08608337
v 0.09255171 0.008800521 0.08951216
v 0.09420807 0.00909296 0.08166315
v 0.09377328 0.008800526 0.0885817
v 0.09450465 0.008769654 0.09269726
v 0.06672958 0.01282709 0.06220626
v 0.06665276 0.01297957 0.06069207
v 0.07637116 0.01245706 0.0597905
v 0.09256685 0.0120976 0.05916347
v 0.0932474 0.01166087 0.06330937
v 0.1045957 0.01084038 0.06390747
v 0.1042117 0.01120149 0.0594469
v 0.1101276 0.01063009 0.05969872
v 0.1050696 0.01003151 0.06978568
v 0.1103442 0.01011443 0.06419782
v 0.1159724 0.008628253 0.05993688
v 0.1053501 0.009326854 0.07546949
v 0.1102094 0.009301933 0.07020961
v 0.1055614 0.008799322 0.08159065
v 0.1098465 0.008629826 0.07558675
v 0.1150888 0.007881353 0.06429423
v 0.1135678 0.007114327 0.07034088
v 0.1166235 0.006150455 0.06413638
v 0.118449 0.006405103 0.05970789
v 0.1124129 0.006743881 0.07551485
v 0.1146541 0.005239602 0.07054724
v 0.1175343 0.004043501 0.06442873
v 0.1196263 0.004366699 0.05957754
v 0.1184673 3.315157E-05 0.06400594
v 0.1203549 0.001666429 0.05951186
v 0.1204622 3.315271E-05 0.05953941
v 0.1157776 3.314988E-05 0.07081895
v 0.1134445 0.004991664 0.07546049
v 0.1144859 3.31488E-05 0.07568294
v 0.111313 0.006550362 0.08133236
v 0.1123496 0.004841945 0.08122262
v 0.1133597 3.314762E-05 0.08127018
v 0.1121362 3.31462E-05 0.08809823
v 0.1112301 0.004755388 0.08803362
v 0.1110073 3.314484E-05 0.09475506
v 0.1094027 0.008066347 0.08155037
v 0.1102252 0.004659462 0.09469527
v 0.1101869 3.314364E-05 0.1007498
v 0.110183 0.00652527 0.0881262
v 0.1088259 0.007724953 0.08834179
v 0.1092351 0.006488842 0.09476362
v 0.1094917 0.004565274 0.1006909
v 0.1055843 0.008554056 0.08835649
v 0.1083252 0.007436712 0.09494722
v 0.09591433 0.008769652 0.09192889
v 0.1056241 0.008454519 0.09494637
v 0.09730271 0.008726196 0.09593396
v 0.09585867 0.008726195 0.09634321
v 0.09663208 0.008666283 0.1015494
v 0.1086243 0.006341982 0.1007441
v 0.1090043 0.004591738 0.1090706
v 0.1097268 3.31421E-05 0.1090775
v 0.1080038 0.007110424 0.1009137
v 0.1081052 0.006394383 0.1090681
v 0.09810895 0.008666284 0.1015786
v 0.09674365 0.008663413 0.1100541
v 0.1056894 0.008369794 0.100896
v 0.1082156 0.004482537 0.2004619
v 0.1089497 3.312534E-05 0.2004657
v 0.1082917 0.004516124 0.2928955
v 0.1090176 3.310782E-05 0.2928966
v 0.1089985 3.310649E-05 0.3004996
v 0.1074147 0.006177069 0.2004438
v 0.09822272 0.008659789 0.1100541
v 0.1056808 0.008259257 0.1091451
v 0.1056656 0.007932666 0.2004799
v 0.09822275 0.008663096 0.20048
v 0.09674367 0.008663096 0.20048
v 0.09674371 0.00866311 0.2838833
v 0.107729 0.006882456 0.1091304
v 0.09815989 0.008663111 0.2839084
v 0.09675384 0.00866311 0.291756
v 0.1070161 0.006739142 0.2004858
v 0.09814795 0.008663113 0.2917614
v 0.09676401 0.008663111 0.2996288
v 0.1051271 0.008271963 0.292902
v 0.1074929 0.006268674 0.2928908
v 0.1070239 0.006929055 0.292895
v 0.09813598 0.008663113 0.2996145
v 0.09665262 0.008663113 0.3034531
v 0.1049447 0.008329906 0.3006021
v 0.1047623 0.008382679 0.3083021
v 0.09802171 0.008663117 0.3037502
v 0.09646377 0.008663116 0.307751
v 0.1044981 0.00838337 0.3144045
v 0.09776561 0.008663117 0.3082843
v 0.09590397 0.008663112 0.3112517
v 0.1074787 0.006274444 0.3004919
v 0.106878 0.00709956 0.3005274
v 0.1049447 0.008329906 0.3006021
v 0.09706926 0.008663117 0.3119677
v 0.09443022 0.008663119 0.3147079
v 0.103316 0.008388757 0.319216
v 0.1082621 0.004553107 0.3004959
v 0.1066788 0.007238076 0.3081518
v 0.1047623 0.008382679 0.3083021
v 0.1073421 0.006362441 0.3080797
v 0.1081665 0.004574487 0.30809
v 0.1089073 3.310517E-05 0.3081071
v 0.1062248 0.007368442 0.3146532
v 0.1044981 0.00838337 0.3144045
v 0.1068403 0.006588547 0.3147882
v 0.1077994 0.004486481 0.3149882
v 0.1084961 3.310386E-05 0.3150301
v 0.1068349 3.310258E-05 0.320628
v 0.106141 0.004716181 0.3204077
v 0.1044104 3.310133E-05 0.3253276
v 0.1052421 0.006715606 0.320122
v 0.1037855 0.004755373 0.3249631
v 0.1046329 0.007379429 0.320222
v 0.1029952 0.00672449 0.3245008
v 0.1009876 0.004687876 0.329151
v 0.1015117 3.310004E-05 0.329631
v 0.09836384 3.309883E-05 0.3334278
v 0.1025623 0.007339865 0.3243179
v 0.1002881 0.00672217 0.3285033
v 0.101161 0.008454547 0.3232769
v 0.1000309 0.007215793 0.3282316
v 0.09733138 0.006753283 0.3320144
v 0.09790275 0.004845389 0.332792
v 0.09549236 0.008663112 0.3156191
v 0.09223484 0.00866312 0.3174334
v 0.09888371 0.008370354 0.3272022
v 0.09315743 0.008659917 0.3185191
v 0.08988712 0.008663121 0.3194651
v 0.09430346 0.004888896 0.3360672
v 0.09464954 3.309755E-05 0.3368331
v 0.09703879 0.00733866 0.3316399
v 0.0959364 0.008402677 0.3305144
v 0.0959364 0.008402677 0.3305144
v 0.09066394 0.008663118 0.320686
v 0.08697698 0.008663123 0.3209823
v 0.09287393 0.008459539 0.3330106
v 0.09377611 0.007363515 0.3345933
v 0.09287393 0.008459539 0.3330106
v 0.08758787 0.008659919 0.3222841
v 0.08342005 0.008663129 0.3216846
v 0.08915444 0.008564392 0.3346828
v 0.08380474 0.008659918 0.3229831
v 0.07943269 0.008663132 0.3217829
v 0.08480551 0.008608863 0.3355279
v 0.07956818 0.00865992 0.3230847
v 0.07701061 0.008663127 0.321796
v 0.07997073 0.008603304 0.3359122
v 0.07701034 0.008663125 0.3231018
v 0.07700812 0.008596406 0.3360363
v 0.06695224 0.008663125 0.321796
v 0.07701034 0.008663125 0.3231018
v 0.06695201 0.008663125 0.3231046
v 0.07700812 0.008596406 0.3360363
v 0.05760573 0.00866313 0.3231071
v 0.05760594 0.008663131 0.321796
v 0.04754855 0.008663135 0.3231098
v 0.0475487 0.008663137 0.321796
v 0.05760422 0.008590114 0.3360824
v 0.03714118 0.008663136 0.3231127
v 0.03714128 0.008663136 0.321796
v 0.02750153 0.008663137 0.321796
v 0.06695017 0.008594302 0.3360603
v 0.04754737 0.008586246 0.3361064
v 0.02750146 0.008663136 0.3231129
v 0.03714035 0.008582637 0.3361313
v 0.01809499 0.008663134 0.3231132
v 0.01809505 0.008663134 0.321796
v 0.02750084 0.008582144 0.3361335
v 0.009201099 0.008663137 0.3231134
v 0.009201123 0.008663135 0.321796
v -2.609383E-08 0.008663138 0.3231137
v -2.609383E-08 0.008663142 0.321796
v 0.009200904 0.00858147 0.3361375
v -2.464844E-08 0.008581208 0.3361395
v -2.675482E-08 0.007636853 0.3386211
v 0.01809461 0.008581767 0.3361355
v 0.009200452 0.007644095 0.338611
v -2.535889E-08 0.007041881 0.3392822
v 0.01809415 0.007649829 0.3386025
v 0.009200604 0.007041539 0.3392822
v -2.7768E-08 0.004689831 0.3407383
v 0.02750042 0.0076558 0.3385933
v 0.009200917 0.004689883 0.3407381
v -2.302134E-08 3.307964E-05 0.3410883
v 0.009200916 3.308133E-05 0.3410902
v 0.01809432 0.007039915 0.3392829
v 0.01809461 0.004689897 0.3407376
v 0.01809463 3.308294E-05 0.3410921
v 0.03713969 0.007661646 0.3385835
v 0.02750057 0.007038137 0.3392831
v 0.02750087 0.004689862 0.3407367
v 0.02750088 3.308464E-05 0.3410941
v 0.04754855 0.007673387 0.3385645
v 0.03713978 0.007036109 0.3392826
v 0.03714053 0.004689736 0.3407355
v 0.03714044 3.308639E-05 0.3410962
v 0.05760738 0.007684099 0.3385456
v 0.04755061 0.007038216 0.3392771
v 0.04756873 0.004698412 0.3407302
v 0.0475877 3.308829E-05 0.341085
v 0.06695518 0.007692887 0.3385277
v 0.05761141 0.007039942 0.3392709
v 0.0576458 0.004706715 0.3407249
v 0.05768319 3.309011E-05 0.3410742
v 0.06696104 0.007040816 0.3392636
v 0.06701044 0.004714297 0.3407193
v 0.06706545 3.309172E-05 0.3416266
v 0.0771672 3.309355E-05 0.3415573
v 0.07701109 0.007675637 0.3384919
v 0.07997073 0.008603304 0.3359122
v 0.07708839 0.004678338 0.3404886
v 0.07701754 0.007022968 0.3392149
v 0.08012163 0.007659322 0.338426
v 0.08480551 0.008608863 0.3355279
v 0.0801233 0.007012686 0.3391306
v 0.08021839 0.004714543 0.3404101
v 0.08031332 3.309414E-05 0.3414454
v 0.08541056 0.007661716 0.3379599
v 0.08915444 0.008564392 0.3346828
v 0.08538377 0.006974333 0.3386959
v 0.08555404 0.004721923 0.340028
v 0.08567242 3.309521E-05 0.3409077
v 0.09042792 3.309633E-05 0.3394197
v 0.09025461 0.004765396 0.3385788
v 0.08999986 0.006851013 0.3374368
v 0.0899431 0.007582566 0.3366917
v 0.09386839 0.006798235 0.3351351
v 0.09674371 0.00866311 0.2838833
v 0.09674367 3.312312E-05 0.2004801
v 0.09674367 0.008663096 0.20048
v 0.09674367 3.310739E-05 0.2838833
v 0.09675384 0.00866311 0.291756
v 0.09675384 3.310603E-05 0.291756
v 0.09676401 0.008663111 0.2996288
v 0.09676401 3.310464E-05 0.2996288
v 0.09665262 0.008663113 0.3034531
v 0.09665262 3.310396E-05 0.3034531
v 0.09646377 0.008663116 0.307751
v 0.09646376 3.310317E-05 0.307751
v 0.09590397 0.008663112 0.3112517
v 0.09590397 3.310246E-05 0.3112517
v 0.09443022 0.008663119 0.3147079
v 0.0944302 3.310161E-05 0.3147079
v 0.09223484 0.00866312 0.3174334
v 0.09223484 3.310072E-05 0.3174334
v 0.08988712 0.008663121 0.3194651
v 0.08988712 3.309995E-05 0.3194651
v 0.08697698 0.008663123 0.3209823
v 0.08697698 3.309915E-05 0.3209823
v 0.08342005 0.008663129 0.3216846
v 0.08342005 3.309838E-05 0.3216846
v 0.07943269 0.008663132 0.3217829
v 0.07943269 3.309763E-05 0.3217829
v 0.07701061 0.008663127 0.321796
v 0.07701059 3.30972E-05 0.321796
v 0.06695224 0.008663125 0.321796
v 0.06695224 3.309538E-05 0.321796
v 0.05760594 0.008663131 0.321796
v 0.05760592 3.309368E-05 0.321796
v 0.0475487 0.008663137 0.321796
v 0.0475487 3.309187E-05 0.321796
v 0.03714128 0.008663136 0.321796
v 0.03714129 3.308998E-05 0.321796
v 0.02750153 0.008663137 0.321796
v 0.02750153 3.308823E-05 0.321796
v 0.01809505 0.008663134 0.321796
v 0.01809505 3.308652E-05 0.321796
v 0.009201123 0.008663135 0.321796
v 0.009201109 3.308492E-05 0.321796
v -2.609383E-08 0.008663142 0.321796
v -2.302134E-08 3.308323E-05 0.321796
v 0.09674367 0.008663096 0.20048
v 0.09674367 3.312312E-05 0.2004801
v 0.09668969 3.313957E-05 0.1100545
v 0.09674365 0.008663413 0.1100541
v 0.09660111 3.314104E-05 0.1015521
v 0.09663208 0.008666283 0.1015494
v 0.09585866 3.314182E-05 0.09634322
v 0.09585867 0.008726195 0.09634321
v 0.09450464 3.314221E-05 0.09269729
v 0.09450465 0.008769654 0.09269726
v 0.0925517 3.314241E-05 0.08951218
v 0.09255171 0.008800521 0.08951216
v 0.09002006 3.314235E-05 0.08725078
v 0.09002007 0.008830475 0.08725076
v 0.08750579 3.314218E-05 0.08564814
v 0.08750579 0.008864903 0.08564814
v 0.08468152 3.314185E-05 0.08456837
v 0.08468153 0.008888901 0.08456834
v 0.08098365 3.314125E-05 0.08419216
v 0.08098366 0.00891318 0.08419216
v 0.07710286 3.314057E-05 0.08403515
v 0.07710287 0.008927784 0.08403514
v 0.06707863 3.313875E-05 0.08403491
v 0.06707864 0.008925724 0.08403488
v 0.04773944 3.313525E-05 0.08403444
v 0.04773944 0.008921759 0.08403441
v 0.03736645 3.313337E-05 0.08403417
v 0.03736646 0.008919628 0.08403417
v 0.02766639 3.313162E-05 0.0840342
v 0.02766639 0.008912026 0.08403419
v 0.01819848 3.31299E-05 0.08403423
v 0.01819849 0.0089046 0.0840342
v 0.00925896 3.312828E-05 0.08403425
v 0.009258971 0.008897588 0.08403423
v -2.302132E-08 3.312658E-05 0.08403426
v -2.617487E-08 0.008890326 0.08403426
v -0.09674373 -0.008596987 0.2838833
v -0.09676407 -0.008596998 0.2996288
v -0.0770141 -0.008596998 0.2996418
v -0.07701748 -0.008596987 0.2838582
v -0.06695903 -0.008596988 0.2838581
v -0.0669565 -0.008597 0.2996418
v -0.05760762 -0.008596989 0.2838579
v -0.05760588 -0.008597001 0.2996418
v -0.04755006 -0.00859699 0.2838578
v -0.04754917 -0.008597001 0.2996418
v -0.03714135 -0.008596989 0.2838577
v -0.03714135 -0.008597001 0.2996418
v -0.02750334 -0.008596988 0.2838576
v -0.02750335 -0.008597002 0.2996418
v -0.01809867 -0.008596978 0.2838575
v -0.01809869 -0.008596997 0.2996418
v -0.009200725 -0.008596978 0.2838573
v -0.009200746 -0.008597 0.2996418
v -2.245503E-08 -0.008596977 0.2838572
v -2.245503E-08 -0.008596999 0.2996418
v -0.009200717 -0.008597008 0.321796
v -2.245502E-08 -0.008597008 0.321796
v -0.01809867 -0.008597011 0.321796
v -0.02750334 -0.008597017 0.321796
v -0.03714134 -0.008597022 0.321796
v -0.04754826 -0.008597023 0.321796
v -0.05760412 -0.00859702 0.321796
v -0.06695391 -0.008597019 0.321796
v -0.07701068 -0.008597021 0.321796
v -0.07943276 -0.008597023 0.3217829
v -0.08342012 -0.008597021 0.3216846
v -0.08697704 -0.008597016 0.3209823
v -0.08988717 -0.00859702 0.319465
v -0.09223492 -0.008597013 0.3174334
v -0.09443028 -0.008597015 0.3147079
v -0.09590404 -0.008597005 0.3112517
v -0.09646384 -0.008597001 0.307751
v -0.09665264 -0.008597002 0.3034531
v -0.09676407 -0.008596998 0.2996288
v -2.245503E-08 -0.008596933 0.2004801
v -0.009200725 -0.008596978 0.2838573
v -2.245503E-08 -0.008596977 0.2838572
v -0.009200748 -0.008596933 0.2004801
v -2.245503E-08 -0.008596871 0.1100541
v -0.01809867 -0.008596978 0.2838575
v -0.009258843 -0.00859687 0.1100541
v -2.245503E-08 -0.008596866 0.101163
v -0.01809869 -0.008596932 0.2004801
v -0.02750334 -0.008596988 0.2838576
v -0.009258852 -0.008596865 0.1011507
v -2.244022E-08 -0.008824087 0.08403426
v -0.009259211 -0.008831348 0.08403423
v -0.02750336 -0.008596933 0.2004801
v -0.03714135 -0.008596989 0.2838577
v -0.01821056 -0.008596871 0.1100541
v -0.01821056 -0.008596865 0.1011389
v -0.01821125 -0.008838371 0.0840342
v -0.03714136 -0.008596933 0.2004801
v -0.04755006 -0.00859699 0.2838578
v -0.02766898 -0.008596873 0.1100541
v -0.02766898 -0.008596865 0.1011264
v -0.02767001 -0.008845795 0.0840342
v -0.04755356 -0.008596935 0.2004801
v -0.05760762 -0.008596989 0.2838579
v -0.03736511 -0.008596874 0.1100541
v -0.03736511 -0.008596865 0.1011136
v -0.03736649 -0.008853399 0.08403417
v -0.04773852 -0.008855531 0.08403443
v -0.04773742 -0.008596867 0.1012377
v -0.05776082 -0.008857586 0.08403467
v -0.05761447 -0.008596933 0.2004801
v -0.06695903 -0.008596988 0.2838581
v -0.04773742 -0.008596873 0.1100541
v -0.05776001 -0.008596873 0.1013576
v -0.06707937 -0.008859499 0.0840349
v -0.06696901 -0.008596933 0.2004801
v -0.07701748 -0.008596987 0.2838582
v -0.05776002 -0.008596873 0.1100541
v -0.06707881 -0.008596875 0.1014691
v -0.07710291 -0.00886156 0.08403515
v -0.07703079 -0.008596933 0.2004801
v -0.09674371 -0.008596933 0.20048
v -0.06707883 -0.008596872 0.1100541
v -0.07710265 -0.008596878 0.101589
v -0.08098371 -0.008846957 0.08419216
v -0.08468159 -0.00882268 0.08456834
v -0.08750584 -0.008798682 0.08564814
v -0.09002011 -0.008764254 0.08725076
v -0.09255176 -0.008734302 0.08951216
v -0.0945047 -0.00870344 0.09269726
v -0.09585872 -0.00865998 0.09634321
v -0.09663213 -0.008600071 0.1015494
v -0.07710267 -0.008596874 0.1100541
v -0.0967437 -0.008597209 0.1100541
v 0.09674371 -0.008596954 0.2838833
v 0.07701404 -0.008596972 0.2996418
v 0.09676401 -0.008596964 0.2996288
v 0.07701741 -0.008596961 0.2838582
v 0.06695898 -0.008596965 0.2838581
v 0.06695645 -0.008596975 0.2996418
v 0.05760757 -0.008596967 0.2838579
v 0.05760583 -0.008596976 0.2996418
v 0.04755002 -0.008596967 0.2838578
v 0.04754912 -0.008596982 0.2996418
v 0.0371413 -0.008596974 0.2838577
v 0.0371413 -0.008596984 0.2996418
v 0.02750331 -0.008596971 0.2838576
v 0.02750331 -0.008596989 0.2996418
v 0.01809863 -0.008596977 0.2838575
v 0.01809864 -0.008596996 0.2996418
v 0.009200674 -0.008596977 0.2838573
v 0.009200697 -0.008596999 0.2996418
v -2.245503E-08 -0.008596977 0.2838572
v -2.245503E-08 -0.008596999 0.2996418
v 0.009200674 -0.00859701 0.321796
v -2.245502E-08 -0.008597008 0.321796
v 0.01809863 -0.00859701 0.321796
v 0.02750331 -0.008597004 0.321796
v 0.0371413 -0.008597007 0.321796
v 0.04754823 -0.008597001 0.321796
v 0.05760406 -0.008596997 0.321796
v 0.06695386 -0.008596997 0.321796
v 0.07701061 -0.00859699 0.321796
v 0.07943269 -0.00859699 0.3217829
v 0.08342005 -0.008596988 0.3216846
v 0.08697698 -0.008596987 0.3209823
v 0.08988712 -0.00859698 0.319465
v 0.09223484 -0.008596978 0.3174334
v 0.09443022 -0.008596975 0.3147079
v 0.09590397 -0.008596974 0.3112517
v 0.09646377 -0.008596967 0.307751
v 0.09665262 -0.00859697 0.3034531
v 0.09676401 -0.008596964 0.2996288
v -2.245503E-08 -0.008596933 0.2004801
v -2.245503E-08 -0.008596977 0.2838572
v 0.009200674 -0.008596977 0.2838573
v 0.009200696 -0.00859693 0.2004801
v -2.245503E-08 -0.008596871 0.1100541
v 0.01809863 -0.008596977 0.2838575
v 0.0092588 -0.008596868 0.1100541
v -2.245503E-08 -0.008596866 0.101163
v 0.01809864 -0.008596928 0.2004801
v 0.02750331 -0.008596971 0.2838576
v 0.009258811 -0.008596863 0.1011507
v -2.244022E-08 -0.008824087 0.08403426
v 0.009259169 -0.008831346 0.08403423
v 0.02750332 -0.008596922 0.2004801
v 0.0371413 -0.008596974 0.2838577
v 0.01821051 -0.008596864 0.1100541
v 0.01821052 -0.008596858 0.1011389
v 0.01821121 -0.008838365 0.0840342
v 0.03714133 -0.008596919 0.2004801
v 0.04755002 -0.008596967 0.2838578
v 0.02766894 -0.008596862 0.1100541
v 0.02766894 -0.008596855 0.1011264
v 0.02766996 -0.008845783 0.0840342
v 0.04755354 -0.008596916 0.2004801
v 0.05760757 -0.008596967 0.2838579
v 0.03736506 -0.008596861 0.1100541
v 0.03736506 -0.008596851 0.1011136
v 0.03736646 -0.008853386 0.08403417
v 0.04773847 -0.008855513 0.08403443
v 0.04773738 -0.00859685 0.1012377
v 0.05776078 -0.008857567 0.08403467
v 0.05761443 -0.008596913 0.2004801
v 0.06695898 -0.008596965 0.2838581
v 0.04773738 -0.008596856 0.1100541
v 0.05775996 -0.008596852 0.1013576
v 0.06707933 -0.008859476 0.0840349
v 0.06696897 -0.008596909 0.2004801
v 0.07701741 -0.008596961 0.2838582
v 0.05775997 -0.008596853 0.1100541
v 0.06707877 -0.008596851 0.1014691
v 0.07710287 -0.008861531 0.08403515
v 0.07703074 -0.008596906 0.2004801
v 0.09674367 -0.008596899 0.20048
v 0.06707878 -0.00859685 0.1100541
v 0.07710261 -0.00859685 0.101589
v 0.08098366 -0.008846927 0.08419216
v 0.08468153 -0.008822649 0.08456834
v 0.08750579 -0.008798651 0.08564814
v 0.09002007 -0.008764221 0.08725076
v 0.09255171 -0.008734268 0.08951216
v 0.09450465 -0.008703407 0.09269726
v 0.09585867 -0.008659946 0.09634321
v 0.09663208 -0.008600038 0.1015494
v 0.07710262 -0.008596845 0.1100541
v 0.09674365 -0.008597173 0.1100541
v -0.09674373 0.008663137 0.2838833
v -0.0770141 0.008663151 0.2996418
v -0.09676407 0.008663142 0.2996288
v -0.07701748 0.008663142 0.2838582
v -0.06695903 0.008663144 0.2838581
v -0.0669565 0.008663153 0.2996418
v -0.05760762 0.008663148 0.283858
v -0.05760588 0.008663155 0.2996418
v -0.04755009 0.008663154 0.2838578
v -0.0475492 0.00866316 0.2996418
v -0.03714137 0.008663155 0.2838577
v -0.03714137 0.008663165 0.2996418
v -0.02750336 0.008663155 0.2838576
v -0.02750337 0.008663166 0.2996418
v -0.01809868 0.008663163 0.2838575
v -0.0180987 0.008663175 0.2996418
v -0.009200728 0.008663161 0.2838574
v -0.00920075 0.008663177 0.2996418
v -2.536831E-08 0.00866316 0.2838573
v -2.536832E-08 0.00866318 0.2996418
v -0.009200721 0.008663182 0.321796
v -2.536832E-08 0.008663179 0.321796
v -0.01809867 0.00866318 0.321796
v -0.02750336 0.008663174 0.321796
v -0.03714136 0.008663175 0.321796
v -0.04754829 0.008663174 0.321796
v -0.05760412 0.008663167 0.321796
v -0.06695391 0.008663167 0.321796
v -0.07701068 0.008663159 0.321796
v -0.07943276 0.008663164 0.3217829
v -0.08342012 0.00866316 0.3216846
v -0.08697704 0.008663157 0.3209823
v -0.08988717 0.008663148 0.3194651
v -0.09223492 0.00866315 0.3174334
v -0.09443028 0.008663146 0.3147079
v -0.09590404 0.008663146 0.3112517
v -0.09646384 0.008663146 0.307751
v -0.09665264 0.008663142 0.3034531
v -0.09676407 0.008663142 0.2996288
v -2.536831E-08 0.008663144 0.2004801
v -2.536831E-08 0.00866316 0.2838573
v -0.009200728 0.008663161 0.2838574
v -0.00920075 0.008663142 0.2004801
v -2.536829E-08 0.008663111 0.1100541
v -0.01809868 0.008663163 0.2838575
v -0.009258847 0.00866311 0.1100541
v -2.536829E-08 0.008663112 0.101163
v -0.0180987 0.00866314 0.2004801
v -0.02750336 0.008663155 0.2838576
v -0.009258855 0.008663109 0.1011507
v -2.543018E-08 0.008890338 0.08403426
v -0.009259214 0.008897599 0.08403423
v -0.02750337 0.008663135 0.2004801
v -0.03714137 0.008663155 0.2838577
v -0.01821056 0.008663105 0.1100541
v -0.01821056 0.008663105 0.1011389
v -0.01821126 0.008904616 0.0840342
v -0.03714136 0.008663133 0.2004801
v -0.04755009 0.008663154 0.2838578
v -0.02766899 0.008663103 0.1100541
v -0.02766899 0.008663101 0.1011264
v -0.02767001 0.008912035 0.0840342
v -0.04755358 0.00866313 0.2004801
v -0.05760762 0.008663148 0.283858
v -0.03736511 0.008663101 0.1100541
v -0.03736511 0.008663097 0.1011136
v -0.0373665 0.008919638 0.08403417
v -0.04773853 0.008921765 0.08403443
v -0.04773742 0.008663096 0.1012377
v -0.05776082 0.008923819 0.08403467
v -0.05761447 0.008663125 0.2004801
v -0.06695903 0.008663144 0.2838581
v -0.04773743 0.008663097 0.1100541
v -0.05776001 0.008663097 0.1013576
v -0.06707937 0.008925729 0.0840349
v -0.06696901 0.008663122 0.2004801
v -0.07701748 0.008663142 0.2838582
v -0.05776002 0.008663096 0.1100541
v -0.06707881 0.008663096 0.1014691
v -0.07710291 0.008927783 0.08403515
v -0.07703079 0.008663118 0.2004801
v -0.09674371 0.008663111 0.20048
v -0.06707883 0.008663091 0.1100541
v -0.07710265 0.008663096 0.101589
v -0.08098371 0.008913179 0.08419216
v -0.08468159 0.008888901 0.08456834
v -0.08750584 0.008864903 0.08564814
v -0.09002011 0.008830473 0.08725076
v -0.09255176 0.00880052 0.08951216
v -0.0945047 0.008769655 0.09269726
v -0.09585872 0.008726195 0.09634321
v -0.09663213 0.008666283 0.1015494
v -0.07710267 0.008663086 0.1100541
v -0.0967437 0.008663415 0.1100541
v 0.09674371 0.00866317 0.2838833
v 0.09676401 0.008663177 0.2996288
v 0.07701404 0.008663179 0.2996418
v 0.07701741 0.00866317 0.2838582
v 0.06695898 0.008663168 0.2838581
v 0.06695645 0.008663178 0.2996418
v 0.05760757 0.008663172 0.283858
v 0.05760583 0.00866318 0.2996418
v 0.04755 0.008663175 0.2838578
v 0.04754911 0.00866318 0.2996418
v 0.03714128 0.008663172 0.2838577
v 0.03714128 0.008663181 0.2996418
v 0.0275033 0.008663171 0.2838576
v 0.0275033 0.00866318 0.2996418
v 0.01809863 0.008663163 0.2838575
v 0.01809864 0.008663177 0.2996418
v 0.009200674 0.00866316 0.2838574
v 0.009200697 0.008663178 0.2996418
v -2.536831E-08 0.00866316 0.2838573
v -2.536832E-08 0.00866318 0.2996418
v 0.009200674 0.008663179 0.321796
v -2.536832E-08 0.008663179 0.321796
v 0.01809863 0.008663182 0.321796
v 0.0275033 0.008663189 0.321796
v 0.03714127 0.008663192 0.321796
v 0.04754821 0.008663196 0.321796
v 0.05760406 0.008663191 0.321796
v 0.06695386 0.008663189 0.321796
v 0.07701061 0.008663191 0.321796
v 0.07943269 0.008663196 0.3217829
v 0.08342005 0.008663192 0.3216846
v 0.08697698 0.008663187 0.3209823
v 0.08988712 0.008663187 0.3194651
v 0.09223484 0.008663185 0.3174334
v 0.09443022 0.008663186 0.3147079
v 0.09590397 0.008663178 0.3112517
v 0.09646377 0.00866318 0.307751
v 0.09665262 0.008663176 0.3034531
v 0.09676401 0.008663177 0.2996288
v -2.536831E-08 0.008663144 0.2004801
v 0.009200674 0.00866316 0.2838574
v -2.536831E-08 0.00866316 0.2838573
v 0.009200694 0.008663144 0.2004801
v -2.536829E-08 0.008663111 0.1100541
v 0.01809863 0.008663163 0.2838575
v 0.009258797 0.008663112 0.1100541
v -2.536829E-08 0.008663112 0.101163
v 0.01809864 0.008663143 0.2004801
v 0.0275033 0.008663171 0.2838576
v 0.009258809 0.008663112 0.1011507
v -2.543018E-08 0.008890338 0.08403426
v 0.009259166 0.008897601 0.08403423
v 0.02750331 0.008663147 0.2004801
v 0.03714128 0.008663172 0.2838577
v 0.01821051 0.008663112 0.1100541
v 0.01821052 0.008663111 0.1011389
v 0.01821121 0.008904624 0.0840342
v 0.0371413 0.008663147 0.2004801
v 0.04755 0.008663175 0.2838578
v 0.02766893 0.008663114 0.1100541
v 0.02766893 0.008663111 0.1011264
v 0.02766996 0.008912046 0.0840342
v 0.04755351 0.008663149 0.2004801
v 0.05760757 0.008663172 0.283858
v 0.03736506 0.008663115 0.1100541
v 0.03736506 0.008663111 0.1011136
v 0.03736645 0.008919651 0.08403417
v 0.04773847 0.008921782 0.08403443
v 0.04773737 0.008663113 0.1012377
v 0.05776078 0.008923839 0.08403467
v 0.05761443 0.008663147 0.2004801
v 0.06695898 0.008663168 0.2838581
v 0.04773737 0.008663114 0.1100541
v 0.05775996 0.008663118 0.1013576
v 0.06707933 0.008925753 0.0840349
v 0.06696897 0.008663144 0.2004801
v 0.07701741 0.00866317 0.2838582
v 0.05775997 0.008663115 0.1100541
v 0.06707877 0.00866312 0.1014691
v 0.07710287 0.008927812 0.08403515
v 0.07703074 0.008663148 0.2004801
v 0.09674367 0.008663147 0.20048
v 0.06707878 0.008663114 0.1100541
v 0.07710261 0.008663125 0.101589
v 0.08098366 0.00891321 0.08419216
v 0.08468153 0.008888932 0.08456834
v 0.08750579 0.008864934 0.08564814
v 0.09002007 0.008830505 0.08725076
v 0.09255171 0.008800553 0.08951216
v 0.09450465 0.008769688 0.09269726
v 0.09585867 0.00872623 0.09634321
v 0.09663208 0.008666316 0.1015494
v 0.07710262 0.008663116 0.1100541
v 0.09674365 0.008663451 0.1100541
vt 0.9145508 0.5913086
vt 0.90625 0.6591797
vt 0.9101563 0.6601563
vt 1.915039 0.5913086
vt 1.910156 0.6601563
vt 1.90625 0.6591797
vt 1.915039 0.5913086
vt 1.910156 0.6601563
vt 1.90625 0.6591797
vt 1.915039 0.5913086
vt 1.90625 0.6591797
vt 1.910156 0.6601563
vt 0.5966797 0.53125
vt 0.5966797 0.5068359
vt 0.5854492 0.5073242
vt 0.5869141 0.5317383
vt 0.5864258 0.5620117
vt 0.5966797 0.5620117
vt 0.5791016 0.5327148
vt 0.5776367 0.5092773
vt 0.5678711 0.512207
vt 0.5864258 0.5966797
vt 0.5966797 0.5976563
vt 0.5786133 0.5615234
vt 0.5683594 0.534668
vt 0.5571289 0.5131836
vt 0.5683594 0.5625
vt 0.5786133 0.5957031
vt 0.5864258 0.6323242
vt 0.5966797 0.6337891
vt 0.5566406 0.534668
vt 0.5678711 0.5957031
vt 0.5791016 0.6313477
vt 0.5849609 0.6494141
vt 0.5966797 0.6801758
vt 0.5463867 0.5341797
vt 0.546875 0.512207
vt 0.5566406 0.5620117
vt 0.5683594 0.628418
vt 0.5766602 0.6455078
vt 0.574707 0.6577148
vt 0.5566406 0.5947266
vt 0.565918 0.640625
vt 0.5561523 0.644043
vt 0.5566406 0.6274414
vt 0.5458984 0.5620117
vt 0.5561523 0.6787109
vt 0.5966797 0.7104492
vt 0.5688477 0.6518555
vt 0.5566406 0.659668
vt 0.5205078 0.6767578
vt 0.5200195 0.7055664
vt 0.5561523 0.7084961
vt 0.5556641 0.7387695
vt 0.5966797 0.7402344
vt 0.5966797 0.7617188
vt 0.5561523 0.6547852
vt 0.5449219 0.6513672
vt 0.5395508 0.6557617
vt 0.5302734 0.6469727
vt 0.5371094 0.6435547
vt 0.5356445 0.6298828
vt 0.5473633 0.6396484
vt 0.5458984 0.628418
vt 0.5458984 0.5952148
vt 0.5356445 0.5947266
vt 0.5356445 0.5610352
vt 0.5356445 0.5322266
vt 0.5371094 0.5087891
vt 0.527832 0.5073242
vt 0.5268555 0.5605469
vt 0.5273438 0.53125
vt 0.5063477 0.5068359
vt 0.5273438 0.5947266
vt 0.5068359 0.53125
vt 0.5288086 0.6303711
vt 0.5068359 0.5605469
vt 0.4995117 0.5317383
vt 0.4980469 0.5083008
vt 0.4873047 0.5117188
vt 0.5053711 0.6459961
vt 0.5068359 0.5947266
vt 0.4990234 0.5600586
vt 0.487793 0.5336914
vt 0.4768066 0.5131836
vt 0.487793 0.5605469
vt 0.4772949 0.5341797
vt 0.4675293 0.512207
vt 0.4992676 0.59375
vt 0.5068359 0.6293945
vt 0.5 0.628418
vt 0.4880371 0.5932617
vt 0.4777832 0.5610352
vt 0.4672852 0.5341797
vt 0.4882813 0.625
vt 0.4782715 0.5932617
vt 0.4577637 0.5327148
vt 0.4577637 0.5092773
vt 0.4689941 0.5615234
vt 0.4465332 0.5322266
vt 0.4460449 0.5083008
vt 0.4284668 0.5097656
vt 0.4584961 0.5610352
vt 0.4875488 0.637207
vt 0.4777832 0.6254883
vt 0.4785156 0.6401367
vt 0.498291 0.6416016
vt 0.4697266 0.5942383
vt 0.4599609 0.5942383
vt 0.4611816 0.628418
vt 0.4699707 0.6264648
vt 0.4475098 0.5610352
vt 0.4943848 0.6557617
vt 0.4707031 0.6367188
vt 0.4296875 0.5332031
vt 0.4211426 0.5336914
vt 0.418457 0.5117188
vt 0.40625 0.5161133
vt 0.4296875 0.5620117
vt 0.4890137 0.6494141
vt 0.4621582 0.6425781
vt 0.409668 0.5366211
vt 0.3959961 0.5180664
vt 0.3974609 0.5380859
vt 0.3862305 0.5175781
vt 0.4108887 0.5625
vt 0.4221191 0.5615234
vt 0.4777832 0.6586914
vt 0.4780273 0.652832
vt 0.4692383 0.6499023
vt 0.4780273 0.6748047
vt 0.4511719 0.6445313
vt 0.465332 0.6567383
vt 0.4411621 0.6728516
vt 0.4777832 0.7021484
vt 0.4411621 0.6992188
vt 0.449707 0.6289063
vt 0.4313965 0.644043
vt 0.4487305 0.5947266
vt 0.4306641 0.5952148
vt 0.4321289 0.6289063
vt 0.4233398 0.5947266
vt 0.4250488 0.6279297
vt 0.4125977 0.5952148
vt 0.4133301 0.6259766
vt 0.3996582 0.5644531
vt 0.4013672 0.5961914
vt 0.3862305 0.5390625
vt 0.3896484 0.565918
vt 0.3752441 0.5385742
vt 0.3745117 0.515625
vt 0.3632813 0.5161133
vt 0.378418 0.565918
vt 0.3654785 0.5390625
vt 0.3408203 0.5424805
vt 0.3371582 0.5200195
vt 0.3007813 0.5283203
vt 0.3051758 0.5493164
vt 0.2683105 0.5371094
vt 0.3442383 0.5703125
vt 0.3686523 0.5668945
vt 0.3808594 0.5986328
vt 0.2736816 0.5571289
vt 0.2358398 0.5473633
vt 0.3093262 0.5761719
vt 0.3713379 0.5996094
vt 0.3925781 0.5976563
vt 0.2418213 0.565918
vt 0.2061768 0.559082
vt 0.347168 0.6025391
vt 0.3820801 0.6303711
vt 0.4038086 0.6259766
vt 0.2788086 0.5825195
vt 0.2127686 0.5771484
vt 0.1779785 0.5722656
vt 0.3737793 0.6313477
vt 0.3129883 0.6074219
vt 0.2474365 0.5898438
vt 0.4121094 0.6362305
vt 0.4038086 0.6401367
vt 0.3947754 0.6279297
vt 0.4230957 0.640625
vt 0.3962402 0.637207
vt 0.3847656 0.6420898
vt 0.4196777 0.6557617
vt 0.4033203 0.6591797
vt 0.4145508 0.6494141
vt 0.4035645 0.6518555
vt 0.3928223 0.6494141
vt 0.3884277 0.6557617
vt 0.3532715 0.6694336
vt 0.4042969 0.6713867
vt 0.376709 0.6464844
vt 0.4042969 0.6958008
vt 0.3535156 0.690918
vt 0.3505859 0.6337891
vt 0.3161621 0.6367188
vt 0.440918 0.7260742
vt 0.3173828 0.6674805
vt 0.2834473 0.6118164
vt 0.286377 0.6386719
vt 0.2531738 0.6171875
vt 0.4772949 0.730957
vt 0.2189941 0.6000977
vt 0.5195313 0.7348633
vt 0.5166016 0.7514648
vt 0.1853027 0.5908203
vt 0.5566406 0.7568359
vt 0.5141602 0.7836914
vt 0.5966797 0.7885742
vt 0.5551758 0.7866211
vt 0.5966797 0.8105469
vt 0.4768066 0.7451172
vt 0.5527344 0.809082
vt 0.5473633 0.8237305
vt 0.5966797 0.8237305
vt 0.5087891 0.8237305
vt 0.5117188 0.8076172
vt 0.4692383 0.8237305
vt 0.4714355 0.8061523
vt 0.4296875 0.8237305
vt 0.4377441 0.7387695
vt 0.4343262 0.7753906
vt 0.473877 0.7792969
vt 0.4313965 0.8051758
vt 0.3898926 0.8237305
vt 0.3908691 0.8037109
vt 0.3491211 0.8237305
vt 0.4006348 0.7202148
vt 0.3981934 0.734375
vt 0.3544922 0.7128906
vt 0.3562012 0.7294922
vt 0.3554688 0.7670898
vt 0.3947754 0.7714844
vt 0.3510742 0.8017578
vt 0.3085938 0.8237305
vt 0.3115234 0.7993164
vt 0.267334 0.8237305
vt 0.3134766 0.703125
vt 0.3166504 0.7236328
vt 0.3144531 0.7617188
vt 0.2678223 0.7954102
vt 0.1837158 0.8237305
vt 0.2763672 0.7182617
vt 0.2717285 0.7568359
vt 0.3154297 0.6850586
vt 0.1929932 0.784668
vt 0.2810059 0.6928711
vt 0.2183838 0.7006836
vt 0.1994629 0.7470703
vt 0.2885742 0.6655273
vt 0.284668 0.6787109
vt 0.2597656 0.6416016
vt 0.2432861 0.6762695
vt 0.2565918 0.6669922
vt 0.2374268 0.6479492
vt 0.217041 0.6586914
vt 0.2247314 0.6230469
vt 0.1990967 0.6367188
vt 0.1906738 0.6142578
vt 0.2042236 0.6728516
vt 0.1867676 0.6518555
vt 0.1699219 0.6308594
vt 0.1557617 0.6113281
vt 0.1494141 0.6000977
vt 0.1435547 0.5888672
vt 0.1293945 0.6108398
vt 0.1228638 0.6005859
vt 0.1350098 0.6220703
vt 0.1138306 0.6206055
vt 0.1062622 0.6108398
vt 0.133667 0.637207
vt 0.1224365 0.6303711
vt 0.09924316 0.6318359
vt 0.090271 0.6225586
vt 0.1085815 0.6425781
vt 0.08685303 0.6425781
vt 0.07672119 0.6337891
vt 0.09906006 0.6518555
vt 0.07513428 0.6547852
vt 0.0645752 0.6455078
vt 0.1156616 0.6577148
vt 0.06488037 0.6669922
vt 0.05273438 0.6586914
vt 0.08740234 0.6650391
vt 0.05517578 0.6811523
vt 0.04214478 0.6733398
vt 0.07952881 0.675293
vt 0.09857178 0.6801758
vt 0.1470947 0.6513672
vt 0.1323242 0.6708984
vt 0.1584473 0.6611328
vt 0.1744385 0.6743164
vt 0.1484375 0.6821289
vt 0.1959229 0.6875
vt 0.1662598 0.6938477
vt 0.1185303 0.6918945
vt 0.1851807 0.7050781
vt 0.1378174 0.703125
vt 0.1762695 0.7265625
vt 0.1571045 0.7143555
vt 0.08435059 0.7045898
vt 0.1068726 0.7143555
vt 0.1281738 0.7241211
vt 0.1491699 0.7338867
vt 0.1702881 0.7426758
vt 0.1652832 0.7612305
vt 0.1425781 0.7539063
vt 0.1201172 0.7460938
vt 0.09765625 0.7382813
vt 0.06982422 0.6904297
vt 0.0635376 0.7011719
vt 0.07342529 0.7299805
vt 0.04711914 0.6948242
vt 0.03283691 0.6889648
vt 0.04031372 0.7099609
vt 0.0259552 0.7036133
vt 0.02008057 0.7211914
vt 0.05648804 0.7172852
vt 0.03515625 0.7250977
vt 0.01641846 0.7373047
vt 0.05239868 0.7290039
vt 0.03143311 0.7407227
vt 0.01446533 0.7553711
vt 0.04830933 0.7456055
vt 0.02940369 0.7558594
vt 0.01454926 0.769043
vt 0.06695557 0.7558594
vt 0.04650879 0.7578125
vt 0.02890015 0.7709961
vt 0.01623535 0.7861328
vt 0.04519653 0.7739258
vt 0.06365967 0.7817383
vt 0.09100342 0.762207
vt 0.02972412 0.7856445
vt 0.01876831 0.7998047
vt 0.1140137 0.7680664
vt 0.08679199 0.7856445
vt 0.1373291 0.7739258
vt 0.04537964 0.7856445
vt 0.03161621 0.800293
vt 0.02235413 0.8154297
vt 0.04626465 0.8017578
vt 0.03411865 0.8154297
vt 0.02404785 0.8237305
vt 0.03515625 0.8237305
vt 0.04769897 0.8139648
vt 0.04846191 0.8237305
vt 0.06311035 0.8066406
vt 0.06359863 0.8237305
vt 0.08447266 0.8081055
vt 0.08227539 0.8237305
vt 0.1055298 0.8237305
vt 0.1064453 0.8100586
vt 0.1094971 0.7895508
vt 0.1296387 0.8129883
vt 0.1245728 0.8237305
vt 0.1328125 0.7944336
vt 0.1486816 0.8188477
vt 0.1448975 0.8237305
vt 0.1538086 0.7993164
vt 0.1600342 0.7792969
vt 0.519043 0.8481445
vt 0.5576172 0.8535156
vt 0.5576172 0.8481445
vt 0.519043 0.8535156
vt 0.4807129 0.8481445
vt 0.5576172 0.8696289
vt 0.4797363 0.8535156
vt 0.4414063 0.8481445
vt 0.5185547 0.8696289
vt 0.5576172 0.8735352
vt 0.519043 0.8735352
vt 0.4799805 0.8696289
vt 0.4799805 0.8735352
vt 0.4404297 0.8691406
vt 0.4404297 0.8735352
vt 0.4404297 0.8530273
vt 0.4018555 0.8481445
vt 0.4013672 0.8530273
vt 0.3618164 0.8481445
vt 0.401123 0.8686523
vt 0.401123 0.8735352
vt 0.3605957 0.8686523
vt 0.361084 0.8735352
vt 0.3613281 0.8525391
vt 0.3212891 0.8481445
vt 0.3210449 0.8525391
vt 0.2814941 0.8481445
vt 0.3195801 0.8691406
vt 0.3203125 0.8735352
vt 0.2810059 0.8525391
vt 0.241333 0.8481445
vt 0.279541 0.8701172
vt 0.2800293 0.8735352
vt 0.2414551 0.8525391
vt 0.1610107 0.8481445
vt 0.2397461 0.8706055
vt 0.239502 0.8735352
vt 0.1600342 0.8515625
vt 0.1221924 0.8481445
vt 0.1607666 0.8686523
vt 0.1693115 0.8735352
vt 0.1220093 0.8520508
vt 0.1040039 0.8481445
vt 0.119812 0.8691406
vt 0.1221313 0.8735352
vt 0.1027222 0.8520508
vt 0.08630371 0.8481445
vt 0.09558105 0.8691406
vt 0.09625244 0.8735352
vt 0.08618164 0.8525391
vt 0.0657959 0.8481445
vt 0.06585693 0.8691406
vt 0.06744385 0.8735352
vt 0.06488037 0.8525391
vt 0.04870605 0.8481445
vt 0.04806519 0.8520508
vt 0.03585815 0.8481445
vt 0.04858398 0.8681641
vt 0.04922485 0.8735352
vt 0.03561401 0.8510742
vt 0.0226593 0.8481445
vt 0.03649902 0.8691406
vt 0.03613281 0.8735352
vt 0.02388 0.8510742
vt 0.01225281 0.8481445
vt 0.01225281 0.8510742
vt 0.01225281 0.8696289
vt 0.02345276 0.8691406
vt 0.01225281 0.8735352
vt 0.9145508 0.9438477
vt 0.8422852 0.9814453
vt 0.9145508 0.9814453
vt 0.8432617 0.940918
vt 0.9145508 0.9047852
vt 0.8486328 0.9033203
vt 0.9145508 0.8647461
vt 0.8588867 0.8637695
vt 0.8725586 0.8212891
vt 0.8554688 0.8637695
vt 0.9145508 0.824707
vt 0.8696289 0.8208008
vt 0.8867188 0.7807617
vt 0.8837891 0.7802734
vt 0.9145508 0.7836914
vt 0.8969727 0.7402344
vt 0.9145508 0.7421875
vt 0.9145508 0.7016602
vt 0.9052734 0.7011719
vt 0.8935547 0.7397461
vt 0.9145508 0.6606445
vt 0.9018555 0.7001953
vt 0.9101563 0.6601563
vt 0.9145508 0.5913086
vt 0.90625 0.6591797
vt 0.8969727 0.7402344
vt 0.8837891 0.7802734
vt 0.8867188 0.7807617
vt 0.8935547 0.7397461
vt 0.8813477 0.7797852
vt 0.8696289 0.8208008
vt 0.8671875 0.8203125
vt 0.8554688 0.8637695
vt 0.8525391 0.862793
vt 0.8457031 0.902832
vt 0.8588867 0.8637695
vt 0.8422852 0.902832
vt 0.8486328 0.9033203
vt 0.840332 0.940918
vt 0.8374023 0.940918
vt 0.8349609 0.9814453
vt 0.8432617 0.940918
vt 0.8383789 0.9814453
vt 0.8422852 0.9814453
vt 0.9770508 0.9472656
vt 0.9355469 0.9863281
vt 0.9770508 0.9863281
vt 0.9355469 0.9477539
vt 0.9775391 0.909668
vt 0.9355469 0.909668
vt 0.9785156 0.8691406
vt 0.9355469 0.8691406
vt 0.9814453 0.8242188
vt 0.9355469 0.824707
vt 0.9838867 0.7817383
vt 0.9355469 0.7817383
vt 0.9858398 0.7402344
vt 0.9355469 0.7407227
vt 0.9873047 0.7001953
vt 0.9355469 0.7006836
vt 0.9853516 0.659668
vt 0.9355469 0.659668
vt 0.9838867 0.5917969
vt 0.9355469 0.5942383
vt 0.9804688 0.5429688
vt 0.9355469 0.5429688
vt 0.9780273 0.5180664
vt 0.9355469 0.5170898
vt 0.9697266 0.4934082
vt 0.9746094 0.4914551
vt 0.9355469 0.4904785
vt 0.9609375 0.4836426
vt 0.965332 0.4777832
vt 0.9550781 0.4724121
vt 0.9526367 0.4790039
vt 0.9355469 0.4755859
vt 0.9355469 0.4685059
vt 1.59668 0.53125
vt 1.585938 0.5073242
vt 1.59668 0.5068359
vt 1.586914 0.5317383
vt 1.586914 0.5620117
vt 1.59668 0.5620117
vt 1.579102 0.5327148
vt 1.578125 0.5092773
vt 1.567383 0.512207
vt 1.585938 0.5966797
vt 1.59668 0.5976563
vt 1.579102 0.5615234
vt 1.568359 0.534668
vt 1.556641 0.5131836
vt 1.568359 0.5625
vt 1.578125 0.5957031
vt 1.585938 0.6323242
vt 1.59668 0.6337891
vt 1.556641 0.534668
vt 1.567383 0.5957031
vt 1.579102 0.6313477
vt 1.584961 0.6494141
vt 1.59668 0.6801758
vt 1.545898 0.5341797
vt 1.546875 0.512207
vt 1.556641 0.5620117
vt 1.568359 0.628418
vt 1.576172 0.6455078
vt 1.574219 0.6577148
vt 1.556641 0.5947266
vt 1.566406 0.640625
vt 1.555664 0.644043
vt 1.556641 0.6274414
vt 1.545898 0.5620117
vt 1.556641 0.6787109
vt 1.59668 0.7104492
vt 1.568359 0.6518555
vt 1.556641 0.659668
vt 1.520508 0.6767578
vt 1.519531 0.7055664
vt 1.555664 0.7084961
vt 1.555664 0.7387695
vt 1.59668 0.7402344
vt 1.59668 0.7617188
vt 1.556641 0.6547852
vt 1.544922 0.6513672
vt 1.540039 0.6557617
vt 1.530273 0.6469727
vt 1.537109 0.6435547
vt 1.535156 0.6298828
vt 1.547852 0.6396484
vt 1.545898 0.628418
vt 1.545898 0.5952148
vt 1.536133 0.5947266
vt 1.535156 0.5610352
vt 1.536133 0.5322266
vt 1.537109 0.5087891
vt 1.527344 0.5073242
vt 1.527344 0.5605469
vt 1.527344 0.53125
vt 1.506836 0.5068359
vt 1.527344 0.5947266
vt 1.506836 0.53125
vt 1.52832 0.6303711
vt 1.506836 0.5605469
vt 1.5 0.5317383
vt 1.498047 0.5083008
vt 1.487305 0.5117188
vt 1.504883 0.6459961
vt 1.506836 0.5947266
vt 1.499023 0.5600586
vt 1.487305 0.5336914
vt 1.476563 0.5131836
vt 1.488281 0.5605469
vt 1.477539 0.5341797
vt 1.467773 0.512207
vt 1.499023 0.59375
vt 1.506836 0.6293945
vt 1.5 0.628418
vt 1.488281 0.5932617
vt 1.477539 0.5610352
vt 1.467773 0.5341797
vt 1.488281 0.625
vt 1.478516 0.5932617
vt 1.458008 0.5327148
vt 1.458008 0.5092773
vt 1.46875 0.5615234
vt 1.458008 0.5610352
vt 1.446289 0.5322266
vt 1.446289 0.5083008
vt 1.428711 0.5097656
vt 1.487305 0.637207
vt 1.477539 0.6254883
vt 1.478516 0.6401367
vt 1.498047 0.6416016
vt 1.469727 0.5942383
vt 1.459961 0.5942383
vt 1.460938 0.628418
vt 1.469727 0.6264648
vt 1.494141 0.6557617
vt 1.447266 0.5610352
vt 1.470703 0.6367188
vt 1.489258 0.6494141
vt 1.449219 0.5947266
vt 1.429688 0.5332031
vt 1.420898 0.5336914
vt 1.417969 0.5117188
vt 1.40625 0.5161133
vt 1.429688 0.5620117
vt 1.461914 0.6425781
vt 1.40918 0.5366211
vt 1.396484 0.5180664
vt 1.397461 0.5380859
vt 1.386719 0.5175781
vt 1.411133 0.5625
vt 1.421875 0.5615234
vt 1.430664 0.5952148
vt 1.449219 0.6289063
vt 1.451172 0.6445313
vt 1.46875 0.6499023
vt 1.477539 0.652832
vt 1.477539 0.6586914
vt 1.464844 0.6567383
vt 1.441406 0.6728516
vt 1.478516 0.6748047
vt 1.431641 0.644043
vt 1.477539 0.7021484
vt 1.431641 0.6289063
vt 1.423828 0.5947266
vt 1.441406 0.6992188
vt 1.424805 0.6279297
vt 1.413086 0.5952148
vt 1.413086 0.6259766
vt 1.399414 0.5644531
vt 1.401367 0.5961914
vt 1.386719 0.5390625
vt 1.389648 0.565918
vt 1.375 0.5385742
vt 1.375 0.515625
vt 1.363281 0.5161133
vt 1.378906 0.565918
vt 1.365234 0.5390625
vt 1.34082 0.5424805
vt 1.336914 0.5200195
vt 1.300781 0.5283203
vt 1.305664 0.5493164
vt 1.268555 0.5371094
vt 1.34375 0.5703125
vt 1.368164 0.5668945
vt 1.380859 0.5986328
vt 1.273438 0.5571289
vt 1.236328 0.5473633
vt 1.30957 0.5761719
vt 1.371094 0.5996094
vt 1.392578 0.5976563
vt 1.242188 0.565918
vt 1.206055 0.559082
vt 1.34668 0.6025391
vt 1.381836 0.6303711
vt 1.40332 0.6259766
vt 1.27832 0.5825195
vt 1.212891 0.5771484
vt 1.177734 0.5722656
vt 1.374023 0.6313477
vt 1.3125 0.6074219
vt 1.24707 0.5898438
vt 1.412109 0.6362305
vt 1.404297 0.6401367
vt 1.394531 0.6279297
vt 1.422852 0.640625
vt 1.396484 0.637207
vt 1.384766 0.6420898
vt 1.419922 0.6557617
vt 1.40332 0.6591797
vt 1.414063 0.6494141
vt 1.40332 0.6518555
vt 1.392578 0.6494141
vt 1.388672 0.6557617
vt 1.353516 0.6694336
vt 1.404297 0.6713867
vt 1.376953 0.6464844
vt 1.404297 0.6958008
vt 1.353516 0.690918
vt 1.350586 0.6337891
vt 1.316406 0.6367188
vt 1.441406 0.7260742
vt 1.317383 0.6674805
vt 1.283203 0.6118164
vt 1.286133 0.6386719
vt 1.25293 0.6171875
vt 1.477539 0.730957
vt 1.21875 0.6000977
vt 1.519531 0.7348633
vt 1.516602 0.7514648
vt 1.185547 0.5908203
vt 1.556641 0.7568359
vt 1.513672 0.7836914
vt 1.59668 0.7885742
vt 1.554688 0.7866211
vt 1.59668 0.8105469
vt 1.476563 0.7451172
vt 1.552734 0.809082
vt 1.547852 0.8237305
vt 1.59668 0.8237305
vt 1.508789 0.8237305
vt 1.511719 0.8076172
vt 1.469727 0.8237305
vt 1.47168 0.8061523
vt 1.429688 0.8237305
vt 1.4375 0.7387695
vt 1.43457 0.7753906
vt 1.473633 0.7792969
vt 1.431641 0.8051758
vt 1.389648 0.8237305
vt 1.390625 0.8037109
vt 1.349609 0.8237305
vt 1.400391 0.7202148
vt 1.398438 0.734375
vt 1.354492 0.7128906
vt 1.356445 0.7294922
vt 1.355469 0.7670898
vt 1.394531 0.7714844
vt 1.350586 0.8017578
vt 1.308594 0.8237305
vt 1.311523 0.7993164
vt 1.267578 0.8237305
vt 1.313477 0.703125
vt 1.316406 0.7236328
vt 1.314453 0.7617188
vt 1.267578 0.7954102
vt 1.183594 0.8237305
vt 1.276367 0.7182617
vt 1.271484 0.7568359
vt 1.31543 0.6850586
vt 1.193359 0.784668
vt 1.28125 0.6928711
vt 1.21875 0.7006836
vt 1.199219 0.7470703
vt 1.289063 0.6655273
vt 1.28418 0.6787109
vt 1.259766 0.6416016
vt 1.243164 0.6762695
vt 1.256836 0.6669922
vt 1.237305 0.6479492
vt 1.216797 0.6586914
vt 1.224609 0.6230469
vt 1.199219 0.6367188
vt 1.19043 0.6142578
vt 1.204102 0.6728516
vt 1.186523 0.6518555
vt 1.169922 0.6308594
vt 1.15625 0.6113281
vt 1.149414 0.6000977
vt 1.143555 0.5888672
vt 1.129883 0.6108398
vt 1.123047 0.6005859
vt 1.134766 0.6220703
vt 1.114258 0.6206055
vt 1.106445 0.6108398
vt 1.133789 0.637207
vt 1.12207 0.6303711
vt 1.099609 0.6318359
vt 1.089844 0.6225586
vt 1.108398 0.6425781
vt 1.086914 0.6425781
vt 1.077148 0.6337891
vt 1.098633 0.6518555
vt 1.075195 0.6547852
vt 1.064453 0.6455078
vt 1.115234 0.6577148
vt 1.147461 0.6513672
vt 1.087891 0.6650391
vt 1.064453 0.6669922
vt 1.052734 0.6586914
vt 1.158203 0.6611328
vt 1.131836 0.6708984
vt 1.098633 0.6801758
vt 1.079102 0.675293
vt 1.055664 0.6811523
vt 1.041992 0.6733398
vt 1.174805 0.6743164
vt 1.148438 0.6821289
vt 1.196289 0.6875
vt 1.166016 0.6938477
vt 1.118164 0.6918945
vt 1.069336 0.6904297
vt 1.046875 0.6948242
vt 1.033203 0.6889648
vt 1.185547 0.7050781
vt 1.137695 0.703125
vt 1.083984 0.7045898
vt 1.063477 0.7011719
vt 1.040039 0.7099609
vt 1.026367 0.7036133
vt 1.020508 0.7211914
vt 1.157227 0.7143555
vt 1.106445 0.7143555
vt 1.056641 0.7172852
vt 1.035156 0.7250977
vt 1.016602 0.7373047
vt 1.073242 0.7299805
vt 1.12793 0.7241211
vt 1.175781 0.7265625
vt 1.052734 0.7290039
vt 1.03125 0.7407227
vt 1.014648 0.7553711
vt 1.149414 0.7338867
vt 1.097656 0.7382813
vt 1.169922 0.7426758
vt 1.047852 0.7456055
vt 1.029297 0.7558594
vt 1.014648 0.769043
vt 1.120117 0.7460938
vt 1.165039 0.7612305
vt 1.142578 0.7539063
vt 1.067383 0.7558594
vt 1.046875 0.7578125
vt 1.09082 0.762207
vt 1.063477 0.7817383
vt 1.114258 0.7680664
vt 1.137695 0.7739258
vt 1.044922 0.7739258
vt 1.029297 0.7709961
vt 1.016602 0.7861328
vt 1.029297 0.7856445
vt 1.018555 0.7998047
vt 1.086914 0.7856445
vt 1.160156 0.7792969
vt 1.109375 0.7895508
vt 1.154297 0.7993164
vt 1.132813 0.7944336
vt 1.148438 0.8188477
vt 1.144531 0.8237305
vt 1.125 0.8237305
vt 1.129883 0.8129883
vt 1.105469 0.8237305
vt 1.106445 0.8100586
vt 1.083984 0.8081055
vt 1.082031 0.8237305
vt 1.063477 0.8237305
vt 1.063477 0.8066406
vt 1.048828 0.8237305
vt 1.047852 0.8139648
vt 1.035156 0.8237305
vt 1.045898 0.8017578
vt 1.03418 0.8154297
vt 1.024414 0.8237305
vt 1.022461 0.8154297
vt 1.03125 0.800293
vt 1.044922 0.7856445
vt 1.518555 0.8481445
vt 1.557617 0.8481445
vt 1.557617 0.8535156
vt 1.518555 0.8535156
vt 1.480469 0.8481445
vt 1.557617 0.8696289
vt 1.479492 0.8535156
vt 1.441406 0.8481445
vt 1.518555 0.8696289
vt 1.557617 0.8735352
vt 1.518555 0.8735352
vt 1.479492 0.8696289
vt 1.479492 0.8735352
vt 1.44043 0.8691406
vt 1.44043 0.8735352
vt 1.44043 0.8530273
vt 1.401367 0.8481445
vt 1.401367 0.8530273
vt 1.362305 0.8481445
vt 1.401367 0.8686523
vt 1.401367 0.8735352
vt 1.360352 0.8686523
vt 1.361328 0.8735352
vt 1.361328 0.8525391
vt 1.321289 0.8481445
vt 1.321289 0.8525391
vt 1.28125 0.8481445
vt 1.319336 0.8691406
vt 1.320313 0.8735352
vt 1.28125 0.8525391
vt 1.241211 0.8481445
vt 1.279297 0.8701172
vt 1.280273 0.8735352
vt 1.241211 0.8525391
vt 1.161133 0.8481445
vt 1.239258 0.8706055
vt 1.239258 0.8735352
vt 1.160156 0.8515625
vt 1.12207 0.8481445
vt 1.161133 0.8686523
vt 1.168945 0.8735352
vt 1.12207 0.8520508
vt 1.103516 0.8481445
vt 1.120117 0.8691406
vt 1.12207 0.8735352
vt 1.102539 0.8520508
vt 1.085938 0.8481445
vt 1.095703 0.8691406
vt 1.09668 0.8735352
vt 1.085938 0.8525391
vt 1.06543 0.8481445
vt 1.06543 0.8691406
vt 1.067383 0.8735352
vt 1.064453 0.8525391
vt 1.048828 0.8481445
vt 1.047852 0.8520508
vt 1.036133 0.8481445
vt 1.048828 0.8681641
vt 1.048828 0.8735352
vt 1.035156 0.8510742
vt 1.022461 0.8481445
vt 1.036133 0.8691406
vt 1.036133 0.8735352
vt 1.023438 0.8510742
vt 1.012695 0.8481445
vt 1.012695 0.8510742
vt 1.012695 0.8696289
vt 1.023438 0.8691406
vt 1.012695 0.8735352
vt 1.915039 0.9438477
vt 1.915039 0.9814453
vt 1.842773 0.9814453
vt 1.84375 0.940918
vt 1.915039 0.9047852
vt 1.848633 0.9033203
vt 1.915039 0.8647461
vt 1.859375 0.8637695
vt 1.873047 0.8212891
vt 1.855469 0.8637695
vt 1.915039 0.824707
vt 1.870117 0.8208008
vt 1.886719 0.7807617
vt 1.883789 0.7802734
vt 1.915039 0.7836914
vt 1.897461 0.7402344
vt 1.915039 0.7421875
vt 1.915039 0.7016602
vt 1.905273 0.7011719
vt 1.893555 0.7397461
vt 1.915039 0.6606445
vt 1.902344 0.7001953
vt 1.910156 0.6601563
vt 1.915039 0.5913086
vt 1.90625 0.6591797
vt 1.897461 0.7402344
vt 1.886719 0.7807617
vt 1.883789 0.7802734
vt 1.893555 0.7397461
vt 1.881836 0.7797852
vt 1.870117 0.8208008
vt 1.867188 0.8203125
vt 1.855469 0.8637695
vt 1.852539 0.862793
vt 1.845703 0.902832
vt 1.859375 0.8637695
vt 1.842773 0.902832
vt 1.848633 0.9033203
vt 1.839844 0.940918
vt 1.837891 0.940918
vt 1.834961 0.9814453
vt 1.84375 0.940918
vt 1.837891 0.9814453
vt 1.842773 0.9814453
vt 1.977539 0.9472656
vt 1.977539 0.9863281
vt 1.935547 0.9863281
vt 1.935547 0.9477539
vt 1.977539 0.909668
vt 1.935547 0.909668
vt 1.978516 0.8691406
vt 1.935547 0.8691406
vt 1.981445 0.8242188
vt 1.935547 0.824707
vt 1.983398 0.7817383
vt 1.935547 0.7817383
vt 1.986328 0.7402344
vt 1.935547 0.7407227
vt 1.987305 0.7001953
vt 1.935547 0.7006836
vt 1.985352 0.659668
vt 1.935547 0.659668
vt 1.984375 0.5917969
vt 1.935547 0.5942383
vt 1.980469 0.5429688
vt 1.935547 0.5429688
vt 1.977539 0.5180664
vt 1.935547 0.5170898
vt 1.969727 0.4934082
vt 1.974609 0.4914551
vt 1.935547 0.4904785
vt 1.960938 0.4836426
vt 1.964844 0.4777832
vt 1.955078 0.4724121
vt 1.953125 0.4790039
vt 1.935547 0.4755859
vt 1.935547 0.4685059
vt 1.59668 0.53125
vt 1.585938 0.5073242
vt 1.59668 0.5068359
vt 1.586914 0.5317383
vt 1.586914 0.5620117
vt 1.59668 0.5620117
vt 1.579102 0.5327148
vt 1.578125 0.5092773
vt 1.567383 0.512207
vt 1.585938 0.5966797
vt 1.59668 0.5976563
vt 1.579102 0.5615234
vt 1.568359 0.534668
vt 1.556641 0.5131836
vt 1.568359 0.5625
vt 1.578125 0.5957031
vt 1.585938 0.6323242
vt 1.59668 0.6337891
vt 1.556641 0.534668
vt 1.567383 0.5957031
vt 1.579102 0.6313477
vt 1.584961 0.6494141
vt 1.59668 0.6801758
vt 1.545898 0.5341797
vt 1.546875 0.512207
vt 1.556641 0.5620117
vt 1.568359 0.628418
vt 1.576172 0.6455078
vt 1.574219 0.6577148
vt 1.556641 0.5947266
vt 1.566406 0.640625
vt 1.555664 0.644043
vt 1.556641 0.6274414
vt 1.545898 0.5620117
vt 1.556641 0.6787109
vt 1.59668 0.7104492
vt 1.568359 0.6518555
vt 1.556641 0.659668
vt 1.520508 0.6767578
vt 1.519531 0.7055664
vt 1.555664 0.7084961
vt 1.555664 0.7387695
vt 1.59668 0.7402344
vt 1.59668 0.7617188
vt 1.556641 0.6547852
vt 1.544922 0.6513672
vt 1.540039 0.6557617
vt 1.530273 0.6469727
vt 1.537109 0.6435547
vt 1.535156 0.6298828
vt 1.547852 0.6396484
vt 1.545898 0.628418
vt 1.545898 0.5952148
vt 1.536133 0.5947266
vt 1.535156 0.5610352
vt 1.536133 0.5322266
vt 1.537109 0.5087891
vt 1.527344 0.5073242
vt 1.527344 0.5605469
vt 1.527344 0.53125
vt 1.506836 0.5068359
vt 1.527344 0.5947266
vt 1.506836 0.53125
vt 1.52832 0.6303711
vt 1.506836 0.5605469
vt 1.5 0.5317383
vt 1.498047 0.5083008
vt 1.487305 0.5117188
vt 1.504883 0.6459961
vt 1.506836 0.5947266
vt 1.499023 0.5600586
vt 1.487305 0.5336914
vt 1.476563 0.5131836
vt 1.488281 0.5605469
vt 1.477539 0.5341797
vt 1.467773 0.512207
vt 1.499023 0.59375
vt 1.506836 0.6293945
vt 1.5 0.628418
vt 1.488281 0.5932617
vt 1.477539 0.5610352
vt 1.467773 0.5341797
vt 1.488281 0.625
vt 1.478516 0.5932617
vt 1.458008 0.5327148
vt 1.458008 0.5092773
vt 1.46875 0.5615234
vt 1.458008 0.5610352
vt 1.446289 0.5322266
vt 1.446289 0.5083008
vt 1.428711 0.5097656
vt 1.487305 0.637207
vt 1.477539 0.6254883
vt 1.478516 0.6401367
vt 1.498047 0.6416016
vt 1.469727 0.5942383
vt 1.459961 0.5942383
vt 1.460938 0.628418
vt 1.469727 0.6264648
vt 1.494141 0.6557617
vt 1.447266 0.5610352
vt 1.470703 0.6367188
vt 1.489258 0.6494141
vt 1.449219 0.5947266
vt 1.429688 0.5332031
vt 1.420898 0.5336914
vt 1.417969 0.5117188
vt 1.40625 0.5161133
vt 1.429688 0.5620117
vt 1.461914 0.6425781
vt 1.40918 0.5366211
vt 1.396484 0.5180664
vt 1.397461 0.5380859
vt 1.386719 0.5175781
vt 1.411133 0.5625
vt 1.421875 0.5615234
vt 1.430664 0.5952148
vt 1.449219 0.6289063
vt 1.451172 0.6445313
vt 1.46875 0.6499023
vt 1.477539 0.652832
vt 1.477539 0.6586914
vt 1.464844 0.6567383
vt 1.441406 0.6728516
vt 1.478516 0.6748047
vt 1.431641 0.644043
vt 1.477539 0.7021484
vt 1.431641 0.6289063
vt 1.423828 0.5947266
vt 1.441406 0.6992188
vt 1.424805 0.6279297
vt 1.413086 0.5952148
vt 1.413086 0.6259766
vt 1.399414 0.5644531
vt 1.401367 0.5961914
vt 1.386719 0.5390625
vt 1.389648 0.565918
vt 1.375 0.5385742
vt 1.375 0.515625
vt 1.363281 0.5161133
vt 1.378906 0.565918
vt 1.365234 0.5390625
vt 1.34082 0.5424805
vt 1.336914 0.5200195
vt 1.300781 0.5283203
vt 1.305664 0.5493164
vt 1.268555 0.5371094
vt 1.34375 0.5703125
vt 1.368164 0.5668945
vt 1.380859 0.5986328
vt 1.273438 0.5571289
vt 1.236328 0.5473633
vt 1.30957 0.5761719
vt 1.371094 0.5996094
vt 1.392578 0.5976563
vt 1.242188 0.565918
vt 1.206055 0.559082
vt 1.34668 0.6025391
vt 1.381836 0.6303711
vt 1.40332 0.6259766
vt 1.27832 0.5825195
vt 1.212891 0.5771484
vt 1.177734 0.5722656
vt 1.374023 0.6313477
vt 1.3125 0.6074219
vt 1.24707 0.5898438
vt 1.412109 0.6362305
vt 1.404297 0.6401367
vt 1.394531 0.6279297
vt 1.422852 0.640625
vt 1.396484 0.637207
vt 1.384766 0.6420898
vt 1.419922 0.6557617
vt 1.40332 0.6591797
vt 1.414063 0.6494141
vt 1.40332 0.6518555
vt 1.392578 0.6494141
vt 1.388672 0.6557617
vt 1.353516 0.6694336
vt 1.404297 0.6713867
vt 1.376953 0.6464844
vt 1.404297 0.6958008
vt 1.353516 0.690918
vt 1.350586 0.6337891
vt 1.316406 0.6367188
vt 1.441406 0.7260742
vt 1.317383 0.6674805
vt 1.283203 0.6118164
vt 1.286133 0.6386719
vt 1.25293 0.6171875
vt 1.477539 0.730957
vt 1.21875 0.6000977
vt 1.519531 0.7348633
vt 1.516602 0.7514648
vt 1.185547 0.5908203
vt 1.556641 0.7568359
vt 1.513672 0.7836914
vt 1.59668 0.7885742
vt 1.554688 0.7866211
vt 1.59668 0.8105469
vt 1.476563 0.7451172
vt 1.552734 0.809082
vt 1.547852 0.8237305
vt 1.59668 0.8237305
vt 1.508789 0.8237305
vt 1.511719 0.8076172
vt 1.469727 0.8237305
vt 1.47168 0.8061523
vt 1.429688 0.8237305
vt 1.4375 0.7387695
vt 1.43457 0.7753906
vt 1.473633 0.7792969
vt 1.431641 0.8051758
vt 1.389648 0.8237305
vt 1.390625 0.8037109
vt 1.349609 0.8237305
vt 1.400391 0.7202148
vt 1.398438 0.734375
vt 1.354492 0.7128906
vt 1.356445 0.7294922
vt 1.355469 0.7670898
vt 1.394531 0.7714844
vt 1.350586 0.8017578
vt 1.308594 0.8237305
vt 1.311523 0.7993164
vt 1.267578 0.8237305
vt 1.313477 0.703125
vt 1.316406 0.7236328
vt 1.314453 0.7617188
vt 1.267578 0.7954102
vt 1.183594 0.8237305
vt 1.276367 0.7182617
vt 1.271484 0.7568359
vt 1.31543 0.6850586
vt 1.193359 0.784668
vt 1.28125 0.6928711
vt 1.21875 0.7006836
vt 1.199219 0.7470703
vt 1.289063 0.6655273
vt 1.28418 0.6787109
vt 1.259766 0.6416016
vt 1.243164 0.6762695
vt 1.256836 0.6669922
vt 1.237305 0.6479492
vt 1.216797 0.6586914
vt 1.224609 0.6230469
vt 1.199219 0.6367188
vt 1.19043 0.6142578
vt 1.204102 0.6728516
vt 1.186523 0.6518555
vt 1.169922 0.6308594
vt 1.15625 0.6113281
vt 1.149414 0.6000977
vt 1.143555 0.5888672
vt 1.129883 0.6108398
vt 1.123047 0.6005859
vt 1.134766 0.6220703
vt 1.114258 0.6206055
vt 1.106445 0.6108398
vt 1.133789 0.637207
vt 1.12207 0.6303711
vt 1.099609 0.6318359
vt 1.089844 0.6225586
vt 1.108398 0.6425781
vt 1.086914 0.6425781
vt 1.077148 0.6337891
vt 1.098633 0.6518555
vt 1.075195 0.6547852
vt 1.064453 0.6455078
vt 1.115234 0.6577148
vt 1.147461 0.6513672
vt 1.087891 0.6650391
vt 1.064453 0.6669922
vt 1.052734 0.6586914
vt 1.158203 0.6611328
vt 1.131836 0.6708984
vt 1.098633 0.6801758
vt 1.079102 0.675293
vt 1.055664 0.6811523
vt 1.041992 0.6733398
vt 1.174805 0.6743164
vt 1.148438 0.6821289
vt 1.196289 0.6875
vt 1.166016 0.6938477
vt 1.118164 0.6918945
vt 1.069336 0.6904297
vt 1.046875 0.6948242
vt 1.033203 0.6889648
vt 1.185547 0.7050781
vt 1.137695 0.703125
vt 1.083984 0.7045898
vt 1.063477 0.7011719
vt 1.040039 0.7099609
vt 1.026367 0.7036133
vt 1.020508 0.7211914
vt 1.157227 0.7143555
vt 1.106445 0.7143555
vt 1.056641 0.7172852
vt 1.035156 0.7250977
vt 1.016602 0.7373047
vt 1.073242 0.7299805
vt 1.12793 0.7241211
vt 1.175781 0.7265625
vt 1.052734 0.7290039
vt 1.03125 0.7407227
vt 1.014648 0.7553711
vt 1.149414 0.7338867
vt 1.097656 0.7382813
vt 1.169922 0.7426758
vt 1.047852 0.7456055
vt 1.029297 0.7558594
vt 1.014648 0.769043
vt 1.120117 0.7460938
vt 1.165039 0.7612305
vt 1.142578 0.7539063
vt 1.067383 0.7558594
vt 1.046875 0.7578125
vt 1.09082 0.762207
vt 1.063477 0.7817383
vt 1.114258 0.7680664
vt 1.137695 0.7739258
vt 1.044922 0.7739258
vt 1.029297 0.7709961
vt 1.016602 0.7861328
vt 1.029297 0.7856445
vt 1.018555 0.7998047
vt 1.086914 0.7856445
vt 1.160156 0.7792969
vt 1.109375 0.7895508
vt 1.154297 0.7993164
vt 1.132813 0.7944336
vt 1.148438 0.8188477
vt 1.144531 0.8237305
vt 1.125 0.8237305
vt 1.129883 0.8129883
vt 1.105469 0.8237305
vt 1.106445 0.8100586
vt 1.083984 0.8081055
vt 1.082031 0.8237305
vt 1.063477 0.8237305
vt 1.063477 0.8066406
vt 1.048828 0.8237305
vt 1.047852 0.8139648
vt 1.035156 0.8237305
vt 1.045898 0.8017578
vt 1.03418 0.8154297
vt 1.024414 0.8237305
vt 1.022461 0.8154297
vt 1.03125 0.800293
vt 1.044922 0.7856445
vt 1.518555 0.8481445
vt 1.557617 0.8481445
vt 1.557617 0.8535156
vt 1.518555 0.8535156
vt 1.480469 0.8481445
vt 1.557617 0.8696289
vt 1.479492 0.8535156
vt 1.441406 0.8481445
vt 1.518555 0.8696289
vt 1.557617 0.8735352
vt 1.518555 0.8735352
vt 1.479492 0.8696289
vt 1.479492 0.8735352
vt 1.44043 0.8691406
vt 1.44043 0.8735352
vt 1.44043 0.8530273
vt 1.401367 0.8481445
vt 1.401367 0.8530273
vt 1.362305 0.8481445
vt 1.401367 0.8686523
vt 1.401367 0.8735352
vt 1.360352 0.8686523
vt 1.361328 0.8735352
vt 1.361328 0.8525391
vt 1.321289 0.8481445
vt 1.321289 0.8525391
vt 1.28125 0.8481445
vt 1.319336 0.8691406
vt 1.320313 0.8735352
vt 1.28125 0.8525391
vt 1.241211 0.8481445
vt 1.279297 0.8701172
vt 1.280273 0.8735352
vt 1.241211 0.8525391
vt 1.161133 0.8481445
vt 1.239258 0.8706055
vt 1.239258 0.8735352
vt 1.160156 0.8515625
vt 1.12207 0.8481445
vt 1.161133 0.8686523
vt 1.168945 0.8735352
vt 1.12207 0.8520508
vt 1.103516 0.8481445
vt 1.120117 0.8691406
vt 1.12207 0.8735352
vt 1.102539 0.8520508
vt 1.085938 0.8481445
vt 1.095703 0.8691406
vt 1.09668 0.8735352
vt 1.085938 0.8525391
vt 1.06543 0.8481445
vt 1.06543 0.8691406
vt 1.067383 0.8735352
vt 1.064453 0.8525391
vt 1.048828 0.8481445
vt 1.047852 0.8520508
vt 1.036133 0.8481445
vt 1.048828 0.8681641
vt 1.048828 0.8735352
vt 1.035156 0.8510742
vt 1.022461 0.8481445
vt 1.036133 0.8691406
vt 1.036133 0.8735352
vt 1.023438 0.8510742
vt 1.012695 0.8481445
vt 1.012695 0.8510742
vt 1.012695 0.8696289
vt 1.023438 0.8691406
vt 1.012695 0.8735352
vt 1.915039 0.9438477
vt 1.915039 0.9814453
vt 1.842773 0.9814453
vt 1.84375 0.940918
vt 1.915039 0.9047852
vt 1.848633 0.9033203
vt 1.915039 0.8647461
vt 1.859375 0.8637695
vt 1.873047 0.8212891
vt 1.855469 0.8637695
vt 1.915039 0.824707
vt 1.870117 0.8208008
vt 1.886719 0.7807617
vt 1.883789 0.7802734
vt 1.915039 0.7836914
vt 1.897461 0.7402344
vt 1.915039 0.7421875
vt 1.915039 0.7016602
vt 1.905273 0.7011719
vt 1.893555 0.7397461
vt 1.915039 0.6606445
vt 1.902344 0.7001953
vt 1.910156 0.6601563
vt 1.915039 0.5913086
vt 1.90625 0.6591797
vt 1.897461 0.7402344
vt 1.886719 0.7807617
vt 1.883789 0.7802734
vt 1.893555 0.7397461
vt 1.881836 0.7797852
vt 1.870117 0.8208008
vt 1.867188 0.8203125
vt 1.855469 0.8637695
vt 1.852539 0.862793
vt 1.845703 0.902832
vt 1.859375 0.8637695
vt 1.842773 0.902832
vt 1.848633 0.9033203
vt 1.839844 0.940918
vt 1.837891 0.940918
vt 1.834961 0.9814453
vt 1.84375 0.940918
vt 1.837891 0.9814453
vt 1.842773 0.9814453
vt 1.977539 0.9472656
vt 1.977539 0.9863281
vt 1.935547 0.9863281
vt 1.935547 0.9477539
vt 1.977539 0.909668
vt 1.935547 0.909668
vt 1.978516 0.8691406
vt 1.935547 0.8691406
vt 1.981445 0.8242188
vt 1.935547 0.824707
vt 1.983398 0.7817383
vt 1.935547 0.7817383
vt 1.986328 0.7402344
vt 1.935547 0.7407227
vt 1.987305 0.7001953
vt 1.935547 0.7006836
vt 1.985352 0.659668
vt 1.935547 0.659668
vt 1.984375 0.5917969
vt 1.935547 0.5942383
vt 1.980469 0.5429688
vt 1.935547 0.5429688
vt 1.977539 0.5180664
vt 1.935547 0.5170898
vt 1.969727 0.4934082
vt 1.974609 0.4914551
vt 1.935547 0.4904785
vt 1.960938 0.4836426
vt 1.964844 0.4777832
vt 1.955078 0.4724121
vt 1.953125 0.4790039
vt 1.935547 0.4755859
vt 1.935547 0.4685059
vt 1.59668 0.53125
vt 1.59668 0.5068359
vt 1.585938 0.5073242
vt 1.586914 0.5317383
vt 1.586914 0.5620117
vt 1.59668 0.5620117
vt 1.579102 0.5327148
vt 1.578125 0.5092773
vt 1.567383 0.512207
vt 1.585938 0.5966797
vt 1.59668 0.5976563
vt 1.579102 0.5615234
vt 1.568359 0.534668
vt 1.556641 0.5131836
vt 1.568359 0.5625
vt 1.578125 0.5957031
vt 1.585938 0.6323242
vt 1.59668 0.6337891
vt 1.556641 0.534668
vt 1.567383 0.5957031
vt 1.579102 0.6313477
vt 1.584961 0.6494141
vt 1.59668 0.6801758
vt 1.545898 0.5341797
vt 1.546875 0.512207
vt 1.556641 0.5620117
vt 1.568359 0.628418
vt 1.576172 0.6455078
vt 1.574219 0.6577148
vt 1.556641 0.5947266
vt 1.566406 0.640625
vt 1.555664 0.644043
vt 1.556641 0.6274414
vt 1.545898 0.5620117
vt 1.556641 0.6787109
vt 1.59668 0.7104492
vt 1.568359 0.6518555
vt 1.556641 0.659668
vt 1.520508 0.6767578
vt 1.519531 0.7055664
vt 1.555664 0.7084961
vt 1.555664 0.7387695
vt 1.59668 0.7402344
vt 1.59668 0.7617188
vt 1.556641 0.6547852
vt 1.544922 0.6513672
vt 1.540039 0.6557617
vt 1.530273 0.6469727
vt 1.537109 0.6435547
vt 1.535156 0.6298828
vt 1.547852 0.6396484
vt 1.545898 0.628418
vt 1.545898 0.5952148
vt 1.536133 0.5947266
vt 1.535156 0.5610352
vt 1.536133 0.5322266
vt 1.537109 0.5087891
vt 1.527344 0.5073242
vt 1.527344 0.5605469
vt 1.527344 0.53125
vt 1.506836 0.5068359
vt 1.527344 0.5947266
vt 1.506836 0.53125
vt 1.52832 0.6303711
vt 1.506836 0.5605469
vt 1.5 0.5317383
vt 1.498047 0.5083008
vt 1.487305 0.5117188
vt 1.504883 0.6459961
vt 1.506836 0.5947266
vt 1.499023 0.5600586
vt 1.487305 0.5336914
vt 1.476563 0.5131836
vt 1.488281 0.5605469
vt 1.477539 0.5341797
vt 1.467773 0.512207
vt 1.499023 0.59375
vt 1.506836 0.6293945
vt 1.5 0.628418
vt 1.488281 0.5932617
vt 1.477539 0.5610352
vt 1.467773 0.5341797
vt 1.488281 0.625
vt 1.478516 0.5932617
vt 1.458008 0.5327148
vt 1.458008 0.5092773
vt 1.46875 0.5615234
vt 1.446289 0.5322266
vt 1.446289 0.5083008
vt 1.428711 0.5097656
vt 1.458008 0.5610352
vt 1.487305 0.637207
vt 1.477539 0.6254883
vt 1.478516 0.6401367
vt 1.498047 0.6416016
vt 1.469727 0.5942383
vt 1.459961 0.5942383
vt 1.460938 0.628418
vt 1.469727 0.6264648
vt 1.447266 0.5610352
vt 1.494141 0.6557617
vt 1.470703 0.6367188
vt 1.429688 0.5332031
vt 1.420898 0.5336914
vt 1.417969 0.5117188
vt 1.40625 0.5161133
vt 1.429688 0.5620117
vt 1.489258 0.6494141
vt 1.461914 0.6425781
vt 1.40918 0.5366211
vt 1.396484 0.5180664
vt 1.397461 0.5380859
vt 1.386719 0.5175781
vt 1.411133 0.5625
vt 1.421875 0.5615234
vt 1.477539 0.6586914
vt 1.477539 0.652832
vt 1.46875 0.6499023
vt 1.478516 0.6748047
vt 1.451172 0.6445313
vt 1.464844 0.6567383
vt 1.441406 0.6728516
vt 1.477539 0.7021484
vt 1.441406 0.6992188
vt 1.449219 0.6289063
vt 1.431641 0.644043
vt 1.449219 0.5947266
vt 1.430664 0.5952148
vt 1.431641 0.6289063
vt 1.423828 0.5947266
vt 1.424805 0.6279297
vt 1.413086 0.5952148
vt 1.413086 0.6259766
vt 1.399414 0.5644531
vt 1.401367 0.5961914
vt 1.386719 0.5390625
vt 1.389648 0.565918
vt 1.375 0.5385742
vt 1.375 0.515625
vt 1.363281 0.5161133
vt 1.378906 0.565918
vt 1.365234 0.5390625
vt 1.34082 0.5424805
vt 1.336914 0.5200195
vt 1.300781 0.5283203
vt 1.305664 0.5493164
vt 1.268555 0.5371094
vt 1.34375 0.5703125
vt 1.368164 0.5668945
vt 1.380859 0.5986328
vt 1.273438 0.5571289
vt 1.236328 0.5473633
vt 1.30957 0.5761719
vt 1.371094 0.5996094
vt 1.392578 0.5976563
vt 1.242188 0.565918
vt 1.206055 0.559082
vt 1.34668 0.6025391
vt 1.381836 0.6303711
vt 1.40332 0.6259766
vt 1.27832 0.5825195
vt 1.212891 0.5771484
vt 1.177734 0.5722656
vt 1.374023 0.6313477
vt 1.3125 0.6074219
vt 1.24707 0.5898438
vt 1.412109 0.6362305
vt 1.404297 0.6401367
vt 1.394531 0.6279297
vt 1.422852 0.640625
vt 1.396484 0.637207
vt 1.384766 0.6420898
vt 1.419922 0.6557617
vt 1.40332 0.6591797
vt 1.414063 0.6494141
vt 1.40332 0.6518555
vt 1.392578 0.6494141
vt 1.388672 0.6557617
vt 1.353516 0.6694336
vt 1.404297 0.6713867
vt 1.376953 0.6464844
vt 1.404297 0.6958008
vt 1.353516 0.690918
vt 1.350586 0.6337891
vt 1.316406 0.6367188
vt 1.441406 0.7260742
vt 1.317383 0.6674805
vt 1.283203 0.6118164
vt 1.286133 0.6386719
vt 1.25293 0.6171875
vt 1.477539 0.730957
vt 1.21875 0.6000977
vt 1.519531 0.7348633
vt 1.516602 0.7514648
vt 1.185547 0.5908203
vt 1.556641 0.7568359
vt 1.513672 0.7836914
vt 1.59668 0.7885742
vt 1.554688 0.7866211
vt 1.59668 0.8105469
vt 1.476563 0.7451172
vt 1.552734 0.809082
vt 1.547852 0.8237305
vt 1.59668 0.8237305
vt 1.508789 0.8237305
vt 1.511719 0.8076172
vt 1.469727 0.8237305
vt 1.47168 0.8061523
vt 1.429688 0.8237305
vt 1.4375 0.7387695
vt 1.43457 0.7753906
vt 1.473633 0.7792969
vt 1.431641 0.8051758
vt 1.389648 0.8237305
vt 1.390625 0.8037109
vt 1.349609 0.8237305
vt 1.400391 0.7202148
vt 1.398438 0.734375
vt 1.354492 0.7128906
vt 1.356445 0.7294922
vt 1.355469 0.7670898
vt 1.394531 0.7714844
vt 1.350586 0.8017578
vt 1.308594 0.8237305
vt 1.311523 0.7993164
vt 1.267578 0.8237305
vt 1.313477 0.703125
vt 1.316406 0.7236328
vt 1.314453 0.7617188
vt 1.267578 0.7954102
vt 1.183594 0.8237305
vt 1.276367 0.7182617
vt 1.271484 0.7568359
vt 1.31543 0.6850586
vt 1.193359 0.784668
vt 1.28125 0.6928711
vt 1.21875 0.7006836
vt 1.199219 0.7470703
vt 1.289063 0.6655273
vt 1.28418 0.6787109
vt 1.259766 0.6416016
vt 1.243164 0.6762695
vt 1.256836 0.6669922
vt 1.237305 0.6479492
vt 1.216797 0.6586914
vt 1.224609 0.6230469
vt 1.199219 0.6367188
vt 1.19043 0.6142578
vt 1.204102 0.6728516
vt 1.186523 0.6518555
vt 1.169922 0.6308594
vt 1.15625 0.6113281
vt 1.149414 0.6000977
vt 1.143555 0.5888672
vt 1.129883 0.6108398
vt 1.123047 0.6005859
vt 1.134766 0.6220703
vt 1.114258 0.6206055
vt 1.106445 0.6108398
vt 1.133789 0.637207
vt 1.12207 0.6303711
vt 1.099609 0.6318359
vt 1.089844 0.6225586
vt 1.108398 0.6425781
vt 1.086914 0.6425781
vt 1.077148 0.6337891
vt 1.098633 0.6518555
vt 1.075195 0.6547852
vt 1.064453 0.6455078
vt 1.115234 0.6577148
vt 1.064453 0.6669922
vt 1.052734 0.6586914
vt 1.087891 0.6650391
vt 1.055664 0.6811523
vt 1.041992 0.6733398
vt 1.079102 0.675293
vt 1.098633 0.6801758
vt 1.147461 0.6513672
vt 1.131836 0.6708984
vt 1.158203 0.6611328
vt 1.174805 0.6743164
vt 1.148438 0.6821289
vt 1.196289 0.6875
vt 1.166016 0.6938477
vt 1.118164 0.6918945
vt 1.185547 0.7050781
vt 1.137695 0.703125
vt 1.175781 0.7265625
vt 1.157227 0.7143555
vt 1.083984 0.7045898
vt 1.106445 0.7143555
vt 1.12793 0.7241211
vt 1.149414 0.7338867
vt 1.169922 0.7426758
vt 1.165039 0.7612305
vt 1.142578 0.7539063
vt 1.120117 0.7460938
vt 1.097656 0.7382813
vt 1.069336 0.6904297
vt 1.063477 0.7011719
vt 1.073242 0.7299805
vt 1.046875 0.6948242
vt 1.033203 0.6889648
vt 1.040039 0.7099609
vt 1.026367 0.7036133
vt 1.020508 0.7211914
vt 1.056641 0.7172852
vt 1.035156 0.7250977
vt 1.016602 0.7373047
vt 1.052734 0.7290039
vt 1.03125 0.7407227
vt 1.014648 0.7553711
vt 1.047852 0.7456055
vt 1.029297 0.7558594
vt 1.014648 0.769043
vt 1.067383 0.7558594
vt 1.046875 0.7578125
vt 1.029297 0.7709961
vt 1.016602 0.7861328
vt 1.044922 0.7739258
vt 1.063477 0.7817383
vt 1.09082 0.762207
vt 1.029297 0.7856445
vt 1.018555 0.7998047
vt 1.114258 0.7680664
vt 1.086914 0.7856445
vt 1.137695 0.7739258
vt 1.044922 0.7856445
vt 1.03125 0.800293
vt 1.022461 0.8154297
vt 1.045898 0.8017578
vt 1.03418 0.8154297
vt 1.024414 0.8237305
vt 1.035156 0.8237305
vt 1.047852 0.8139648
vt 1.048828 0.8237305
vt 1.063477 0.8066406
vt 1.063477 0.8237305
vt 1.083984 0.8081055
vt 1.082031 0.8237305
vt 1.105469 0.8237305
vt 1.106445 0.8100586
vt 1.109375 0.7895508
vt 1.129883 0.8129883
vt 1.125 0.8237305
vt 1.132813 0.7944336
vt 1.148438 0.8188477
vt 1.144531 0.8237305
vt 1.154297 0.7993164
vt 1.160156 0.7792969
vt 1.518555 0.8481445
vt 1.557617 0.8535156
vt 1.557617 0.8481445
vt 1.518555 0.8535156
vt 1.480469 0.8481445
vt 1.557617 0.8696289
vt 1.479492 0.8535156
vt 1.441406 0.8481445
vt 1.518555 0.8696289
vt 1.557617 0.8735352
vt 1.518555 0.8735352
vt 1.479492 0.8696289
vt 1.479492 0.8735352
vt 1.44043 0.8691406
vt 1.44043 0.8735352
vt 1.44043 0.8530273
vt 1.401367 0.8481445
vt 1.401367 0.8530273
vt 1.362305 0.8481445
vt 1.401367 0.8686523
vt 1.401367 0.8735352
vt 1.360352 0.8686523
vt 1.361328 0.8735352
vt 1.361328 0.8525391
vt 1.321289 0.8481445
vt 1.321289 0.8525391
vt 1.28125 0.8481445
vt 1.319336 0.8691406
vt 1.320313 0.8735352
vt 1.28125 0.8525391
vt 1.241211 0.8481445
vt 1.279297 0.8701172
vt 1.280273 0.8735352
vt 1.241211 0.8525391
vt 1.161133 0.8481445
vt 1.239258 0.8706055
vt 1.239258 0.8735352
vt 1.160156 0.8515625
vt 1.12207 0.8481445
vt 1.161133 0.8686523
vt 1.168945 0.8735352
vt 1.12207 0.8520508
vt 1.103516 0.8481445
vt 1.120117 0.8691406
vt 1.12207 0.8735352
vt 1.102539 0.8520508
vt 1.085938 0.8481445
vt 1.095703 0.8691406
vt 1.09668 0.8735352
vt 1.085938 0.8525391
vt 1.06543 0.8481445
vt 1.06543 0.8691406
vt 1.067383 0.8735352
vt 1.064453 0.8525391
vt 1.048828 0.8481445
vt 1.047852 0.8520508
vt 1.036133 0.8481445
vt 1.048828 0.8681641
vt 1.048828 0.8735352
vt 1.035156 0.8510742
vt 1.022461 0.8481445
vt 1.036133 0.8691406
vt 1.036133 0.8735352
vt 1.023438 0.8510742
vt 1.012695 0.8481445
vt 1.012695 0.8510742
vt 1.012695 0.8696289
vt 1.023438 0.8691406
vt 1.012695 0.8735352
vt 1.915039 0.9438477
vt 1.842773 0.9814453
vt 1.915039 0.9814453
vt 1.84375 0.940918
vt 1.915039 0.9047852
vt 1.848633 0.9033203
vt 1.915039 0.8647461
vt 1.859375 0.8637695
vt 1.873047 0.8212891
vt 1.855469 0.8637695
vt 1.915039 0.824707
vt 1.870117 0.8208008
vt 1.886719 0.7807617
vt 1.883789 0.7802734
vt 1.915039 0.7836914
vt 1.897461 0.7402344
vt 1.915039 0.7421875
vt 1.915039 0.7016602
vt 1.905273 0.7011719
vt 1.893555 0.7397461
vt 1.915039 0.6606445
vt 1.902344 0.7001953
vt 1.910156 0.6601563
vt 1.915039 0.5913086
vt 1.90625 0.6591797
vt 1.897461 0.7402344
vt 1.883789 0.7802734
vt 1.886719 0.7807617
vt 1.893555 0.7397461
vt 1.881836 0.7797852
vt 1.870117 0.8208008
vt 1.867188 0.8203125
vt 1.855469 0.8637695
vt 1.852539 0.862793
vt 1.845703 0.902832
vt 1.859375 0.8637695
vt 1.842773 0.902832
vt 1.848633 0.9033203
vt 1.839844 0.940918
vt 1.837891 0.940918
vt 1.834961 0.9814453
vt 1.84375 0.940918
vt 1.837891 0.9814453
vt 1.842773 0.9814453
vt 1.977539 0.9472656
vt 1.935547 0.9863281
vt 1.977539 0.9863281
vt 1.935547 0.9477539
vt 1.977539 0.909668
vt 1.935547 0.909668
vt 1.978516 0.8691406
vt 1.935547 0.8691406
vt 1.981445 0.8242188
vt 1.935547 0.824707
vt 1.983398 0.7817383
vt 1.935547 0.7817383
vt 1.986328 0.7402344
vt 1.935547 0.7407227
vt 1.987305 0.7001953
vt 1.935547 0.7006836
vt 1.985352 0.659668
vt 1.935547 0.659668
vt 1.984375 0.5917969
vt 1.935547 0.5942383
vt 1.980469 0.5429688
vt 1.935547 0.5429688
vt 1.977539 0.5180664
vt 1.935547 0.5170898
vt 1.969727 0.4934082
vt 1.974609 0.4914551
vt 1.935547 0.4904785
vt 1.960938 0.4836426
vt 1.964844 0.4777832
vt 1.955078 0.4724121
vt 1.953125 0.4790039
vt 1.935547 0.4755859
vt 1.935547 0.4685059
vt 0.6665039 0.5292969
vt 0.6694336 0.5102539
vt 0.652832 0.512207
vt 0.6459961 0.5180664
vt 0.6625977 0.5322266
vt 0.6416016 0.527832
vt 0.659668 0.5371094
vt 0.6386719 0.5375977
vt 0.6806641 0.5478516
vt 0.6582031 0.5424805
vt 0.6381836 0.5473633
vt 0.6801758 0.527832
vt 0.6582031 0.5478516
vt 0.8242188 0.527832
vt 0.6586914 0.5537109
vt 0.6391602 0.5576172
vt 0.8349609 0.5102539
vt 0.6416016 0.5668945
vt 0.8378906 0.5292969
vt 0.8515625 0.5117188
vt 0.6601563 0.5585938
vt 0.6630859 0.5634766
vt 0.6464844 0.5766602
vt 0.652832 0.5825195
vt 0.6669922 0.565918
vt 0.6694336 0.5839844
vt 0.8237305 0.5478516
vt 0.8417969 0.5322266
vt 0.8579102 0.5175781
vt 0.824707 0.5673828
vt 0.8447266 0.5371094
vt 0.8623047 0.5273438
vt 0.6801758 0.5673828
vt 0.8349609 0.5839844
vt 0.8461914 0.5424805
vt 0.8657227 0.5366211
vt 0.8662109 0.546875
vt 0.8378906 0.565918
vt 0.8515625 0.5820313
vt 0.8583984 0.5761719
vt 0.8417969 0.5634766
vt 0.862793 0.5664063
vt 0.8447266 0.5585938
vt 0.8657227 0.5571289
vt 0.8461914 0.5532227
vt 0.8461914 0.5478516
vt 0.6933594 0.7094727
vt 0.7001953 0.7143555
vt 0.703125 0.7114258
vt 0.6977539 0.7182617
vt 0.6899414 0.715332
vt 0.6967773 0.7226563
vt 0.6884766 0.7216797
vt 0.6967773 0.7270508
vt 0.6811523 0.7114258
vt 0.6884766 0.7280273
vt 0.6977539 0.7314453
vt 0.6904297 0.734375
vt 0.7001953 0.7348633
vt 0.6933594 0.7402344
vt 0.703125 0.7382813
vt 0.6982422 0.7446289
vt 0.7070313 0.7402344
vt 0.7036133 0.7480469
vt 0.7114258 0.7416992
vt 0.7099609 0.7495117
vt 0.7158203 0.7416992
vt 0.7167969 0.7495117
vt 0.7197266 0.7402344
vt 0.7226563 0.7480469
vt 0.7236328 0.7382813
vt 0.7285156 0.7446289
vt 0.7265625 0.7348633
vt 0.7329102 0.7402344
vt 0.7290039 0.730957
vt 0.7363281 0.734375
vt 0.7299805 0.7270508
vt 0.7382813 0.7280273
vt 0.7299805 0.7226563
vt 0.7382813 0.7216797
vt 0.7290039 0.7182617
vt 0.7363281 0.715332
vt 0.7265625 0.7143555
vt 0.7329102 0.7094727
vt 0.7236328 0.7114258
vt 0.7285156 0.7050781
vt 0.7197266 0.7089844
vt 0.7226563 0.7016602
vt 0.715332 0.7080078
vt 0.7163086 0.7001953
vt 0.7109375 0.7080078
vt 0.7099609 0.7001953
vt 0.7070313 0.7094727
vt 0.7036133 0.7016602
vt 0.6977539 0.7050781
vt 0.6860352 0.7036133
vt 0.6923828 0.6972656
vt 0.7001953 0.6928711
vt 0.7089844 0.6904297
vt 0.7177734 0.6904297
vt 0.7265625 0.6928711
vt 0.734375 0.6972656
vt 0.7407227 0.7036133
vt 0.7451172 0.7114258
vt 0.7475586 0.7202148
vt 0.7475586 0.7290039
vt 0.7451172 0.737793
vt 0.7407227 0.7456055
vt 0.734375 0.7519531
vt 0.7265625 0.7568359
vt 0.7177734 0.7592773
vt 0.7089844 0.7592773
vt 0.7001953 0.7568359
vt 0.6923828 0.7524414
vt 0.6860352 0.7460938
vt 0.6816406 0.7382813
vt 0.6791992 0.7294922
vt 0.6791992 0.7202148
vt 0.671875 0.7080078
vt 0.6777344 0.6977539
vt 0.6860352 0.6894531
vt 0.6962891 0.6835938
vt 0.7075195 0.6806641
vt 0.71875 0.6806641
vt 0.7304688 0.6835938
vt 0.7402344 0.6894531
vt 0.7485352 0.6977539
vt 0.7543945 0.7075195
vt 0.7573242 0.71875
vt 0.7573242 0.7304688
vt 0.7543945 0.7416992
vt 0.7485352 0.7519531
vt 0.7407227 0.7602539
vt 0.7304688 0.7661133
vt 0.7192383 0.769043
vt 0.7075195 0.769043
vt 0.6962891 0.7661133
vt 0.6860352 0.7602539
vt 0.6777344 0.7519531
vt 0.671875 0.7421875
vt 0.6689453 0.730957
vt 0.6689453 0.7192383
vt 0.6572266 0.7016602
vt 0.6650391 0.6879883
vt 0.6762695 0.6767578
vt 0.6899414 0.6689453
vt 0.7050781 0.6645508
vt 0.7211914 0.6645508
vt 0.7363281 0.668457
vt 0.75 0.6767578
vt 0.7612305 0.6875
vt 0.7695313 0.7016602
vt 0.7734375 0.7167969
vt 0.7734375 0.7324219
vt 0.7695313 0.7480469
vt 0.7617188 0.7617188
vt 0.7504883 0.7729492
vt 0.7368164 0.7807617
vt 0.7211914 0.7851563
vt 0.7055664 0.7851563
vt 0.6904297 0.7807617
vt 0.6762695 0.7729492
vt 0.6650391 0.7617188
vt 0.6572266 0.7480469
vt 0.6533203 0.7329102
vt 0.6533203 0.7167969
vt 0.6513672 0.6992188
vt 0.6469727 0.7163086
vt 0.6469727 0.7338867
vt 0.6513672 0.7504883
vt 0.6601563 0.765625
vt 0.6601563 0.684082
vt 0.6728516 0.777832
vt 0.6879883 0.7866211
vt 0.7045898 0.7910156
vt 0.722168 0.7910156
vt 0.7392578 0.7866211
vt 0.7539063 0.777832
vt 0.7666016 0.7651367
vt 0.7749023 0.75
vt 0.7797852 0.7333984
vt 0.7797852 0.7158203
vt 0.7749023 0.6992188
vt 0.7661133 0.684082
vt 0.7539063 0.671875
vt 0.7387695 0.6630859
vt 0.7216797 0.6586914
vt 0.7045898 0.6586914
vt 0.6875 0.6630859
vt 0.6723633 0.671875
vt 0.7822266 0.6962891
vt 0.7724609 0.6791992
vt 0.7587891 0.6655273
vt 0.7416992 0.6557617
vt 0.7226563 0.6508789
vt 0.7036133 0.6508789
vt 0.6845703 0.6557617
vt 0.7871094 0.7148438
vt 0.6674805 0.6655273
vt 0.7871094 0.734375
vt 0.6538086 0.6796875
vt 0.7822266 0.753418
vt 0.644043 0.6962891
vt 0.7724609 0.7700195
vt 0.6391602 0.715332
vt 0.7587891 0.7836914
vt 0.6391602 0.7348633
vt 0.7421875 0.793457
vt 0.6445313 0.753418
vt 0.7231445 0.7988281
vt 0.6542969 0.7705078
vt 0.7036133 0.7988281
vt 0.6679688 0.7841797
vt 0.6850586 0.7939453
vt 0.6323242 0.7583008
vt 0.6264648 0.7363281
vt 0.644043 0.7783203
vt 0.6601563 0.7944336
vt 0.6264648 0.7133789
vt 0.6801758 0.8056641
vt 0.7021484 0.8115234
vt 0.6323242 0.6914063
vt 0.7250977 0.8115234
vt 0.6435547 0.6713867
vt 0.7470703 0.8056641
vt 0.659668 0.6552734
vt 0.7666016 0.7944336
vt 0.6796875 0.644043
vt 0.7832031 0.777832
vt 0.7016602 0.6376953
vt 0.7944336 0.7583008
vt 0.7246094 0.6376953
vt 0.800293 0.7358398
vt 0.746582 0.6435547
vt 0.800293 0.7133789
vt 0.7666016 0.6552734
vt 0.7944336 0.690918
vt 0.7827148 0.6713867
vt 0.8637695 0.671875
vt 0.8696289 0.6655273
vt 0.8652344 0.6621094
vt 0.8603516 0.6669922
vt 0.8564453 0.6757813
vt 0.8540039 0.6708984
vt 0.8481445 0.6782227
vt 0.8686523 0.65625
vt 0.8740234 0.6582031
vt 0.8583984 0.6606445
vt 0.8476563 0.6723633
vt 0.8398438 0.6782227
vt 0.8701172 0.6494141
vt 0.8759766 0.6503906
vt 0.8637695 0.6513672
vt 0.8491211 0.6660156
vt 0.840332 0.6723633
vt 0.831543 0.6757813
vt 0.8701172 0.6425781
vt 0.8759766 0.6416016
vt 0.8339844 0.6708984
vt 0.8242188 0.671875
vt 0.8637695 0.640625
vt 0.8686523 0.6357422
vt 0.8735352 0.6337891
vt 0.8388672 0.6660156
vt 0.8276367 0.6674805
vt 0.8183594 0.6660156
vt 0.8652344 0.6298828
vt 0.8696289 0.6264648
vt 0.8227539 0.6625977
vt 0.8139648 0.6586914
vt 0.8583984 0.6313477
vt 0.8598633 0.625
vt 0.8637695 0.6206055
vt 0.8295898 0.6606445
vt 0.8193359 0.65625
vt 0.8120117 0.6503906
vt 0.8540039 0.621582
vt 0.8564453 0.6162109
vt 0.8173828 0.6499023
vt 0.8120117 0.6420898
vt 0.8491211 0.6264648
vt 0.847168 0.6196289
vt 0.8481445 0.6142578
vt 0.8242188 0.6513672
vt 0.8173828 0.6425781
vt 0.8139648 0.6337891
vt 0.840332 0.6196289
vt 0.8398438 0.6142578
vt 0.8193359 0.6362305
vt 0.8183594 0.6264648
vt 0.8383789 0.6264648
vt 0.8334961 0.621582
vt 0.831543 0.6162109
vt 0.8242188 0.640625
vt 0.8227539 0.6298828
vt 0.8242188 0.6206055
vt 0.8276367 0.625
vt 0.8295898 0.6318359
vt 0.840332 0.6323242
vt 0.8339844 0.6362305
vt 0.8305664 0.6425781
vt 0.8305664 0.6499023
vt 0.8476563 0.6323242
vt 0.8369141 0.6459961
vt 0.840332 0.6401367
vt 0.8339844 0.65625
vt 0.8540039 0.6362305
vt 0.840332 0.6518555
vt 0.840332 0.659668
vt 0.84375 0.6459961
vt 0.847168 0.6401367
vt 0.8574219 0.6425781
vt 0.8476563 0.659668
vt 0.847168 0.6518555
vt 0.8505859 0.6459961
vt 0.8574219 0.6499023
vt 0.8540039 0.65625
vt 1.068359 0.0534668
vt 1.083984 0.01454926
vt 1.070313 0.01454926
vt 1.082031 0.05349731
vt 1.064453 0.09069824
vt 1.09668 0.05358887
vt 1.09668 0.01454926
vt 1.101563 0.01454926
vt 1.078125 0.09051514
vt 1.09375 0.0904541
vt 1.069336 0.1293945
vt 1.055664 0.1296387
vt 1.043945 0.1715088
vt 1.086914 0.1293945
vt 1.101563 0.05386353
vt 1.101563 0.09057617
vt 1.106445 0.05426025
vt 1.106445 0.01454926
vt 1.106445 0.09069824
vt 1.106445 0.1293945
vt 1.101563 0.1293945
vt 1.106445 0.1699219
vt 1.101563 0.1693115
vt 1.106445 0.2114258
vt 1.080078 0.1693115
vt 1.101563 0.211792
vt 1.106445 0.2905273
vt 1.075195 0.211792
vt 1.101563 0.2910156
vt 1.106445 0.3317871
vt 1.057617 0.1706543
vt 1.049805 0.2116699
vt 1.045898 0.2912598
vt 1.03125 0.2115479
vt 1.021484 0.2509766
vt 1.071289 0.2912598
vt 1.101563 0.3322754
vt 1.101563 0.3498535
vt 1.107422 0.3476563
vt 1.108398 0.362793
vt 1.070313 0.3325195
vt 1.073242 0.4025879
vt 1.103516 0.3664551
vt 1.113281 0.3745117
vt 1.108398 0.3786621
vt 1.119141 0.3847656
vt 1.046875 0.3330078
vt 1.021484 0.3300781
vt 1.048828 0.4038086
vt 1.114258 0.3896484
vt 1.128906 0.3950195
vt 1.100586 0.4030762
vt 1.124023 0.401123
vt 1.141602 0.4040527
vt 1.020508 0.2900391
vt 1.016602 0.2897949
vt 1.013672 0.329834
vt 1.007813 0.3979492
vt 1.025391 0.4001465
vt 1.02832 0.4475098
vt 1.010742 0.4458008
vt 1.010742 0.4707031
vt 1.051758 0.4492188
vt 1.029297 0.4716797
vt 1.010742 0.4958496
vt 1.075195 0.4501953
vt 1.053711 0.4714355
vt 1.099609 0.4506836
vt 1.075195 0.4699707
vt 1.029297 0.4936523
vt 1.054688 0.4882813
vt 1.029297 0.5029297
vt 1.010742 0.5092773
vt 1.075195 0.4836426
vt 1.056641 0.4973145
vt 1.032227 0.512207
vt 1.011719 0.519043
vt 1.035156 0.5288086
vt 1.014648 0.5297852
vt 1.016602 0.5361328
vt 1.0625 0.5180664
vt 1.076172 0.4919434
vt 1.082031 0.5117188
vt 1.098633 0.4780273
vt 1.098633 0.4863281
vt 1.102539 0.5058594
vt 1.129883 0.5
vt 1.125977 0.480957
vt 1.155273 0.4956055
vt 1.099609 0.4675293
vt 1.152344 0.4768066
vt 1.178711 0.4924316
vt 1.125977 0.4724121
vt 1.126953 0.4648438
vt 1.152344 0.4682617
vt 1.176758 0.4741211
vt 1.126953 0.4506836
vt 1.15332 0.4628906
vt 1.137695 0.4099121
vt 1.15332 0.4506836
vt 1.154297 0.4157715
vt 1.15625 0.409668
vt 1.176758 0.4121094
vt 1.176758 0.4658203
vt 1.210938 0.4714355
vt 1.211914 0.4902344
vt 1.177734 0.4616699
vt 1.210938 0.4633789
vt 1.176758 0.418457
vt 1.211914 0.4121094
vt 1.176758 0.4506836
vt 1.521484 0.4685059
vt 1.521484 0.4868164
vt 1.776367 0.4697266
vt 1.776367 0.4882813
vt 1.807617 0.487793
vt 1.520508 0.4606934
vt 1.210938 0.4187012
vt 1.210938 0.4504395
vt 1.520508 0.4501953
vt 1.520508 0.4187012
vt 1.519531 0.4121094
vt 1.771484 0.4121094
vt 1.210938 0.4606934
vt 1.772461 0.418457
vt 1.803711 0.4121094
vt 1.520508 0.4577637
vt 1.803711 0.4182129
vt 1.834961 0.4121094
vt 1.774414 0.447998
vt 1.775391 0.4616699
vt 1.775391 0.4580078
vt 1.835938 0.4182129
vt 1.850586 0.4121094
vt 1.805664 0.4472656
vt 1.836914 0.4460449
vt 1.851563 0.4177246
vt 1.868164 0.411377
vt 1.860352 0.4445801
vt 1.870117 0.4165039
vt 1.880859 0.4082031
vt 1.806641 0.4614258
vt 1.805664 0.4570313
vt 1.805664 0.4472656
vt 1.883789 0.4130859
vt 1.893555 0.4013672
vt 1.878906 0.439209
vt 1.807617 0.4692383
vt 1.836914 0.4553223
vt 1.836914 0.4460449
vt 1.836914 0.4599609
vt 1.837891 0.4680176
vt 1.839844 0.4865723
vt 1.862305 0.4528809
vt 1.860352 0.4445801
vt 1.863281 0.456543
vt 1.866211 0.465332
vt 1.870117 0.4829102
vt 1.894531 0.4748535
vt 1.887695 0.4572754
vt 1.916016 0.4638672
vt 1.884766 0.4492188
vt 1.90625 0.4475098
vt 1.883789 0.4455566
vt 1.901367 0.4399414
vt 1.922852 0.4355469
vt 1.935547 0.4504395
vt 1.952148 0.4353027
vt 1.900391 0.4370117
vt 1.916992 0.4287109
vt 1.894531 0.4301758
vt 1.915039 0.4267578
vt 1.930664 0.4165039
vt 1.9375 0.4221191
vt 1.898438 0.40625
vt 1.905273 0.3925781
vt 1.910156 0.4206543
vt 1.90918 0.3967285
vt 1.913086 0.3833008
vt 1.950195 0.4067383
vt 1.966797 0.4174805
vt 1.928711 0.4143066
vt 1.922852 0.4086914
vt 1.922852 0.4086914
vt 1.917969 0.3867188
vt 1.918945 0.3713379
vt 1.932617 0.3964844
vt 1.939453 0.401123
vt 1.932617 0.3964844
vt 1.924805 0.3745117
vt 1.922852 0.357666
vt 1.938477 0.3818359
vt 1.927734 0.359375
vt 1.923828 0.3410645
vt 1.943359 0.364502
vt 1.929688 0.3422852
vt 1.923828 0.3317871
vt 1.945313 0.3449707
vt 1.929688 0.3322754
vt 1.946289 0.333252
vt 1.923828 0.2905273
vt 1.929688 0.3322754
vt 1.929688 0.2912598
vt 1.946289 0.333252
vt 1.929688 0.2529297
vt 1.923828 0.2526855
vt 1.929688 0.2116699
vt 1.923828 0.2114258
vt 1.946289 0.2531738
vt 1.929688 0.1688232
vt 1.923828 0.1699219
vt 1.923828 0.1293945
vt 1.946289 0.291748
vt 1.946289 0.2115479
vt 1.929688 0.1290283
vt 1.947266 0.1685791
vt 1.929688 0.09008789
vt 1.923828 0.09069824
vt 1.947266 0.12854
vt 1.929688 0.05325317
vt 1.923828 0.05426025
vt 1.929688 0.01454926
vt 1.923828 0.01454926
vt 1.946289 0.05245972
vt 1.946289 0.01454926
vt 1.958008 0.01454926
vt 1.947266 0.08947754
vt 1.958008 0.0519104
vt 1.960938 0.01454926
vt 1.958008 0.08905029
vt 1.960938 0.05154419
vt 1.972656 0.01454926
vt 1.958008 0.1282959
vt 1.972656 0.05130005
vt 1.991211 0.01454926
vt 1.991211 0.05114746
vt 1.960938 0.08874512
vt 1.972656 0.08850098
vt 1.991211 0.08843994
vt 1.958008 0.168335
vt 1.960938 0.1280518
vt 1.972656 0.1279297
vt 1.991211 0.1278076
vt 1.958008 0.2115479
vt 1.961914 0.1682129
vt 1.972656 0.1682129
vt 1.991211 0.1680908
vt 1.957031 0.253418
vt 1.961914 0.2116699
vt 1.972656 0.211792
vt 1.992188 0.211792
vt 1.957031 0.2919922
vt 1.961914 0.2536621
vt 1.972656 0.2539063
vt 1.992188 0.2541504
vt 1.961914 0.2924805
vt 1.972656 0.2932129
vt 1.992188 0.2937012
vt 1.991211 0.3356934
vt 1.957031 0.3337402
vt 1.945313 0.3449707
vt 1.972656 0.3349609
vt 1.961914 0.3342285
vt 1.957031 0.3464355
vt 1.943359 0.364502
vt 1.960938 0.3469238
vt 1.970703 0.3479004
vt 1.990234 0.3493652
vt 1.953125 0.3676758
vt 1.938477 0.3818359
vt 1.957031 0.3681641
vt 1.967773 0.3701172
vt 1.986328 0.3725586
vt 1.978516 0.3974609
vt 1.960938 0.3898926
vt 1.952148 0.3867188
vt 1.947266 0.3857422
vt 1.942383 0.4023438
vt 0.5185547 0.8930664
vt 0.7773438 0.9287109
vt 0.7773438 0.8930664
vt 0.5185547 0.9287109
vt 0.4848633 0.8930664
vt 0.4848633 0.9287109
vt 0.4516602 0.8930664
vt 0.4516602 0.9287109
vt 0.4370117 0.8930664
vt 0.4370117 0.9287109
vt 0.4250488 0.8930664
vt 0.4250488 0.9287109
vt 0.4143066 0.8930664
vt 0.4143066 0.9287109
vt 0.4038086 0.8930664
vt 0.4038086 0.9287109
vt 0.3935547 0.8930664
vt 0.3935547 0.9287109
vt 0.3845215 0.8930664
vt 0.3845215 0.9287109
vt 0.3762207 0.8930664
vt 0.3762207 0.9287109
vt 0.3657227 0.8930664
vt 0.3657227 0.9287109
vt 0.3537598 0.8930664
vt 0.3537598 0.9287109
vt 0.3452148 0.8930664
vt 0.3452148 0.9287109
vt 0.3015137 0.8930664
vt 0.3015137 0.9287109
vt 0.2609863 0.8930664
vt 0.2609863 0.9287109
vt 0.2171631 0.8930664
vt 0.2171631 0.9287109
vt 0.171875 0.8930664
vt 0.171875 0.9287109
vt 0.1300049 0.8930664
vt 0.1300049 0.9287109
vt 0.0892334 0.8930664
vt 0.0892334 0.9287109
vt 0.05090332 0.8930664
vt 0.05090332 0.9287109
vt 0.01150513 0.8930664
vt 0.01150513 0.9287109
vt 0.7944336 0.9853516
vt 0.7944336 0.949707
vt 0.4780273 0.949707
vt 0.4780273 0.9853516
vt 0.434082 0.949707
vt 0.434082 0.9853516
vt 0.420166 0.949707
vt 0.420166 0.9853516
vt 0.4094238 0.949707
vt 0.4094238 0.9853516
vt 0.4006348 0.949707
vt 0.4006348 0.9853516
vt 0.3916016 0.949707
vt 0.3916016 0.9853516
vt 0.3818359 0.949707
vt 0.3818359 0.9853516
vt 0.3730469 0.949707
vt 0.3730469 0.9853516
vt 0.3598633 0.949707
vt 0.3598633 0.9853516
vt 0.3432617 0.949707
vt 0.3432617 0.9853516
vt 0.300293 0.949707
vt 0.300293 0.9853516
vt 0.217041 0.949707
vt 0.217041 0.9853516
vt 0.1723633 0.949707
vt 0.1723633 0.9853516
vt 0.1306152 0.949707
vt 0.1306152 0.9853516
vt 0.08984375 0.949707
vt 0.08984375 0.9853516
vt 0.05154419 0.949707
vt 0.05154419 0.9853516
vt 0.01196289 0.949707
vt 0.01196289 0.9853516
vt 1.068359 0.0534668
vt 1.070313 0.01454926
vt 1.083984 0.01454926
vt 1.082031 0.05349731
vt 1.064453 0.09069824
vt 1.09668 0.05358887
vt 1.09668 0.01454926
vt 1.101563 0.01454926
vt 1.078125 0.09051514
vt 1.09375 0.0904541
vt 1.069336 0.1293945
vt 1.055664 0.1296387
vt 1.043945 0.1715088
vt 1.086914 0.1293945
vt 1.101563 0.05386353
vt 1.101563 0.09057617
vt 1.106445 0.05426025
vt 1.106445 0.01454926
vt 1.106445 0.09069824
vt 1.106445 0.1293945
vt 1.101563 0.1293945
vt 1.106445 0.1699219
vt 1.101563 0.1693115
vt 1.106445 0.2114258
vt 1.080078 0.1693115
vt 1.101563 0.211792
vt 1.106445 0.2905273
vt 1.075195 0.211792
vt 1.101563 0.2910156
vt 1.106445 0.3317871
vt 1.057617 0.1706543
vt 1.049805 0.2116699
vt 1.045898 0.2912598
vt 1.03125 0.2115479
vt 1.021484 0.2509766
vt 1.071289 0.2912598
vt 1.101563 0.3322754
vt 1.101563 0.3498535
vt 1.107422 0.3476563
vt 1.108398 0.362793
vt 1.070313 0.3325195
vt 1.073242 0.4025879
vt 1.103516 0.3664551
vt 1.113281 0.3745117
vt 1.108398 0.3786621
vt 1.119141 0.3847656
vt 1.046875 0.3330078
vt 1.021484 0.3300781
vt 1.048828 0.4038086
vt 1.114258 0.3896484
vt 1.128906 0.3950195
vt 1.100586 0.4030762
vt 1.124023 0.401123
vt 1.141602 0.4040527
vt 1.020508 0.2900391
vt 1.016602 0.2897949
vt 1.013672 0.329834
vt 1.007813 0.3977051
vt 1.025391 0.4001465
vt 1.02832 0.4475098
vt 1.010742 0.4458008
vt 1.010742 0.4707031
vt 1.051758 0.4492188
vt 1.029297 0.4716797
vt 1.010742 0.4958496
vt 1.075195 0.4501953
vt 1.053711 0.4714355
vt 1.099609 0.4506836
vt 1.075195 0.4699707
vt 1.029297 0.4936523
vt 1.054688 0.4882813
vt 1.029297 0.5029297
vt 1.010742 0.5092773
vt 1.075195 0.4836426
vt 1.056641 0.4973145
vt 1.032227 0.512207
vt 1.011719 0.519043
vt 1.035156 0.5288086
vt 1.014648 0.5297852
vt 1.016602 0.5361328
vt 1.0625 0.5180664
vt 1.076172 0.4919434
vt 1.082031 0.5117188
vt 1.098633 0.4780273
vt 1.098633 0.4863281
vt 1.102539 0.5058594
vt 1.129883 0.5
vt 1.125977 0.480957
vt 1.155273 0.4956055
vt 1.099609 0.4675293
vt 1.152344 0.4768066
vt 1.178711 0.4924316
vt 1.125977 0.4724121
vt 1.126953 0.4648438
vt 1.152344 0.4682617
vt 1.176758 0.4741211
vt 1.126953 0.4506836
vt 1.15332 0.4628906
vt 1.137695 0.4099121
vt 1.15332 0.4506836
vt 1.154297 0.4157715
vt 1.15625 0.409668
vt 1.176758 0.4121094
vt 1.176758 0.4658203
vt 1.210938 0.4714355
vt 1.211914 0.4902344
vt 1.177734 0.4616699
vt 1.210938 0.4633789
vt 1.176758 0.418457
vt 1.211914 0.4121094
vt 1.176758 0.4506836
vt 1.521484 0.4685059
vt 1.521484 0.4868164
vt 1.776367 0.4697266
vt 1.776367 0.4882813
vt 1.807617 0.487793
vt 1.520508 0.4606934
vt 1.210938 0.4187012
vt 1.210938 0.4504395
vt 1.520508 0.4501953
vt 1.520508 0.4187012
vt 1.519531 0.4121094
vt 1.771484 0.4121094
vt 1.210938 0.4606934
vt 1.772461 0.418457
vt 1.803711 0.4121094
vt 1.520508 0.4577637
vt 1.803711 0.4182129
vt 1.834961 0.4121094
vt 1.775391 0.4616699
vt 1.775391 0.4580078
vt 1.774414 0.447998
vt 1.835938 0.4182129
vt 1.850586 0.4121094
vt 1.805664 0.4472656
vt 1.836914 0.4460449
vt 1.851563 0.4177246
vt 1.868164 0.411377
vt 1.860352 0.4445801
vt 1.870117 0.4165039
vt 1.880859 0.4082031
vt 1.806641 0.4614258
vt 1.805664 0.4570313
vt 1.805664 0.4472656
vt 1.883789 0.4130859
vt 1.893555 0.4013672
vt 1.878906 0.439209
vt 1.807617 0.4692383
vt 1.836914 0.4553223
vt 1.836914 0.4460449
vt 1.836914 0.4599609
vt 1.837891 0.4680176
vt 1.839844 0.4865723
vt 1.862305 0.4528809
vt 1.860352 0.4445801
vt 1.863281 0.456543
vt 1.866211 0.465332
vt 1.870117 0.4829102
vt 1.894531 0.4748535
vt 1.887695 0.4572754
vt 1.916016 0.4638672
vt 1.884766 0.4492188
vt 1.90625 0.4475098
vt 1.883789 0.4455566
vt 1.901367 0.4399414
vt 1.922852 0.4355469
vt 1.935547 0.4504395
vt 1.952148 0.4353027
vt 1.900391 0.4370117
vt 1.916992 0.4287109
vt 1.894531 0.4301758
vt 1.915039 0.4267578
vt 1.930664 0.4165039
vt 1.9375 0.4221191
vt 1.898438 0.40625
vt 1.905273 0.3925781
vt 1.910156 0.4206543
vt 1.90918 0.3967285
vt 1.913086 0.3833008
vt 1.950195 0.4067383
vt 1.966797 0.4174805
vt 1.928711 0.4143066
vt 1.922852 0.4086914
vt 1.922852 0.4086914
vt 1.917969 0.3867188
vt 1.918945 0.3713379
vt 1.932617 0.3964844
vt 1.939453 0.401123
vt 1.932617 0.3964844
vt 1.924805 0.3745117
vt 1.922852 0.357666
vt 1.938477 0.3818359
vt 1.927734 0.359375
vt 1.923828 0.3410645
vt 1.943359 0.364502
vt 1.929688 0.3422852
vt 1.923828 0.3317871
vt 1.945313 0.3449707
vt 1.929688 0.3322754
vt 1.946289 0.333252
vt 1.923828 0.2905273
vt 1.929688 0.3322754
vt 1.929688 0.2912598
vt 1.946289 0.333252
vt 1.929688 0.2529297
vt 1.923828 0.2526855
vt 1.929688 0.2116699
vt 1.923828 0.2114258
vt 1.946289 0.2531738
vt 1.929688 0.1688232
vt 1.923828 0.1699219
vt 1.923828 0.1293945
vt 1.946289 0.291748
vt 1.946289 0.2115479
vt 1.929688 0.1290283
vt 1.947266 0.1685791
vt 1.929688 0.09008789
vt 1.923828 0.09069824
vt 1.947266 0.12854
vt 1.929688 0.05325317
vt 1.923828 0.05426025
vt 1.929688 0.01454926
vt 1.923828 0.01454926
vt 1.946289 0.05245972
vt 1.946289 0.01454926
vt 1.958008 0.01454926
vt 1.947266 0.08947754
vt 1.958008 0.0519104
vt 1.960938 0.01454926
vt 1.958008 0.08905029
vt 1.960938 0.05154419
vt 1.972656 0.01454926
vt 1.958008 0.1282959
vt 1.972656 0.05130005
vt 1.991211 0.01454926
vt 1.991211 0.05114746
vt 1.960938 0.08874512
vt 1.972656 0.08850098
vt 1.991211 0.08843994
vt 1.958008 0.168335
vt 1.960938 0.1280518
vt 1.972656 0.1279297
vt 1.991211 0.1278076
vt 1.958008 0.2115479
vt 1.961914 0.1682129
vt 1.972656 0.1682129
vt 1.991211 0.1680908
vt 1.957031 0.253418
vt 1.961914 0.2116699
vt 1.972656 0.211792
vt 1.992188 0.211792
vt 1.957031 0.2919922
vt 1.961914 0.2536621
vt 1.972656 0.2539063
vt 1.992188 0.2541504
vt 1.961914 0.2924805
vt 1.972656 0.2932129
vt 1.992188 0.2937012
vt 1.991211 0.3356934
vt 1.957031 0.3337402
vt 1.945313 0.3449707
vt 1.972656 0.3349609
vt 1.961914 0.3342285
vt 1.957031 0.3464355
vt 1.943359 0.364502
vt 1.960938 0.3469238
vt 1.970703 0.3479004
vt 1.990234 0.3493652
vt 1.953125 0.3676758
vt 1.938477 0.3818359
vt 1.957031 0.3681641
vt 1.967773 0.3701172
vt 1.986328 0.3725586
vt 1.978516 0.3974609
vt 1.960938 0.3898926
vt 1.952148 0.3867188
vt 1.947266 0.3857422
vt 1.942383 0.4023438
vt 1.518555 0.8930664
vt 1.777344 0.8930664
vt 1.777344 0.9287109
vt 1.518555 0.9287109
vt 1.485352 0.8930664
vt 1.485352 0.9287109
vt 1.451172 0.8930664
vt 1.451172 0.9287109
vt 1.436523 0.8930664
vt 1.436523 0.9287109
vt 1.424805 0.8930664
vt 1.424805 0.9287109
vt 1.414063 0.8930664
vt 1.414063 0.9287109
vt 1.404297 0.8930664
vt 1.404297 0.9287109
vt 1.393555 0.8930664
vt 1.393555 0.9287109
vt 1.384766 0.8930664
vt 1.384766 0.9287109
vt 1.375977 0.8930664
vt 1.375977 0.9287109
vt 1.366211 0.8930664
vt 1.366211 0.9287109
vt 1.353516 0.8930664
vt 1.353516 0.9287109
vt 1.344727 0.8930664
vt 1.344727 0.9287109
vt 1.301758 0.8930664
vt 1.301758 0.9287109
vt 1.260742 0.8930664
vt 1.260742 0.9287109
vt 1.216797 0.8930664
vt 1.216797 0.9287109
vt 1.171875 0.8930664
vt 1.171875 0.9287109
vt 1.129883 0.8930664
vt 1.129883 0.9287109
vt 1.088867 0.8930664
vt 1.088867 0.9287109
vt 1.050781 0.8930664
vt 1.050781 0.9287109
vt 1.011719 0.8930664
vt 1.011719 0.9287109
vt 1.794922 0.9853516
vt 1.478516 0.949707
vt 1.794922 0.949707
vt 1.478516 0.9853516
vt 1.43457 0.949707
vt 1.43457 0.9853516
vt 1.419922 0.949707
vt 1.419922 0.9853516
vt 1.40918 0.949707
vt 1.40918 0.9853516
vt 1.400391 0.949707
vt 1.400391 0.9853516
vt 1.391602 0.949707
vt 1.391602 0.9853516
vt 1.381836 0.949707
vt 1.381836 0.9853516
vt 1.373047 0.949707
vt 1.373047 0.9853516
vt 1.359375 0.949707
vt 1.359375 0.9853516
vt 1.342773 0.949707
vt 1.342773 0.9853516
vt 1.300781 0.949707
vt 1.300781 0.9853516
vt 1.216797 0.949707
vt 1.216797 0.9853516
vt 1.172852 0.949707
vt 1.172852 0.9853516
vt 1.130859 0.949707
vt 1.130859 0.9853516
vt 1.089844 0.949707
vt 1.089844 0.9853516
vt 1.051758 0.949707
vt 1.051758 0.9853516
vt 1.011719 0.949707
vt 1.011719 0.9853516
vt 1.068359 0.0534668
vt 1.070313 0.01454926
vt 1.083984 0.01454926
vt 1.082031 0.05349731
vt 1.064453 0.09069824
vt 1.09668 0.05358887
vt 1.09668 0.01454926
vt 1.101563 0.01454926
vt 1.078125 0.09051514
vt 1.09375 0.0904541
vt 1.069336 0.1293945
vt 1.055664 0.1296387
vt 1.043945 0.1715088
vt 1.086914 0.1293945
vt 1.101563 0.05386353
vt 1.101563 0.09057617
vt 1.106445 0.05426025
vt 1.106445 0.01454926
vt 1.106445 0.09069824
vt 1.106445 0.1293945
vt 1.101563 0.1293945
vt 1.106445 0.1699219
vt 1.101563 0.1693115
vt 1.106445 0.2114258
vt 1.080078 0.1693115
vt 1.101563 0.211792
vt 1.106445 0.2905273
vt 1.075195 0.211792
vt 1.101563 0.2910156
vt 1.106445 0.3317871
vt 1.057617 0.1706543
vt 1.049805 0.2116699
vt 1.045898 0.2912598
vt 1.03125 0.2115479
vt 1.021484 0.2509766
vt 1.071289 0.2912598
vt 1.101563 0.3322754
vt 1.101563 0.3498535
vt 1.107422 0.3476563
vt 1.108398 0.362793
vt 1.070313 0.3325195
vt 1.073242 0.4025879
vt 1.103516 0.3664551
vt 1.113281 0.3745117
vt 1.108398 0.3786621
vt 1.119141 0.3847656
vt 1.046875 0.3330078
vt 1.021484 0.3300781
vt 1.048828 0.4038086
vt 1.114258 0.3896484
vt 1.128906 0.3950195
vt 1.100586 0.4030762
vt 1.124023 0.401123
vt 1.141602 0.4040527
vt 1.020508 0.2900391
vt 1.016602 0.2897949
vt 1.013672 0.329834
vt 1.007813 0.3977051
vt 1.025391 0.4001465
vt 1.02832 0.4475098
vt 1.010742 0.4458008
vt 1.010742 0.4707031
vt 1.051758 0.4492188
vt 1.029297 0.4716797
vt 1.010742 0.4958496
vt 1.075195 0.4501953
vt 1.053711 0.4714355
vt 1.099609 0.4506836
vt 1.075195 0.4699707
vt 1.029297 0.4936523
vt 1.054688 0.4882813
vt 1.029297 0.5029297
vt 1.010742 0.5092773
vt 1.075195 0.4836426
vt 1.056641 0.4973145
vt 1.032227 0.512207
vt 1.011719 0.519043
vt 1.035156 0.5288086
vt 1.014648 0.5297852
vt 1.016602 0.5361328
vt 1.0625 0.5180664
vt 1.076172 0.4919434
vt 1.082031 0.5117188
vt 1.098633 0.4780273
vt 1.098633 0.4863281
vt 1.102539 0.5058594
vt 1.129883 0.5
vt 1.125977 0.480957
vt 1.155273 0.4956055
vt 1.099609 0.4675293
vt 1.152344 0.4768066
vt 1.178711 0.4924316
vt 1.125977 0.4724121
vt 1.126953 0.4648438
vt 1.152344 0.4682617
vt 1.176758 0.4741211
vt 1.126953 0.4506836
vt 1.15332 0.4628906
vt 1.137695 0.4099121
vt 1.15332 0.4506836
vt 1.154297 0.4157715
vt 1.15625 0.409668
vt 1.176758 0.4121094
vt 1.176758 0.4658203
vt 1.210938 0.4714355
vt 1.211914 0.4902344
vt 1.177734 0.4616699
vt 1.210938 0.4633789
vt 1.176758 0.418457
vt 1.211914 0.4121094
vt 1.176758 0.4506836
vt 1.521484 0.4685059
vt 1.521484 0.4868164
vt 1.776367 0.4697266
vt 1.776367 0.4882813
vt 1.807617 0.487793
vt 1.520508 0.4606934
vt 1.210938 0.4187012
vt 1.210938 0.4504395
vt 1.520508 0.4501953
vt 1.520508 0.4187012
vt 1.519531 0.4121094
vt 1.771484 0.4121094
vt 1.210938 0.4606934
vt 1.772461 0.418457
vt 1.803711 0.4121094
vt 1.520508 0.4577637
vt 1.803711 0.4182129
vt 1.834961 0.4121094
vt 1.775391 0.4616699
vt 1.775391 0.4580078
vt 1.774414 0.447998
vt 1.835938 0.4182129
vt 1.850586 0.4121094
vt 1.805664 0.4472656
vt 1.836914 0.4460449
vt 1.851563 0.4177246
vt 1.868164 0.411377
vt 1.860352 0.4445801
vt 1.870117 0.4165039
vt 1.880859 0.4082031
vt 1.806641 0.4614258
vt 1.805664 0.4570313
vt 1.805664 0.4472656
vt 1.883789 0.4130859
vt 1.893555 0.4013672
vt 1.878906 0.439209
vt 1.807617 0.4692383
vt 1.836914 0.4553223
vt 1.836914 0.4460449
vt 1.836914 0.4599609
vt 1.837891 0.4680176
vt 1.839844 0.4865723
vt 1.862305 0.4528809
vt 1.860352 0.4445801
vt 1.863281 0.456543
vt 1.866211 0.465332
vt 1.870117 0.4829102
vt 1.894531 0.4748535
vt 1.887695 0.4572754
vt 1.916016 0.4638672
vt 1.884766 0.4492188
vt 1.90625 0.4475098
vt 1.883789 0.4455566
vt 1.901367 0.4399414
vt 1.922852 0.4355469
vt 1.935547 0.4504395
vt 1.952148 0.4353027
vt 1.900391 0.4370117
vt 1.916992 0.4287109
vt 1.894531 0.4301758
vt 1.915039 0.4267578
vt 1.930664 0.4165039
vt 1.9375 0.4221191
vt 1.898438 0.40625
vt 1.905273 0.3925781
vt 1.910156 0.4206543
vt 1.90918 0.3967285
vt 1.913086 0.3833008
vt 1.950195 0.4067383
vt 1.966797 0.4174805
vt 1.928711 0.4143066
vt 1.922852 0.4086914
vt 1.922852 0.4086914
vt 1.917969 0.3867188
vt 1.918945 0.3713379
vt 1.932617 0.3964844
vt 1.939453 0.401123
vt 1.932617 0.3964844
vt 1.924805 0.3745117
vt 1.922852 0.357666
vt 1.938477 0.3818359
vt 1.927734 0.359375
vt 1.923828 0.3410645
vt 1.943359 0.364502
vt 1.929688 0.3422852
vt 1.923828 0.3317871
vt 1.945313 0.3449707
vt 1.929688 0.3322754
vt 1.946289 0.333252
vt 1.923828 0.2905273
vt 1.929688 0.3322754
vt 1.929688 0.2912598
vt 1.946289 0.333252
vt 1.929688 0.2529297
vt 1.923828 0.2526855
vt 1.929688 0.2116699
vt 1.923828 0.2114258
vt 1.946289 0.2531738
vt 1.929688 0.1688232
vt 1.923828 0.1699219
vt 1.923828 0.1293945
vt 1.946289 0.291748
vt 1.946289 0.2115479
vt 1.929688 0.1290283
vt 1.947266 0.1685791
vt 1.929688 0.09008789
vt 1.923828 0.09069824
vt 1.947266 0.12854
vt 1.929688 0.05325317
vt 1.923828 0.05426025
vt 1.929688 0.01454926
vt 1.923828 0.01454926
vt 1.946289 0.05245972
vt 1.946289 0.01454926
vt 1.958008 0.01454926
vt 1.947266 0.08947754
vt 1.958008 0.0519104
vt 1.960938 0.01454926
vt 1.958008 0.08905029
vt 1.960938 0.05154419
vt 1.972656 0.01454926
vt 1.958008 0.1282959
vt 1.972656 0.05130005
vt 1.991211 0.01454926
vt 1.991211 0.05114746
vt 1.960938 0.08874512
vt 1.972656 0.08850098
vt 1.991211 0.08843994
vt 1.958008 0.168335
vt 1.960938 0.1280518
vt 1.972656 0.1279297
vt 1.991211 0.1278076
vt 1.958008 0.2115479
vt 1.961914 0.1682129
vt 1.972656 0.1682129
vt 1.991211 0.1680908
vt 1.957031 0.253418
vt 1.961914 0.2116699
vt 1.972656 0.211792
vt 1.992188 0.211792
vt 1.957031 0.2919922
vt 1.961914 0.2536621
vt 1.972656 0.2539063
vt 1.992188 0.2541504
vt 1.961914 0.2924805
vt 1.972656 0.2932129
vt 1.992188 0.2937012
vt 1.991211 0.3356934
vt 1.957031 0.3337402
vt 1.945313 0.3449707
vt 1.972656 0.3349609
vt 1.961914 0.3342285
vt 1.957031 0.3464355
vt 1.943359 0.364502
vt 1.960938 0.3469238
vt 1.970703 0.3479004
vt 1.990234 0.3493652
vt 1.953125 0.3676758
vt 1.938477 0.3818359
vt 1.957031 0.3681641
vt 1.967773 0.3701172
vt 1.986328 0.3725586
vt 1.978516 0.3974609
vt 1.960938 0.3898926
vt 1.952148 0.3867188
vt 1.947266 0.3857422
vt 1.942383 0.4023438
vt 1.518555 0.8930664
vt 1.777344 0.8930664
vt 1.777344 0.9287109
vt 1.518555 0.9287109
vt 1.485352 0.8930664
vt 1.485352 0.9287109
vt 1.451172 0.8930664
vt 1.451172 0.9287109
vt 1.436523 0.8930664
vt 1.436523 0.9287109
vt 1.424805 0.8930664
vt 1.424805 0.9287109
vt 1.414063 0.8930664
vt 1.414063 0.9287109
vt 1.404297 0.8930664
vt 1.404297 0.9287109
vt 1.393555 0.8930664
vt 1.393555 0.9287109
vt 1.384766 0.8930664
vt 1.384766 0.9287109
vt 1.375977 0.8930664
vt 1.375977 0.9287109
vt 1.366211 0.8930664
vt 1.366211 0.9287109
vt 1.353516 0.8930664
vt 1.353516 0.9287109
vt 1.344727 0.8930664
vt 1.344727 0.9287109
vt 1.301758 0.8930664
vt 1.301758 0.9287109
vt 1.260742 0.8930664
vt 1.260742 0.9287109
vt 1.216797 0.8930664
vt 1.216797 0.9287109
vt 1.171875 0.8930664
vt 1.171875 0.9287109
vt 1.129883 0.8930664
vt 1.129883 0.9287109
vt 1.088867 0.8930664
vt 1.088867 0.9287109
vt 1.050781 0.8930664
vt 1.050781 0.9287109
vt 1.011719 0.8930664
vt 1.011719 0.9287109
vt 1.794922 0.9853516
vt 1.478516 0.949707
vt 1.794922 0.949707
vt 1.478516 0.9853516
vt 1.43457 0.949707
vt 1.43457 0.9853516
vt 1.419922 0.949707
vt 1.419922 0.9853516
vt 1.40918 0.949707
vt 1.40918 0.9853516
vt 1.400391 0.949707
vt 1.400391 0.9853516
vt 1.391602 0.949707
vt 1.391602 0.9853516
vt 1.381836 0.949707
vt 1.381836 0.9853516
vt 1.373047 0.949707
vt 1.373047 0.9853516
vt 1.359375 0.949707
vt 1.359375 0.9853516
vt 1.342773 0.949707
vt 1.342773 0.9853516
vt 1.300781 0.949707
vt 1.300781 0.9853516
vt 1.216797 0.949707
vt 1.216797 0.9853516
vt 1.172852 0.949707
vt 1.172852 0.9853516
vt 1.130859 0.949707
vt 1.130859 0.9853516
vt 1.089844 0.949707
vt 1.089844 0.9853516
vt 1.051758 0.949707
vt 1.051758 0.9853516
vt 1.011719 0.949707
vt 1.011719 0.9853516
vt 1.068359 0.0534668
vt 1.083984 0.01454926
vt 1.070313 0.01454926
vt 1.082031 0.05349731
vt 1.064453 0.09069824
vt 1.09668 0.05358887
vt 1.09668 0.01454926
vt 1.101563 0.01454926
vt 1.078125 0.09051514
vt 1.09375 0.0904541
vt 1.069336 0.1293945
vt 1.055664 0.1296387
vt 1.043945 0.1715088
vt 1.086914 0.1293945
vt 1.101563 0.05386353
vt 1.101563 0.09057617
vt 1.106445 0.05426025
vt 1.106445 0.01454926
vt 1.106445 0.09069824
vt 1.106445 0.1293945
vt 1.101563 0.1293945
vt 1.106445 0.1699219
vt 1.101563 0.1693115
vt 1.106445 0.2114258
vt 1.080078 0.1693115
vt 1.101563 0.211792
vt 1.106445 0.2905273
vt 1.075195 0.211792
vt 1.101563 0.2910156
vt 1.106445 0.3317871
vt 1.057617 0.1706543
vt 1.049805 0.2116699
vt 1.045898 0.2912598
vt 1.03125 0.2115479
vt 1.021484 0.2509766
vt 1.071289 0.2912598
vt 1.101563 0.3322754
vt 1.101563 0.3498535
vt 1.107422 0.3476563
vt 1.108398 0.362793
vt 1.070313 0.3325195
vt 1.073242 0.4025879
vt 1.103516 0.3664551
vt 1.113281 0.3745117
vt 1.108398 0.3786621
vt 1.119141 0.3847656
vt 1.046875 0.3330078
vt 1.021484 0.3300781
vt 1.048828 0.4038086
vt 1.114258 0.3896484
vt 1.128906 0.3950195
vt 1.100586 0.4030762
vt 1.124023 0.401123
vt 1.141602 0.4040527
vt 1.020508 0.2900391
vt 1.016602 0.2897949
vt 1.013672 0.329834
vt 1.007813 0.3977051
vt 1.025391 0.4001465
vt 1.02832 0.4475098
vt 1.010742 0.4458008
vt 1.010742 0.4707031
vt 1.051758 0.4492188
vt 1.029297 0.4716797
vt 1.010742 0.4958496
vt 1.075195 0.4501953
vt 1.053711 0.4714355
vt 1.099609 0.4506836
vt 1.075195 0.4699707
vt 1.029297 0.4936523
vt 1.054688 0.4882813
vt 1.029297 0.5029297
vt 1.010742 0.5092773
vt 1.075195 0.4836426
vt 1.056641 0.4973145
vt 1.032227 0.512207
vt 1.011719 0.519043
vt 1.035156 0.5288086
vt 1.014648 0.5297852
vt 1.016602 0.5361328
vt 1.0625 0.5180664
vt 1.076172 0.4919434
vt 1.082031 0.5117188
vt 1.098633 0.4780273
vt 1.098633 0.4863281
vt 1.102539 0.5058594
vt 1.129883 0.5
vt 1.125977 0.480957
vt 1.155273 0.4956055
vt 1.099609 0.4675293
vt 1.152344 0.4768066
vt 1.178711 0.4924316
vt 1.125977 0.4724121
vt 1.126953 0.4648438
vt 1.152344 0.4682617
vt 1.176758 0.4741211
vt 1.126953 0.4506836
vt 1.15332 0.4628906
vt 1.137695 0.4099121
vt 1.15332 0.4506836
vt 1.154297 0.4157715
vt 1.15625 0.409668
vt 1.176758 0.4121094
vt 1.176758 0.4658203
vt 1.210938 0.4714355
vt 1.211914 0.4902344
vt 1.177734 0.4616699
vt 1.210938 0.4633789
vt 1.176758 0.418457
vt 1.211914 0.4121094
vt 1.176758 0.4506836
vt 1.521484 0.4685059
vt 1.521484 0.4868164
vt 1.776367 0.4697266
vt 1.776367 0.4882813
vt 1.807617 0.487793
vt 1.520508 0.4606934
vt 1.210938 0.4187012
vt 1.210938 0.4504395
vt 1.520508 0.4501953
vt 1.520508 0.4187012
vt 1.519531 0.4121094
vt 1.771484 0.4121094
vt 1.210938 0.4606934
vt 1.772461 0.418457
vt 1.803711 0.4121094
vt 1.520508 0.4577637
vt 1.803711 0.4182129
vt 1.834961 0.4121094
vt 1.774414 0.447998
vt 1.775391 0.4616699
vt 1.775391 0.4580078
vt 1.835938 0.4182129
vt 1.850586 0.4121094
vt 1.805664 0.4472656
vt 1.836914 0.4460449
vt 1.851563 0.4177246
vt 1.868164 0.411377
vt 1.860352 0.4445801
vt 1.870117 0.4165039
vt 1.880859 0.4082031
vt 1.806641 0.4614258
vt 1.805664 0.4570313
vt 1.805664 0.4472656
vt 1.883789 0.4130859
vt 1.893555 0.4013672
vt 1.878906 0.439209
vt 1.807617 0.4692383
vt 1.836914 0.4553223
vt 1.836914 0.4460449
vt 1.836914 0.4599609
vt 1.837891 0.4680176
vt 1.839844 0.4865723
vt 1.862305 0.4528809
vt 1.860352 0.4445801
vt 1.863281 0.456543
vt 1.866211 0.465332
vt 1.870117 0.4829102
vt 1.894531 0.4748535
vt 1.887695 0.4572754
vt 1.916016 0.4638672
vt 1.884766 0.4492188
vt 1.90625 0.4475098
vt 1.883789 0.4455566
vt 1.901367 0.4399414
vt 1.922852 0.4355469
vt 1.935547 0.4504395
vt 1.952148 0.4353027
vt 1.900391 0.4370117
vt 1.916992 0.4287109
vt 1.894531 0.4301758
vt 1.915039 0.4267578
vt 1.930664 0.4165039
vt 1.9375 0.4221191
vt 1.898438 0.40625
vt 1.905273 0.3925781
vt 1.910156 0.4206543
vt 1.90918 0.3967285
vt 1.913086 0.3833008
vt 1.950195 0.4067383
vt 1.966797 0.4174805
vt 1.928711 0.4143066
vt 1.922852 0.4086914
vt 1.922852 0.4086914
vt 1.917969 0.3867188
vt 1.918945 0.3713379
vt 1.932617 0.3964844
vt 1.939453 0.401123
vt 1.932617 0.3964844
vt 1.924805 0.3745117
vt 1.922852 0.357666
vt 1.938477 0.3818359
vt 1.927734 0.359375
vt 1.923828 0.3410645
vt 1.943359 0.364502
vt 1.929688 0.3422852
vt 1.923828 0.3317871
vt 1.945313 0.3449707
vt 1.929688 0.3322754
vt 1.946289 0.333252
vt 1.923828 0.2905273
vt 1.929688 0.3322754
vt 1.929688 0.2912598
vt 1.946289 0.333252
vt 1.929688 0.2529297
vt 1.923828 0.2526855
vt 1.929688 0.2116699
vt 1.923828 0.2114258
vt 1.946289 0.2531738
vt 1.929688 0.1688232
vt 1.923828 0.1699219
vt 1.923828 0.1293945
vt 1.946289 0.291748
vt 1.946289 0.2115479
vt 1.929688 0.1290283
vt 1.947266 0.1685791
vt 1.929688 0.09008789
vt 1.923828 0.09069824
vt 1.947266 0.12854
vt 1.929688 0.05325317
vt 1.923828 0.05426025
vt 1.929688 0.01454926
vt 1.923828 0.01454926
vt 1.946289 0.05245972
vt 1.946289 0.01454926
vt 1.958008 0.01454926
vt 1.947266 0.08947754
vt 1.958008 0.0519104
vt 1.960938 0.01454926
vt 1.958008 0.08905029
vt 1.960938 0.05154419
vt 1.972656 0.01454926
vt 1.958008 0.1282959
vt 1.972656 0.05130005
vt 1.991211 0.01454926
vt 1.991211 0.05114746
vt 1.960938 0.08874512
vt 1.972656 0.08850098
vt 1.991211 0.08843994
vt 1.958008 0.168335
vt 1.960938 0.1280518
vt 1.972656 0.1279297
vt 1.991211 0.1278076
vt 1.958008 0.2115479
vt 1.961914 0.1682129
vt 1.972656 0.1682129
vt 1.991211 0.1680908
vt 1.957031 0.253418
vt 1.961914 0.2116699
vt 1.972656 0.211792
vt 1.992188 0.211792
vt 1.957031 0.2919922
vt 1.961914 0.2536621
vt 1.972656 0.2539063
vt 1.992188 0.2541504
vt 1.961914 0.2924805
vt 1.972656 0.2932129
vt 1.992188 0.2937012
vt 1.991211 0.3356934
vt 1.957031 0.3337402
vt 1.945313 0.3449707
vt 1.972656 0.3349609
vt 1.961914 0.3342285
vt 1.957031 0.3464355
vt 1.943359 0.364502
vt 1.960938 0.3469238
vt 1.970703 0.3479004
vt 1.990234 0.3493652
vt 1.953125 0.3676758
vt 1.938477 0.3818359
vt 1.957031 0.3681641
vt 1.967773 0.3701172
vt 1.986328 0.3725586
vt 1.978516 0.3974609
vt 1.960938 0.3898926
vt 1.952148 0.3867188
vt 1.947266 0.3857422
vt 1.942383 0.4023438
vt 0.5185547 0.8930664
vt 0.7773438 0.9287109
vt 0.7773438 0.8930664
vt 0.5185547 0.9287109
vt 0.4848633 0.8930664
vt 0.4848633 0.9287109
vt 0.4516602 0.8930664
vt 0.4516602 0.9287109
vt 0.4370117 0.8930664
vt 0.4370117 0.9287109
vt 0.4250488 0.8930664
vt 0.4250488 0.9287109
vt 0.4143066 0.8930664
vt 0.4143066 0.9287109
vt 0.4038086 0.8930664
vt 0.4038086 0.9287109
vt 0.3935547 0.8930664
vt 0.3935547 0.9287109
vt 0.3845215 0.8930664
vt 0.3845215 0.9287109
vt 0.3762207 0.8930664
vt 0.3762207 0.9287109
vt 0.3657227 0.8930664
vt 0.3657227 0.9287109
vt 0.3537598 0.8930664
vt 0.3537598 0.9287109
vt 0.3452148 0.8930664
vt 0.3452148 0.9287109
vt 0.3015137 0.8930664
vt 0.3015137 0.9287109
vt 0.2609863 0.8930664
vt 0.2609863 0.9287109
vt 0.2171631 0.8930664
vt 0.2171631 0.9287109
vt 0.171875 0.8930664
vt 0.171875 0.9287109
vt 0.1300049 0.8930664
vt 0.1300049 0.9287109
vt 0.0892334 0.8930664
vt 0.0892334 0.9287109
vt 0.05090332 0.8930664
vt 0.05090332 0.9287109
vt 0.01150513 0.8930664
vt 0.01150513 0.9287109
vt 0.7944336 0.9853516
vt 0.7944336 0.949707
vt 0.4780273 0.949707
vt 0.4780273 0.9853516
vt 0.434082 0.949707
vt 0.434082 0.9853516
vt 0.420166 0.949707
vt 0.420166 0.9853516
vt 0.4094238 0.949707
vt 0.4094238 0.9853516
vt 0.4006348 0.949707
vt 0.4006348 0.9853516
vt 0.3916016 0.949707
vt 0.3916016 0.9853516
vt 0.3818359 0.949707
vt 0.3818359 0.9853516
vt 0.3730469 0.949707
vt 0.3730469 0.9853516
vt 0.3598633 0.949707
vt 0.3598633 0.9853516
vt 0.3432617 0.949707
vt 0.3432617 0.9853516
vt 0.300293 0.949707
vt 0.300293 0.9853516
vt 0.217041 0.949707
vt 0.217041 0.9853516
vt 0.1723633 0.949707
vt 0.1723633 0.9853516
vt 0.1306152 0.949707
vt 0.1306152 0.9853516
vt 0.08984375 0.949707
vt 0.08984375 0.9853516
vt 0.05154419 0.949707
vt 0.05154419 0.9853516
vt 0.01196289 0.949707
vt 0.01196289 0.9853516
vt 0.7661133 0.4050293
vt 0.828125 0.4052734
vt 0.828125 0.324707
vt 0.765625 0.324707
vt 0.765625 0.2836914
vt 0.828125 0.2836914
vt 0.765625 0.2456055
vt 0.828125 0.2456055
vt 0.765625 0.2045898
vt 0.828125 0.2045898
vt 0.765625 0.1621094
vt 0.828125 0.1621094
vt 0.765625 0.1228638
vt 0.828125 0.1228638
vt 0.765625 0.08453369
vt 0.828125 0.08453369
vt 0.765625 0.04827881
vt 0.828125 0.04827881
vt 0.765625 0.01075745
vt 0.828125 0.01075745
vt 0.9150391 0.04827881
vt 0.9150391 0.01075745
vt 0.9150391 0.08453369
vt 0.9150391 0.1228638
vt 0.9150391 0.1621094
vt 0.9150391 0.2045898
vt 0.9150391 0.2456055
vt 0.9150391 0.2836914
vt 0.9150391 0.324707
vt 0.9150391 0.3344727
vt 0.9145508 0.3508301
vt 0.9121094 0.3652344
vt 0.9057617 0.3771973
vt 0.8979492 0.3867188
vt 0.887207 0.395752
vt 0.8735352 0.4016113
vt 0.8598633 0.4040527
vt 0.8427734 0.4047852
vt 0.828125 0.4052734
vt 0.5195313 0.01075745
vt 0.765625 0.04827881
vt 0.765625 0.01075745
vt 0.5195313 0.04827881
vt 0.2178955 0.01075745
vt 0.765625 0.08453369
vt 0.2178955 0.04849243
vt 0.1828613 0.01075745
vt 0.5195313 0.08453369
vt 0.765625 0.1228638
vt 0.1828613 0.04849243
vt 0.1154785 0.01075745
vt 0.1154785 0.04849243
vt 0.5195313 0.1228638
vt 0.765625 0.1621094
vt 0.2178955 0.08502197
vt 0.1827393 0.08502197
vt 0.1154785 0.08502197
vt 0.5195313 0.1621094
vt 0.765625 0.2045898
vt 0.2178955 0.1235352
vt 0.1827393 0.1235352
vt 0.1154785 0.1235352
vt 0.5195313 0.2045898
vt 0.765625 0.2456055
vt 0.2178955 0.1630859
vt 0.1827393 0.1630859
vt 0.1154785 0.1630859
vt 0.1154785 0.2053223
vt 0.1832275 0.2053223
vt 0.1154785 0.2462158
vt 0.5195313 0.2456055
vt 0.765625 0.2836914
vt 0.2178955 0.2053223
vt 0.1835938 0.2462158
vt 0.1154785 0.2841797
vt 0.5195313 0.2836914
vt 0.765625 0.324707
vt 0.2178955 0.2462158
vt 0.184082 0.2841797
vt 0.1154785 0.3249512
vt 0.5195313 0.324707
vt 0.5195313 0.4050293
vt 0.2178955 0.2841797
vt 0.1845703 0.3249512
vt 0.1160889 0.3408203
vt 0.1175537 0.355957
vt 0.1218262 0.3674316
vt 0.1281738 0.3776855
vt 0.137085 0.3879395
vt 0.1495361 0.3959961
vt 0.1639404 0.4016113
vt 0.1844482 0.4047852
vt 0.2178955 0.3249512
vt 0.2178955 0.4050293
vt 1.765625 0.4050293
vt 1.828125 0.324707
vt 1.828125 0.4052734
vt 1.765625 0.324707
vt 1.765625 0.2836914
vt 1.828125 0.2836914
vt 1.765625 0.2456055
vt 1.828125 0.2456055
vt 1.765625 0.2045898
vt 1.828125 0.2045898
vt 1.765625 0.1621094
vt 1.828125 0.1621094
vt 1.765625 0.1228638
vt 1.828125 0.1228638
vt 1.765625 0.08453369
vt 1.828125 0.08453369
vt 1.765625 0.04827881
vt 1.828125 0.04827881
vt 1.765625 0.01075745
vt 1.828125 0.01075745
vt 1.915039 0.04827881
vt 1.915039 0.01075745
vt 1.915039 0.08453369
vt 1.915039 0.1228638
vt 1.915039 0.1621094
vt 1.915039 0.2045898
vt 1.915039 0.2456055
vt 1.915039 0.2836914
vt 1.915039 0.324707
vt 1.915039 0.3344727
vt 1.915039 0.3508301
vt 1.912109 0.3652344
vt 1.90625 0.3771973
vt 1.898438 0.3867188
vt 1.887695 0.395752
vt 1.874023 0.4016113
vt 1.860352 0.4040527
vt 1.842773 0.4047852
vt 1.828125 0.4052734
vt 1.519531 0.01075745
vt 1.765625 0.01075745
vt 1.765625 0.04827881
vt 1.519531 0.04827881
vt 1.217773 0.01075745
vt 1.765625 0.08453369
vt 1.217773 0.04849243
vt 1.182617 0.01075745
vt 1.519531 0.08453369
vt 1.765625 0.1228638
vt 1.182617 0.04849243
vt 1.115234 0.01075745
vt 1.115234 0.04849243
vt 1.519531 0.1228638
vt 1.765625 0.1621094
vt 1.217773 0.08502197
vt 1.182617 0.08502197
vt 1.115234 0.08502197
vt 1.519531 0.1621094
vt 1.765625 0.2045898
vt 1.217773 0.1235352
vt 1.182617 0.1235352
vt 1.115234 0.1235352
vt 1.519531 0.2045898
vt 1.765625 0.2456055
vt 1.217773 0.1630859
vt 1.182617 0.1630859
vt 1.115234 0.1630859
vt 1.115234 0.2053223
vt 1.183594 0.2053223
vt 1.115234 0.2462158
vt 1.519531 0.2456055
vt 1.765625 0.2836914
vt 1.217773 0.2053223
vt 1.183594 0.2462158
vt 1.115234 0.2841797
vt 1.519531 0.2836914
vt 1.765625 0.324707
vt 1.217773 0.2462158
vt 1.18457 0.2841797
vt 1.115234 0.3249512
vt 1.519531 0.324707
vt 1.519531 0.4050293
vt 1.217773 0.2841797
vt 1.18457 0.3249512
vt 1.116211 0.3408203
vt 1.117188 0.355957
vt 1.12207 0.3674316
vt 1.12793 0.3776855
vt 1.136719 0.3879395
vt 1.149414 0.3959961
vt 1.164063 0.4016113
vt 1.18457 0.4047852
vt 1.217773 0.3249512
vt 1.217773 0.4050293
vt 1.765625 0.4050293
vt 1.828125 0.324707
vt 1.828125 0.4052734
vt 1.765625 0.324707
vt 1.765625 0.2836914
vt 1.828125 0.2836914
vt 1.765625 0.2456055
vt 1.828125 0.2456055
vt 1.765625 0.2045898
vt 1.828125 0.2045898
vt 1.765625 0.1621094
vt 1.828125 0.1621094
vt 1.765625 0.1228638
vt 1.828125 0.1228638
vt 1.765625 0.08453369
vt 1.828125 0.08453369
vt 1.765625 0.04827881
vt 1.828125 0.04827881
vt 1.765625 0.01075745
vt 1.828125 0.01075745
vt 1.915039 0.04827881
vt 1.915039 0.01075745
vt 1.915039 0.08453369
vt 1.915039 0.1228638
vt 1.915039 0.1621094
vt 1.915039 0.2045898
vt 1.915039 0.2456055
vt 1.915039 0.2836914
vt 1.915039 0.324707
vt 1.915039 0.3344727
vt 1.915039 0.3508301
vt 1.912109 0.3652344
vt 1.90625 0.3771973
vt 1.898438 0.3867188
vt 1.887695 0.395752
vt 1.874023 0.4016113
vt 1.860352 0.4040527
vt 1.842773 0.4047852
vt 1.828125 0.4052734
vt 1.519531 0.01075745
vt 1.765625 0.01075745
vt 1.765625 0.04827881
vt 1.519531 0.04827881
vt 1.217773 0.01075745
vt 1.765625 0.08453369
vt 1.217773 0.04849243
vt 1.182617 0.01075745
vt 1.519531 0.08453369
vt 1.765625 0.1228638
vt 1.182617 0.04849243
vt 1.115234 0.01075745
vt 1.115234 0.04849243
vt 1.519531 0.1228638
vt 1.765625 0.1621094
vt 1.217773 0.08502197
vt 1.182617 0.08502197
vt 1.115234 0.08502197
vt 1.519531 0.1621094
vt 1.765625 0.2045898
vt 1.217773 0.1235352
vt 1.182617 0.1235352
vt 1.115234 0.1235352
vt 1.519531 0.2045898
vt 1.765625 0.2456055
vt 1.217773 0.1630859
vt 1.182617 0.1630859
vt 1.115234 0.1630859
vt 1.115234 0.2053223
vt 1.183594 0.2053223
vt 1.115234 0.2462158
vt 1.519531 0.2456055
vt 1.765625 0.2836914
vt 1.217773 0.2053223
vt 1.183594 0.2462158
vt 1.115234 0.2841797
vt 1.519531 0.2836914
vt 1.765625 0.324707
vt 1.217773 0.2462158
vt 1.18457 0.2841797
vt 1.115234 0.3249512
vt 1.519531 0.324707
vt 1.519531 0.4050293
vt 1.217773 0.2841797
vt 1.18457 0.3249512
vt 1.116211 0.3408203
vt 1.117188 0.355957
vt 1.12207 0.3674316
vt 1.12793 0.3776855
vt 1.136719 0.3879395
vt 1.149414 0.3959961
vt 1.164063 0.4016113
vt 1.18457 0.4047852
vt 1.217773 0.3249512
vt 1.217773 0.4050293
vt 1.765625 0.4050293
vt 1.828125 0.4052734
vt 1.828125 0.324707
vt 1.765625 0.324707
vt 1.765625 0.2836914
vt 1.828125 0.2836914
vt 1.765625 0.2456055
vt 1.828125 0.2456055
vt 1.765625 0.2045898
vt 1.828125 0.2045898
vt 1.765625 0.1621094
vt 1.828125 0.1621094
vt 1.765625 0.1228638
vt 1.828125 0.1228638
vt 1.765625 0.08453369
vt 1.828125 0.08453369
vt 1.765625 0.04827881
vt 1.828125 0.04827881
vt 1.765625 0.01075745
vt 1.828125 0.01075745
vt 1.915039 0.04827881
vt 1.915039 0.01075745
vt 1.915039 0.08453369
vt 1.915039 0.1228638
vt 1.915039 0.1621094
vt 1.915039 0.2045898
vt 1.915039 0.2456055
vt 1.915039 0.2836914
vt 1.915039 0.324707
vt 1.915039 0.3344727
vt 1.915039 0.3508301
vt 1.912109 0.3652344
vt 1.90625 0.3771973
vt 1.898438 0.3867188
vt 1.887695 0.395752
vt 1.874023 0.4016113
vt 1.860352 0.4040527
vt 1.842773 0.4047852
vt 1.828125 0.4052734
vt 1.519531 0.01075745
vt 1.765625 0.04827881
vt 1.765625 0.01075745
vt 1.519531 0.04827881
vt 1.217773 0.01075745
vt 1.765625 0.08453369
vt 1.217773 0.04849243
vt 1.182617 0.01075745
vt 1.519531 0.08453369
vt 1.765625 0.1228638
vt 1.182617 0.04849243
vt 1.115234 0.01075745
vt 1.115234 0.04849243
vt 1.519531 0.1228638
vt 1.765625 0.1621094
vt 1.217773 0.08502197
vt 1.182617 0.08502197
vt 1.115234 0.08502197
vt 1.519531 0.1621094
vt 1.765625 0.2045898
vt 1.217773 0.1235352
vt 1.182617 0.1235352
vt 1.115234 0.1235352
vt 1.519531 0.2045898
vt 1.765625 0.2456055
vt 1.217773 0.1630859
vt 1.182617 0.1630859
vt 1.115234 0.1630859
vt 1.115234 0.2053223
vt 1.183594 0.2053223
vt 1.115234 0.2462158
vt 1.519531 0.2456055
vt 1.765625 0.2836914
vt 1.217773 0.2053223
vt 1.183594 0.2462158
vt 1.115234 0.2841797
vt 1.519531 0.2836914
vt 1.765625 0.324707
vt 1.217773 0.2462158
vt 1.18457 0.2841797
vt 1.115234 0.3249512
vt 1.519531 0.324707
vt 1.519531 0.4050293
vt 1.217773 0.2841797
vt 1.18457 0.3249512
vt 1.116211 0.3408203
vt 1.117188 0.355957
vt 1.12207 0.3674316
vt 1.12793 0.3776855
vt 1.136719 0.3879395
vt 1.149414 0.3959961
vt 1.164063 0.4016113
vt 1.18457 0.4047852
vt 1.217773 0.3249512
vt 1.217773 0.4050293
vn -0.06610107 -0.7416992 0.6674805
vn -0.07055664 -0.432373 0.8989258
vn -0.07189941 -0.737793 0.6713867
vn 0.06610107 -0.7416992 0.6674805
vn 0.07189941 -0.737793 0.6713867
vn 0.07055664 -0.432373 0.8989258
vn -0.06610107 0.7416992 0.6674805
vn -0.07189941 0.737793 0.6713867
vn -0.07055664 0.432373 0.8989258
vn 0.06610107 0.7416992 0.6674805
vn 0.07055664 0.432373 0.8989258
vn 0.07189941 0.737793 0.6713867
vn 0 -0.3186035 -0.9477539
vn 0 0 -1
vn -0.1120605 0 -0.9936523
vn -0.1171265 -0.3186035 -0.9404297
vn -0.1265869 -0.6235352 -0.7714844
vn 0 -0.6259766 -0.7797852
vn -0.5239258 -0.2700195 -0.8076172
vn -0.5185547 0 -0.8549805
vn -0.5161133 0 -0.8564453
vn -0.1270752 -0.8325195 -0.5395508
vn 0 -0.8388672 -0.5439453
vn -0.5292969 -0.5288086 -0.6635742
vn -0.5117188 -0.2780762 -0.8129883
vn -0.01895142 0 -1
vn -0.5058594 -0.5483398 -0.6665039
vn -0.5302734 -0.7094727 -0.4638672
vn -0.09356689 -0.9394531 -0.3303223
vn 0 -0.9501953 -0.3115234
vn -0.01776123 -0.3254395 -0.9453125
vn -0.4868164 -0.7363281 -0.4697266
vn -0.512207 -0.800293 -0.3122559
vn -0.03585815 -0.9726563 -0.2302246
vn 0 -0.9951172 -0.1000977
vn 0.4755859 -0.2856445 -0.8320313
vn 0.4875488 0 -0.8730469
vn -0.013237 -0.6318359 -0.7749023
vn -0.4846191 -0.8105469 -0.3293457
vn -0.3859863 -0.8339844 -0.394043
vn -0.05166626 -0.9697266 -0.2376709
vn -0.006793976 -0.8393555 -0.543457
vn -0.4367676 -0.7441406 -0.5053711
vn 0.01502228 -0.7202148 -0.6933594
vn -0.0006594658 -0.9311523 -0.364502
vn 0.484375 -0.5561523 -0.675293
vn -0.007709503 -0.9960938 -0.08575439
vn 0 -1 0.003913879
vn -0.2347412 -0.7485352 -0.6201172
vn -0.007415771 -0.9628906 -0.2692871
vn -0.01539612 -0.9956055 -0.09082031
vn -0.01858521 -1 0.007637024
vn -0.009674072 -1 0.0050354
vn -0.0114212 -0.9916992 0.1276855
vn 0 -0.9907227 0.1347656
vn 0 -0.9624023 0.2712402
vn -0.006443024 -0.7333984 -0.6796875
vn 0.225708 -0.7617188 -0.6069336
vn 0.02999878 -0.9716797 -0.2347412
vn 0.05276489 -0.9702148 -0.2373047
vn 0.3930664 -0.8286133 -0.3984375
vn 0.5087891 -0.8012695 -0.3144531
vn 0.453125 -0.7407227 -0.4958496
vn 0.4819336 -0.8134766 -0.3259277
vn 0.4797363 -0.7416992 -0.4692383
vn 0.5102539 -0.71875 -0.472168
vn 0.4968262 -0.5429688 -0.6772461
vn 0.4958496 -0.2783203 -0.8227539
vn 0.4909668 0 -0.8710938
vn 0.06994629 0 -0.9975586
vn 0.07940674 -0.6259766 -0.7758789
vn 0.07244873 -0.3193359 -0.9448242
vn -0.1523438 0 -0.9882813
vn 0.08862305 -0.8344727 -0.5439453
vn -0.1599121 -0.3186035 -0.934082
vn 0.09484863 -0.9331055 -0.347168
vn -0.1722412 -0.6191406 -0.7661133
vn -0.5581055 -0.263916 -0.7866211
vn -0.5551758 0 -0.831543
vn -0.5512695 0 -0.8344727
vn -0.09118652 -0.9667969 -0.239502
vn -0.1687012 -0.8242188 -0.5410156
vn -0.5620117 -0.5175781 -0.6450195
vn -0.5263672 -0.2746582 -0.8046875
vn -0.01751709 0 -1
vn -0.5112305 -0.5410156 -0.6674805
vn -0.01777649 -0.3305664 -0.9438477
vn 0.5063477 0 -0.8623047
vn -0.5556641 -0.6953125 -0.4555664
vn -0.1466064 -0.9267578 -0.3464355
vn -0.5361328 -0.7861328 -0.307373
vn -0.489502 -0.7275391 -0.480957
vn -0.01724243 -0.6337891 -0.7734375
vn 0.4958496 -0.2866211 -0.8198242
vn -0.4699707 -0.8168945 -0.3347168
vn -0.00561142 -0.8369141 -0.546875
vn 0.467041 -0.2839355 -0.8374023
vn 0.4562988 0 -0.8896484
vn 0.479248 -0.559082 -0.6762695
vn 0.01571655 -0.3239746 -0.9458008
vn 0.01125336 0 -1
vn -0.161377 0 -0.9868164
vn 0.463623 -0.5551758 -0.690918
vn -0.4677734 -0.7285156 -0.5004883
vn 0.01303864 -0.9272461 -0.3742676
vn 0.003580093 -0.7358398 -0.6772461
vn -0.416748 -0.8227539 -0.3862305
vn 0.4846191 -0.7363281 -0.4724121
vn 0.4868164 -0.7294922 -0.4804688
vn 0.5078125 -0.7988281 -0.322998
vn 0.4936523 -0.8061523 -0.3261719
vn 0.02886963 -0.6274414 -0.777832
vn -0.05578613 -0.9726563 -0.2253418
vn 0.4897461 -0.7373047 -0.4648438
vn -0.1744385 -0.3237305 -0.9301758
vn -0.5751953 -0.2553711 -0.7773438
vn -0.5615234 0 -0.8276367
vn -0.5683594 0 -0.8227539
vn -0.1916504 -0.6186523 -0.7617188
vn -0.2408447 -0.765625 -0.5961914
vn 0.3354492 -0.8417969 -0.4226074
vn -0.5825195 -0.262207 -0.7695313
vn -0.056427 0 -0.9985352
vn -0.05477905 -0.3271484 -0.9433594
vn 0.440918 0 -0.8974609
vn -0.5727539 -0.5097656 -0.6416016
vn -0.5942383 -0.4946289 -0.6342773
vn -0.02090454 -0.9770508 -0.2116699
vn -0.01266479 -0.7983398 -0.6020508
vn 0.1773682 -0.8154297 -0.5512695
vn -0.02258301 -0.996582 -0.08154297
vn 0.02160645 -0.9697266 -0.2432861
vn -0.006851196 -0.9794922 -0.2021484
vn -0.03182983 -0.9956055 -0.09063721
vn -0.02807617 -0.9995117 0.0103302
vn -0.0390625 -0.9990234 0.01498413
vn 0.05969238 -0.9291992 -0.3652344
vn -0.09295654 -0.9658203 -0.2421875
vn 0.05126953 -0.8334961 -0.550293
vn -0.182373 -0.8183594 -0.5454102
vn -0.1512451 -0.9208984 -0.359375
vn -0.5864258 -0.668457 -0.4577637
vn -0.5483398 -0.7709961 -0.3234863
vn -0.5493164 -0.6918945 -0.4689941
vn -0.5141602 -0.7836914 -0.3479004
vn -0.05337524 -0.6337891 -0.7714844
vn -0.04638672 -0.8330078 -0.5512695
vn 0.4624023 -0.2980957 -0.8349609
vn 0.4477539 -0.5732422 -0.6860352
vn 0.3745117 -0.3027344 -0.8764648
vn 0.3835449 0 -0.9233398
vn -0.09191895 0 -0.9956055
vn 0.3918457 -0.574707 -0.7182617
vn -0.0871582 -0.326416 -0.9414063
vn -0.1782227 -0.322998 -0.9296875
vn -0.1831055 0 -0.9829102
vn -0.2053223 0 -0.9785156
vn -0.199707 -0.3239746 -0.9248047
vn -0.241333 0 -0.9702148
vn -0.1608887 -0.6166992 -0.7705078
vn -0.07104492 -0.6259766 -0.7763672
vn 0.3959961 -0.7587891 -0.5166016
vn -0.2344971 -0.3242188 -0.9165039
vn -0.3061523 0 -0.9521484
vn -0.1807861 -0.612793 -0.769043
vn -0.0536499 -0.8232422 -0.5649414
vn 0.434082 -0.7524414 -0.494873
vn -0.2973633 -0.3242188 -0.8979492
vn -0.3979492 0 -0.9174805
vn -0.1340332 -0.8125 -0.5673828
vn 0.3779297 -0.8515625 -0.3630371
vn -0.03744507 -0.9179688 -0.3947754
vn -0.2130127 -0.6074219 -0.7651367
vn -0.3828125 -0.3266602 -0.8642578
vn -0.4226074 0 -0.90625
vn -0.05337524 -0.9277344 -0.3691406
vn -0.1519775 -0.8032227 -0.5761719
vn -0.2702637 -0.5991211 -0.753418
vn -0.4816895 -0.7104492 -0.5131836
vn -0.03038025 -0.7055664 -0.7080078
vn 0.4233398 -0.8310547 -0.361084
vn -0.4130859 -0.8178711 -0.4008789
vn 0.4233398 -0.7358398 -0.5283203
vn 0.2749023 -0.8735352 -0.4013672
vn -0.06204224 -0.9765625 -0.2049561
vn -0.03851318 -0.9814453 -0.1881104
vn -0.2371826 -0.7880859 -0.5678711
vn -0.01539612 -0.7895508 -0.6132813
vn 0.1652832 -0.8203125 -0.5473633
vn -0.03326416 -0.9814453 -0.1885986
vn -0.07830811 -0.9882813 -0.131958
vn -0.04367065 -0.9960938 -0.07897949
vn -0.05737305 -0.96875 -0.2415771
vn -0.05230713 -0.9985352 0.0196991
vn -0.07714844 -0.996582 0.02424622
vn -0.1107178 -0.9272461 -0.3571777
vn -0.1177368 -0.9199219 -0.3737793
vn -0.04864502 -0.9946289 0.09295654
vn -0.09851074 -0.9833984 -0.1531982
vn -0.1833496 -0.7915039 -0.5830078
vn -0.1544189 -0.90625 -0.3930664
vn -0.2415771 -0.7817383 -0.5751953
vn -0.03237915 -0.9936523 0.1073608
vn -0.3430176 -0.6005859 -0.722168
vn -0.02560425 -0.9926758 0.1160889
vn -0.02520752 -0.9711914 0.2362061
vn -0.402832 -0.3457031 -0.8476563
vn -0.0104599 -0.9658203 0.2585449
vn -0.01872253 -0.9272461 0.3737793
vn 0 -0.9189453 0.3945313
vn -0.01041412 -0.9213867 0.3879395
vn 0 -0.8759766 0.4824219
vn -0.03134155 -0.9770508 0.2108154
vn -0.005599976 -0.8774414 0.4799805
vn -0.00369072 -0.862793 0.5053711
vn 0 -0.8618164 0.5073242
vn -0.007137299 -0.8657227 0.5004883
vn -0.01074982 -0.8813477 0.472168
vn -0.0105896 -0.8701172 0.4926758
vn -0.01600647 -0.8876953 0.4599609
vn -0.01418304 -0.8759766 0.4821777
vn -0.04605103 -0.9829102 0.1772461
vn -0.03436279 -0.9453125 0.3249512
vn -0.02711487 -0.9360352 0.3505859
vn -0.02093506 -0.8959961 0.4438477
vn -0.01829529 -0.8828125 0.4689941
vn -0.02635193 -0.9052734 0.4240723
vn -0.02362061 -0.8916016 0.4526367
vn -0.05636597 -0.9951172 0.08117676
vn -0.04995728 -0.987793 0.1485596
vn -0.08355713 -0.9941406 0.07019043
vn -0.06433105 -0.9916992 0.1134033
vn -0.04898071 -0.9624023 0.267334
vn -0.04144287 -0.9541016 0.296875
vn -0.03259277 -0.9150391 0.4023438
vn -0.03083801 -0.9008789 0.4333496
vn -0.03933716 -0.9248047 0.378418
vn -0.03808594 -0.9072266 0.4187012
vn -0.1013184 -0.9941406 0.03823853
vn -0.06451416 -0.9956055 0.06500244
vn -0.05679321 -0.9707031 0.2324219
vn -0.04824829 -0.9335938 0.3554688
vn -0.07421875 -0.9282227 0.3642578
vn -0.09014893 -0.9956055 0.01792908
vn -0.06524658 -0.9770508 0.2026367
vn -0.1134644 -0.9931641 0.0279541
vn -0.07519531 -0.9506836 0.3015137
vn -0.1459961 -0.9892578 -0.003019333
vn -0.1245117 -0.9863281 -0.1090088
vn -0.08795166 -0.9887695 0.121582
vn -0.1463623 -0.9746094 -0.168335
vn -0.1732178 -0.984375 0.02294922
vn -0.2158203 -0.8974609 -0.3840332
vn -0.1973877 -0.9711914 -0.1323242
vn -0.234375 -0.9667969 -0.1032715
vn -0.2817383 -0.9052734 -0.3181152
vn -0.2314453 -0.9169922 -0.3251953
vn -0.3093262 -0.7827148 -0.5405273
vn -0.2807617 -0.8154297 -0.5063477
vn -0.3435059 -0.6337891 -0.6933594
vn -0.1660156 -0.9399414 -0.2983398
vn -0.2271729 -0.8662109 -0.4448242
vn -0.310791 -0.7084961 -0.6337891
vn -0.3920898 -0.4709473 -0.7900391
vn -0.4282227 -0.2324219 -0.8730469
vn -0.4360352 0 -0.8999023
vn -0.4936523 -0.2225342 -0.8408203
vn -0.5083008 0 -0.8613281
vn -0.4550781 -0.4265137 -0.7817383
vn -0.546875 -0.222168 -0.8071289
vn -0.5620117 0 -0.8271484
vn -0.4223633 -0.6035156 -0.6762695
vn -0.5063477 -0.4274902 -0.7490234
vn -0.597168 -0.2304688 -0.7685547
vn -0.6181641 0 -0.7861328
vn -0.5415039 -0.4453125 -0.7128906
vn -0.652832 -0.2398682 -0.71875
vn -0.6777344 0 -0.7353516
vn -0.5864258 -0.4614258 -0.6655273
vn -0.7104492 -0.2460938 -0.6591797
vn -0.7382813 0 -0.6748047
vn -0.4643555 -0.659668 -0.5908203
vn -0.7685547 -0.2498779 -0.5888672
vn -0.7988281 0 -0.6020508
vn -0.6318359 -0.4729004 -0.6142578
vn -0.8208008 -0.2509766 -0.5126953
vn -0.8525391 0 -0.5229492
vn -0.6855469 -0.4802246 -0.5473633
vn -0.5180664 -0.7026367 -0.487793
vn -0.329834 -0.7607422 -0.559082
vn -0.3388672 -0.8222656 -0.4575195
vn -0.2565918 -0.8623047 -0.4365234
vn -0.2098389 -0.9199219 -0.3310547
vn -0.2386475 -0.9145508 -0.326416
vn -0.1564941 -0.9599609 -0.2320557
vn -0.1834717 -0.9570313 -0.2250977
vn -0.342041 -0.871582 -0.3515625
vn -0.149292 -0.9780273 -0.1462402
vn -0.2196045 -0.9501953 -0.2219238
vn -0.1195679 -0.9921875 -0.03369141
vn -0.1651611 -0.9785156 -0.1226196
vn -0.5810547 -0.7353516 -0.3483887
vn -0.3525391 -0.9111328 -0.213501
vn -0.2053223 -0.9750977 -0.08599854
vn -0.1530762 -0.9882813 0.008201599
vn -0.1213989 -0.9897461 0.07629395
vn -0.1091309 -0.9741211 0.1968994
vn -0.1439209 -0.9785156 0.1486816
vn -0.1920166 -0.9780273 0.08209229
vn -0.3535156 -0.9350586 -0.02763367
vn -0.7319336 -0.484375 -0.4794922
vn -0.7797852 -0.4887695 -0.3916016
vn -0.6259766 -0.7626953 -0.161499
vn -0.8686523 -0.2509766 -0.4272461
vn -0.9003906 0 -0.4353027
vn -0.9086914 -0.2493896 -0.3342285
vn -0.9389648 0 -0.3439941
vn -0.9711914 0 -0.2388916
vn -0.8154297 -0.4919434 -0.3059082
vn -0.940918 -0.2478027 -0.2304688
vn -0.9916992 0 -0.1291504
vn -0.8447266 -0.498291 -0.1943359
vn -0.9619141 -0.2454834 -0.1212769
vn -1 0 -0.005725861
vn -0.859375 -0.5024414 -0.09460449
vn -0.9697266 -0.2436523 -0.0006194115
vn -0.9936523 0 0.112793
vn -0.6191406 -0.7836914 0.05062866
vn -0.8608398 -0.5083008 0.03140259
vn -0.9633789 -0.2380371 0.1251221
vn -0.9731445 0 0.2303467
vn -0.8505859 -0.5053711 0.1456299
vn -0.5825195 -0.7832031 0.2172852
vn -0.3283691 -0.9326172 0.1508789
vn -0.9443359 -0.2301025 0.2348633
vn -0.9477539 0 0.3198242
vn -0.177002 -0.9599609 0.217041
vn -0.2958984 -0.9228516 0.2460938
vn -0.1334229 -0.9584961 0.2514648
vn -0.831543 -0.4992676 0.2440186
vn -0.9208984 -0.2188721 0.3222656
vn -0.9116211 0 0.4108887
vn -0.8144531 -0.4875488 0.3139648
vn -0.887207 -0.2043457 0.4135742
vn -0.8867188 0 0.4624023
vn -0.8637695 -0.199707 0.4626465
vn -0.7875977 -0.4746094 0.3925781
vn -0.7680664 -0.4726563 0.4318848
vn -0.5625 -0.7651367 0.3129883
vn -0.5527344 -0.7539063 0.3549805
vn -0.2817383 -0.9174805 0.2810059
vn -0.2924805 -0.9091797 0.2961426
vn -0.09887695 -0.9604492 0.2607422
vn -0.114563 -0.9511719 0.286377
vn -0.1494141 -0.9467773 0.2856445
vn -0.0824585 -0.9521484 0.2941895
vn -0.05664063 -0.9755859 0.2124023
vn -0.1116943 -0.9365234 0.3325195
vn -0.09973145 -0.9501953 0.2954102
vn -0.0826416 -0.9814453 0.1717529
vn -0.1057129 -0.9267578 0.3605957
vn -0.1066895 -0.9550781 0.2758789
vn -0.02793884 -0.8857422 -0.4633789
vn 0 -0.996582 -0.08355713
vn 0 -0.8813477 -0.472168
vn -0.01948547 -0.9960938 -0.08502197
vn -0.03579712 -0.8881836 -0.4577637
vn 0 -0.8276367 0.5610352
vn -0.02386475 -0.9951172 -0.09552002
vn -0.03540039 -0.8789063 -0.4758301
vn 0.002063751 -0.8369141 0.5478516
vn 0 -0.6464844 0.7626953
vn 0.01174164 -0.6640625 0.7475586
vn 0.002946854 -0.8583984 0.5126953
vn 0.01464081 -0.7001953 0.7133789
vn 0.0005764961 -0.8803711 0.4746094
vn 0.01252747 -0.7358398 0.6767578
vn -0.02534485 -0.9916992 -0.1273193
vn -0.03509521 -0.8618164 -0.5058594
vn -0.02578735 -0.9868164 -0.1612549
vn -0.03543091 -0.8457031 -0.5327148
vn -0.001861572 -0.8999023 0.435791
vn 0.009681702 -0.7685547 0.6396484
vn -0.004261017 -0.9160156 0.4016113
vn 0.00920105 -0.7910156 0.6118164
vn -0.02848816 -0.9804688 -0.1949463
vn -0.04141235 -0.8139648 -0.5795898
vn -0.03356934 -0.9711914 -0.2368164
vn -0.05172729 -0.7739258 -0.6313477
vn -0.005371094 -0.9208984 0.3901367
vn 0.00933075 -0.796875 0.6040039
vn -0.04650879 -0.9619141 -0.2685547
vn -0.07653809 -0.7617188 -0.6430664
vn -0.01763916 -0.9208984 0.3898926
vn -0.002283096 -0.7900391 0.6132813
vn -0.07550049 -0.9570313 -0.2797852
vn -0.102417 -0.7817383 -0.6152344
vn -0.03942871 -0.9067383 0.4196777
vn -0.0171051 -0.7109375 0.703125
vn -0.09753418 -0.9584961 -0.2685547
vn -0.1126709 -0.8012695 -0.5878906
vn -0.04983521 -0.8457031 0.53125
vn -0.019104 -0.6367188 0.7709961
vn -0.1046143 -0.9599609 -0.2592773
vn -0.112854 -0.7958984 -0.5947266
vn -0.05233765 -0.8291016 0.5566406
vn -0.008300781 -0.4819336 0.8759766
vn -0.1072998 -0.9589844 -0.2629395
vn -0.1392822 -0.7954102 -0.5898438
vn -0.08007813 -0.8232422 0.5615234
vn -0.02441406 -0.4780273 0.8779297
vn -0.1544189 -0.9599609 -0.2338867
vn -0.3007813 -0.7817383 -0.5463867
vn -0.3156738 -0.7719727 0.5517578
vn -0.1485596 -0.4992676 0.8535156
vn -0.3583984 -0.9150391 -0.184082
vn -0.5532227 -0.6616211 -0.5058594
vn -0.6694336 -0.7368164 -0.09472656
vn -0.7758789 -0.4257813 -0.4660645
vn -0.565918 -0.5488281 0.6152344
vn -0.3723145 -0.385498 0.8442383
vn -0.8710938 -0.4904785 -0.02612305
vn -0.8920898 -0.1794434 -0.4143066
vn -0.6469727 -0.3178711 0.6933594
vn -0.4111328 -0.1998291 0.8896484
vn -0.9711914 -0.2366943 0.03031921
vn -0.9189453 0 -0.3945313
vn -0.9985352 0 0.05789185
vn -0.6411133 0 0.7675781
vn -0.6494141 -0.1322021 0.7485352
vn -0.3242188 0 0.9458008
vn -0.005031586 -0.9819336 0.1898193
vn 0 -0.8710938 0.4914551
vn 0 -0.9819336 0.1893311
vn -0.02627563 -0.8500977 0.5263672
vn -0.003044128 -0.9819336 0.1898193
vn -0.06604004 -0.8408203 0.5371094
vn -0.008415222 -0.9814453 0.1921387
vn -0.102478 -0.8486328 0.519043
vn -0.111084 -0.8549805 0.5068359
vn -0.2113037 -0.4294434 0.8779297
vn -0.0112381 -0.9794922 0.2004395
vn -0.2362061 -0.4570313 0.8574219
vn -0.1031494 -0.8491211 0.5180664
vn -0.2150879 -0.4785156 0.8515625
vn -0.01313782 -0.9765625 0.2148438
vn -0.08996582 -0.815918 0.5712891
vn -0.01406097 -0.9711914 0.2376709
vn -0.02722168 -0.9580078 0.2851563
vn -0.07556152 -0.7875977 0.6113281
vn -0.1583252 -0.5390625 0.8271484
vn -0.0585022 -0.9301758 0.3630371
vn -0.1156006 -0.4836426 0.8676758
vn -0.07189941 -0.737793 0.6713867
vn -0.06610107 -0.7416992 0.6674805
vn -0.07055664 -0.432373 0.8989258
vn -0.08996582 -0.815918 0.5712891
vn -0.2150879 -0.4785156 0.8515625
vn -0.1031494 -0.8491211 0.5180664
vn -0.1583252 -0.5390625 0.8271484
vn -0.2412109 -0.3164063 0.9174805
vn -0.2362061 -0.4570313 0.8574219
vn -0.2651367 -0.2663574 0.9267578
vn -0.2113037 -0.4294434 0.8779297
vn -0.2359619 -0.234375 0.9428711
vn -0.1313477 -0.4211426 0.8974609
vn -0.102478 -0.8486328 0.519043
vn -0.1464844 -0.2349854 0.9609375
vn -0.06604004 -0.8408203 0.5371094
vn -0.05197144 -0.4487305 0.8920898
vn -0.05990601 -0.2575684 0.9643555
vn 0 -0.2746582 0.9614258
vn -0.02627563 -0.8500977 0.5263672
vn 0 -0.4821777 0.8759766
vn 0 -0.8710938 0.4914551
vn -0.06658936 -0.008453369 0.9975586
vn 0 0 1
vn 0 -0.009132385 1
vn -0.06610107 0 0.9980469
vn -0.1589355 -0.007408142 0.9873047
vn -0.1582031 0 0.9873047
vn -0.2548828 -0.007202148 0.9667969
vn -0.2539063 0 0.9672852
vn -0.2875977 -0.008666992 0.9575195
vn -0.2878418 0 0.9575195
vn -0.2683105 -0.01076508 0.9633789
vn -0.2687988 0 0.9633789
vn -0.2097168 -0.01210785 0.9775391
vn -0.2111816 0 0.9775391
vn -0.1330566 -0.01165009 0.9912109
vn -0.1330566 0 0.9912109
vn -0.06658936 -0.01171112 0.9975586
vn -0.065979 0 0.9980469
vn -0.009849548 -0.01271057 1
vn -0.01074982 0 1
vn 0.02738953 -0.008522034 0.9995117
vn 0.02792358 0 0.9995117
vn 0.04489136 -0.003599167 0.9990234
vn 0.04544067 0 0.9990234
vn 0.04385376 -0.003318787 0.9990234
vn 0.04244995 -0.003160477 0.9990234
vn 0.04074097 0 0.9990234
vn 0.03543091 -0.004482269 0.9995117
vn 0.03546143 -0.004314423 0.9995117
vn 0.03384399 -0.002864838 0.9995117
vn 0.03378296 -0.003210068 0.9995117
vn 0.03094482 0 0.9995117
vn 0.03201294 0 0.9995117
vn 0 -0.3186035 -0.9477539
vn 0.1120605 0 -0.9936523
vn 0 0 -1
vn 0.1171265 -0.3186035 -0.9404297
vn 0.1265869 -0.6235352 -0.7714844
vn 0 -0.6259766 -0.7797852
vn 0.5239258 -0.2700195 -0.8076172
vn 0.5185547 0 -0.8549805
vn 0.5161133 0 -0.8564453
vn 0.1270752 -0.8325195 -0.5395508
vn 0 -0.8388672 -0.5439453
vn 0.5292969 -0.5288086 -0.6635742
vn 0.5117188 -0.2780762 -0.8129883
vn 0.01893616 0 -1
vn 0.5058594 -0.5483398 -0.6665039
vn 0.5302734 -0.7094727 -0.4638672
vn 0.09356689 -0.9394531 -0.3303223
vn 0 -0.9501953 -0.3115234
vn 0.01776123 -0.3254395 -0.9453125
vn 0.4868164 -0.7363281 -0.4697266
vn 0.512207 -0.800293 -0.3122559
vn 0.03585815 -0.9726563 -0.2302246
vn 0 -0.9951172 -0.1000977
vn -0.4755859 -0.2856445 -0.8320313
vn -0.4875488 0 -0.8730469
vn 0.013237 -0.6318359 -0.7749023
vn 0.4846191 -0.8105469 -0.3293457
vn 0.3859863 -0.8339844 -0.394043
vn 0.05166626 -0.9697266 -0.2376709
vn 0.006793976 -0.8393555 -0.543457
vn 0.4367676 -0.7441406 -0.5053711
vn -0.01502228 -0.7202148 -0.6933594
vn 0.0006594658 -0.9311523 -0.364502
vn -0.484375 -0.5561523 -0.675293
vn 0.007709503 -0.9960938 -0.08575439
vn 0 -1 0.003913879
vn 0.2347412 -0.7485352 -0.6201172
vn 0.007415771 -0.9628906 -0.2692871
vn 0.01539612 -0.9956055 -0.09082031
vn 0.01858521 -1 0.007637024
vn 0.009674072 -1 0.0050354
vn 0.0114212 -0.9916992 0.1276855
vn 0 -0.9907227 0.1347656
vn 0 -0.9624023 0.2712402
vn 0.006443024 -0.7333984 -0.6796875
vn -0.225708 -0.7617188 -0.6069336
vn -0.02999878 -0.9716797 -0.2347412
vn -0.05276489 -0.9702148 -0.2373047
vn -0.3930664 -0.8286133 -0.3984375
vn -0.5087891 -0.8012695 -0.3144531
vn -0.453125 -0.7407227 -0.4958496
vn -0.4819336 -0.8134766 -0.3259277
vn -0.4797363 -0.7416992 -0.4692383
vn -0.5102539 -0.71875 -0.472168
vn -0.4968262 -0.5429688 -0.6772461
vn -0.4958496 -0.2783203 -0.8227539
vn -0.4909668 0 -0.8710938
vn -0.06994629 0 -0.9975586
vn -0.07940674 -0.6259766 -0.7758789
vn -0.07244873 -0.3193359 -0.9448242
vn 0.1523438 0 -0.9882813
vn -0.08862305 -0.8344727 -0.5439453
vn 0.1599121 -0.3186035 -0.934082
vn -0.09484863 -0.9331055 -0.347168
vn 0.1722412 -0.6191406 -0.7661133
vn 0.5581055 -0.263916 -0.7866211
vn 0.5551758 0 -0.831543
vn 0.5512695 0 -0.8344727
vn 0.09118652 -0.9667969 -0.239502
vn 0.1687012 -0.8242188 -0.5410156
vn 0.5620117 -0.5175781 -0.6450195
vn 0.5263672 -0.2746582 -0.8046875
vn 0.01751709 0 -1
vn 0.5112305 -0.5410156 -0.6674805
vn 0.01777649 -0.3305664 -0.9438477
vn -0.5063477 0 -0.8623047
vn 0.5556641 -0.6953125 -0.4555664
vn 0.1466064 -0.9267578 -0.3464355
vn 0.5361328 -0.7861328 -0.307373
vn 0.489502 -0.7275391 -0.480957
vn 0.01724243 -0.6337891 -0.7734375
vn -0.4958496 -0.2866211 -0.8198242
vn 0.4699707 -0.8168945 -0.3347168
vn 0.00561142 -0.8369141 -0.546875
vn -0.467041 -0.2839355 -0.8374023
vn -0.4562988 0 -0.8896484
vn -0.479248 -0.559082 -0.6762695
vn -0.463623 -0.5551758 -0.690918
vn -0.01571655 -0.3239746 -0.9458008
vn -0.01125336 0 -1
vn 0.161377 0 -0.9868164
vn 0.4677734 -0.7285156 -0.5004883
vn -0.01303864 -0.9272461 -0.3742676
vn -0.003580093 -0.7358398 -0.6772461
vn 0.416748 -0.8227539 -0.3862305
vn -0.4846191 -0.7363281 -0.4724121
vn -0.4868164 -0.7294922 -0.4804688
vn -0.5078125 -0.7988281 -0.322998
vn -0.4936523 -0.8061523 -0.3261719
vn 0.05578613 -0.9726563 -0.2253418
vn -0.02886963 -0.6274414 -0.777832
vn -0.4897461 -0.7373047 -0.4648438
vn 0.2408447 -0.765625 -0.5961914
vn -0.05126953 -0.8334961 -0.550293
vn 0.1744385 -0.3237305 -0.9301758
vn 0.5751953 -0.2553711 -0.7773438
vn 0.5615234 0 -0.8276367
vn 0.5683594 0 -0.8227539
vn 0.1916504 -0.6186523 -0.7617188
vn -0.3354492 -0.8417969 -0.4226074
vn 0.5825195 -0.262207 -0.7695313
vn 0.056427 0 -0.9985352
vn 0.05477905 -0.3271484 -0.9433594
vn -0.440918 0 -0.8974609
vn 0.5727539 -0.5097656 -0.6416016
vn 0.5942383 -0.4946289 -0.6342773
vn 0.182373 -0.8183594 -0.5454102
vn -0.05969238 -0.9291992 -0.3652344
vn -0.02160645 -0.9697266 -0.2432861
vn -0.1773682 -0.8154297 -0.5512695
vn 0.01266479 -0.7983398 -0.6020508
vn 0.02090454 -0.9770508 -0.2116699
vn 0.006851196 -0.9794922 -0.2021484
vn 0.03182983 -0.9956055 -0.09063721
vn 0.02258301 -0.996582 -0.08154297
vn 0.09295654 -0.9658203 -0.2421875
vn 0.02807617 -0.9995117 0.0103302
vn 0.1512451 -0.9208984 -0.359375
vn 0.5864258 -0.668457 -0.4577637
vn 0.0390625 -0.9990234 0.01498413
vn 0.5483398 -0.7709961 -0.3234863
vn 0.5493164 -0.6918945 -0.4689941
vn 0.5141602 -0.7836914 -0.3479004
vn 0.05337524 -0.6337891 -0.7714844
vn 0.04638672 -0.8330078 -0.5512695
vn -0.4624023 -0.2980957 -0.8349609
vn -0.4477539 -0.5732422 -0.6860352
vn -0.3745117 -0.3027344 -0.8764648
vn -0.3835449 0 -0.9233398
vn 0.09191895 0 -0.9956055
vn -0.3918457 -0.574707 -0.7182617
vn 0.0871582 -0.326416 -0.9414063
vn 0.1782227 -0.322998 -0.9296875
vn 0.1831055 0 -0.9829102
vn 0.2053223 0 -0.9785156
vn 0.199707 -0.3239746 -0.9248047
vn 0.241333 0 -0.9702148
vn 0.1608887 -0.6166992 -0.7705078
vn 0.07104492 -0.6259766 -0.7763672
vn -0.3959961 -0.7587891 -0.5166016
vn 0.2344971 -0.3242188 -0.9165039
vn 0.3061523 0 -0.9521484
vn 0.1807861 -0.612793 -0.769043
vn 0.0536499 -0.8232422 -0.5649414
vn -0.434082 -0.7524414 -0.494873
vn 0.2973633 -0.3242188 -0.8979492
vn 0.3979492 0 -0.9174805
vn 0.1340332 -0.8125 -0.5673828
vn -0.3779297 -0.8515625 -0.3630371
vn 0.03744507 -0.9179688 -0.3947754
vn 0.2130127 -0.6074219 -0.7651367
vn 0.3828125 -0.3266602 -0.8642578
vn 0.4226074 0 -0.90625
vn 0.05337524 -0.9277344 -0.3691406
vn 0.1519775 -0.8032227 -0.5761719
vn 0.2702637 -0.5991211 -0.753418
vn 0.4816895 -0.7104492 -0.5131836
vn 0.03038025 -0.7055664 -0.7080078
vn -0.4233398 -0.8310547 -0.361084
vn 0.4130859 -0.8178711 -0.4008789
vn -0.4233398 -0.7358398 -0.5283203
vn -0.2749023 -0.8735352 -0.4013672
vn 0.06204224 -0.9765625 -0.2049561
vn 0.03851318 -0.9814453 -0.1881104
vn 0.2371826 -0.7880859 -0.5678711
vn 0.01539612 -0.7895508 -0.6132813
vn -0.1652832 -0.8203125 -0.5473633
vn 0.03326416 -0.9814453 -0.1885986
vn 0.07830811 -0.9882813 -0.131958
vn 0.04367065 -0.9960938 -0.07897949
vn 0.05737305 -0.96875 -0.2415771
vn 0.05230713 -0.9985352 0.0196991
vn 0.07714844 -0.996582 0.02424622
vn 0.1107178 -0.9272461 -0.3571777
vn 0.1177368 -0.9199219 -0.3737793
vn 0.04864502 -0.9946289 0.09295654
vn 0.09851074 -0.9833984 -0.1531982
vn 0.1833496 -0.7915039 -0.5830078
vn 0.1544189 -0.90625 -0.3930664
vn 0.2416992 -0.7817383 -0.5751953
vn 0.03237915 -0.9936523 0.1073608
vn 0.3430176 -0.6005859 -0.722168
vn 0.02560425 -0.9926758 0.1160889
vn 0.02520752 -0.9711914 0.2362061
vn 0.402832 -0.3457031 -0.8476563
vn 0.0104599 -0.9658203 0.2585449
vn 0.01872253 -0.9272461 0.3737793
vn 0 -0.9189453 0.3945313
vn 0.01041412 -0.9213867 0.3879395
vn 0 -0.8759766 0.4824219
vn 0.03134155 -0.9770508 0.2108154
vn 0.005599976 -0.8774414 0.4799805
vn 0.00369072 -0.862793 0.5053711
vn 0 -0.8618164 0.5073242
vn 0.007137299 -0.8657227 0.5004883
vn 0.01074982 -0.8813477 0.472168
vn 0.0105896 -0.8701172 0.4926758
vn 0.01600647 -0.8876953 0.4599609
vn 0.01419067 -0.8759766 0.4821777
vn 0.04605103 -0.9829102 0.1772461
vn 0.03436279 -0.9453125 0.3249512
vn 0.02711487 -0.9360352 0.3505859
vn 0.02093506 -0.8959961 0.4438477
vn 0.01829529 -0.8828125 0.4689941
vn 0.02635193 -0.9052734 0.4240723
vn 0.02362061 -0.8916016 0.4526367
vn 0.05636597 -0.9951172 0.08117676
vn 0.04995728 -0.987793 0.1485596
vn 0.08355713 -0.9941406 0.07019043
vn 0.06433105 -0.9916992 0.1134033
vn 0.04898071 -0.9624023 0.267334
vn 0.04144287 -0.9541016 0.296875
vn 0.03259277 -0.9150391 0.4023438
vn 0.03083801 -0.9008789 0.4333496
vn 0.03933716 -0.9248047 0.378418
vn 0.03808594 -0.9072266 0.4187012
vn 0.1013184 -0.9941406 0.03823853
vn 0.06451416 -0.9956055 0.06500244
vn 0.05679321 -0.9707031 0.2324219
vn 0.04824829 -0.9335938 0.3554688
vn 0.07421875 -0.9282227 0.3642578
vn 0.09020996 -0.9956055 0.01792908
vn 0.06524658 -0.9770508 0.2026367
vn 0.1134644 -0.9931641 0.0279541
vn 0.07519531 -0.9506836 0.3015137
vn 0.1459961 -0.9892578 -0.003019333
vn 0.1245117 -0.9863281 -0.1090088
vn 0.08795166 -0.9887695 0.121582
vn 0.1463623 -0.9746094 -0.168335
vn 0.1732178 -0.984375 0.02294922
vn 0.2158203 -0.8974609 -0.3840332
vn 0.1973877 -0.9711914 -0.1323242
vn 0.234375 -0.9667969 -0.1032715
vn 0.2817383 -0.9052734 -0.3181152
vn 0.2314453 -0.9169922 -0.3251953
vn 0.3093262 -0.7827148 -0.5405273
vn 0.2807617 -0.8154297 -0.5063477
vn 0.3435059 -0.6337891 -0.6933594
vn 0.1660156 -0.9399414 -0.2983398
vn 0.2271729 -0.8662109 -0.4448242
vn 0.310791 -0.7084961 -0.6337891
vn 0.3920898 -0.4709473 -0.7900391
vn 0.4282227 -0.2324219 -0.8730469
vn 0.4360352 0 -0.8999023
vn 0.4936523 -0.2225342 -0.8408203
vn 0.5083008 0 -0.8613281
vn 0.4550781 -0.4265137 -0.7817383
vn 0.546875 -0.222168 -0.8071289
vn 0.5620117 0 -0.8271484
vn 0.4223633 -0.6035156 -0.6762695
vn 0.5063477 -0.4274902 -0.7490234
vn 0.597168 -0.2304688 -0.7685547
vn 0.6181641 0 -0.7861328
vn 0.5415039 -0.4453125 -0.7128906
vn 0.652832 -0.2398682 -0.71875
vn 0.6777344 0 -0.7353516
vn 0.5864258 -0.4614258 -0.6655273
vn 0.7104492 -0.2460938 -0.6591797
vn 0.7382813 0 -0.6748047
vn 0.4643555 -0.659668 -0.5908203
vn 0.329834 -0.7607422 -0.559082
vn 0.6318359 -0.4729004 -0.6142578
vn 0.7685547 -0.2498779 -0.5888672
vn 0.7988281 0 -0.6020508
vn 0.2565918 -0.8623047 -0.4365234
vn 0.3388672 -0.8222656 -0.4575195
vn 0.5180664 -0.7026367 -0.487793
vn 0.6855469 -0.4802246 -0.5473633
vn 0.8208008 -0.2509766 -0.5126953
vn 0.8525391 0 -0.5229492
vn 0.2098389 -0.9199219 -0.3310547
vn 0.2386475 -0.9145508 -0.326416
vn 0.1564941 -0.9599609 -0.2320557
vn 0.1834717 -0.9570313 -0.2250977
vn 0.342041 -0.871582 -0.3515625
vn 0.7319336 -0.484375 -0.4794922
vn 0.8686523 -0.2509766 -0.4272461
vn 0.9003906 0 -0.4353027
vn 0.149292 -0.9780273 -0.1462402
vn 0.2196045 -0.9501953 -0.2219238
vn 0.5810547 -0.7353516 -0.3483887
vn 0.7797852 -0.4887695 -0.3916016
vn 0.9086914 -0.2493896 -0.3342285
vn 0.9389648 0 -0.3439941
vn 0.9711914 0 -0.2388916
vn 0.1651611 -0.9785156 -0.1226196
vn 0.3525391 -0.9111328 -0.213501
vn 0.8154297 -0.4919434 -0.3059082
vn 0.940918 -0.2478027 -0.2304688
vn 0.9916992 0 -0.1291504
vn 0.6259766 -0.7626953 -0.161499
vn 0.2053223 -0.9750977 -0.08599854
vn 0.1195679 -0.9921875 -0.03369141
vn 0.8447266 -0.498291 -0.1943359
vn 0.9619141 -0.2454834 -0.1212769
vn 1 0 -0.005725861
vn 0.1530762 -0.9882813 0.008201599
vn 0.3535156 -0.9350586 -0.02763367
vn 0.1213989 -0.9897461 0.07629395
vn 0.859375 -0.5024414 -0.09460449
vn 0.9697266 -0.2436523 -0.000617981
vn 0.9936523 0 0.112793
vn 0.1920166 -0.9780273 0.08209229
vn 0.1091309 -0.9741211 0.1968994
vn 0.1439209 -0.9785156 0.1486816
vn 0.6191406 -0.7836914 0.05062866
vn 0.8608398 -0.5083008 0.03140259
vn 0.3283691 -0.9326172 0.1508789
vn 0.5825195 -0.7832031 0.2172852
vn 0.177002 -0.9599609 0.217041
vn 0.1334229 -0.9584961 0.2514648
vn 0.8505859 -0.5053711 0.1456299
vn 0.9633789 -0.2380371 0.1251221
vn 0.9731445 0 0.2303467
vn 0.9443359 -0.2301025 0.2348633
vn 0.9477539 0 0.3198242
vn 0.2958984 -0.9228516 0.2460938
vn 0.1066895 -0.9550781 0.2758789
vn 0.1494141 -0.9467773 0.2856445
vn 0.1057129 -0.9267578 0.3605957
vn 0.1116943 -0.9365234 0.3325195
vn 0.09973145 -0.9501953 0.2954102
vn 0.0826416 -0.9814453 0.1717529
vn 0.05664063 -0.9755859 0.2124023
vn 0.0824585 -0.9521484 0.2941895
vn 0.09887695 -0.9604492 0.2607422
vn 0.114563 -0.9511719 0.286377
vn 0.2817383 -0.9174805 0.2810059
vn 0.2924805 -0.9091797 0.2961426
vn 0.5527344 -0.7539063 0.3549805
vn 0.5625 -0.7651367 0.3129883
vn 0.7680664 -0.4726563 0.4318848
vn 0.7875977 -0.4746094 0.3925781
vn 0.8637695 -0.199707 0.4626465
vn 0.8144531 -0.4875488 0.3139648
vn 0.887207 -0.2043457 0.4135742
vn 0.8867188 0 0.4624023
vn 0.9116211 0 0.4108887
vn 0.9208984 -0.2188721 0.3222656
vn 0.831543 -0.4992676 0.2440186
vn 0.02793884 -0.8857422 -0.4633789
vn 0 -0.8813477 -0.472168
vn 0 -0.996582 -0.08355713
vn 0.01950073 -0.9960938 -0.08502197
vn 0.03579712 -0.8881836 -0.4577637
vn 0 -0.8276367 0.5610352
vn 0.02386475 -0.9951172 -0.09552002
vn 0.03540039 -0.8789063 -0.4758301
vn -0.002063751 -0.8369141 0.5478516
vn 0 -0.6464844 0.7626953
vn -0.01174164 -0.6640625 0.7475586
vn -0.002946854 -0.8583984 0.5126953
vn -0.01464081 -0.7001953 0.7133789
vn -0.0005760193 -0.8803711 0.4746094
vn -0.01252747 -0.7358398 0.6767578
vn 0.02534485 -0.9916992 -0.1273193
vn 0.03509521 -0.8618164 -0.5058594
vn 0.02578735 -0.9868164 -0.1612549
vn 0.03543091 -0.8457031 -0.5327148
vn 0.001862526 -0.8999023 0.435791
vn -0.009681702 -0.7685547 0.6396484
vn 0.004261017 -0.9160156 0.4016113
vn -0.00920105 -0.7910156 0.6118164
vn 0.02848816 -0.9804688 -0.1949463
vn 0.04141235 -0.8139648 -0.5795898
vn 0.03356934 -0.9711914 -0.2368164
vn 0.05172729 -0.7739258 -0.6313477
vn 0.005371094 -0.9208984 0.3901367
vn -0.00933075 -0.796875 0.6040039
vn 0.04650879 -0.9619141 -0.2685547
vn 0.07653809 -0.7617188 -0.6430664
vn 0.01763916 -0.9208984 0.3898926
vn 0.002283096 -0.7900391 0.6132813
vn 0.07550049 -0.9570313 -0.2797852
vn 0.102417 -0.7817383 -0.6152344
vn 0.03942871 -0.9067383 0.4196777
vn 0.0171051 -0.7109375 0.703125
vn 0.09753418 -0.9584961 -0.2685547
vn 0.1126709 -0.8012695 -0.5878906
vn 0.04983521 -0.8457031 0.53125
vn 0.019104 -0.6367188 0.7709961
vn 0.1046143 -0.9599609 -0.2592773
vn 0.112854 -0.7958984 -0.5947266
vn 0.05236816 -0.8291016 0.5566406
vn 0.008300781 -0.4819336 0.8759766
vn 0.1072998 -0.9589844 -0.2629395
vn 0.1392822 -0.7954102 -0.5898438
vn 0.08007813 -0.8232422 0.5615234
vn 0.02441406 -0.4780273 0.8779297
vn 0.1544189 -0.9599609 -0.2338867
vn 0.3007813 -0.7817383 -0.5463867
vn 0.3156738 -0.7719727 0.5517578
vn 0.1485596 -0.4992676 0.8535156
vn 0.3583984 -0.9150391 -0.184082
vn 0.5532227 -0.6616211 -0.5058594
vn 0.6694336 -0.7368164 -0.09472656
vn 0.7758789 -0.4257813 -0.4660645
vn 0.565918 -0.5488281 0.6152344
vn 0.3723145 -0.385498 0.8442383
vn 0.8710938 -0.4904785 -0.02612305
vn 0.8920898 -0.1794434 -0.4143066
vn 0.6469727 -0.3178711 0.6933594
vn 0.4111328 -0.1998291 0.8896484
vn 0.9711914 -0.2366943 0.03033447
vn 0.9189453 0 -0.3945313
vn 0.9985352 0 0.05789185
vn 0.6411133 0 0.7675781
vn 0.6494141 -0.1322021 0.7485352
vn 0.3242188 0 0.9458008
vn 0.005031586 -0.9819336 0.1898193
vn 0 -0.9819336 0.1893311
vn 0 -0.8710938 0.4914551
vn 0.02627563 -0.8500977 0.5263672
vn 0.003044128 -0.9819336 0.1898193
vn 0.06604004 -0.8408203 0.5371094
vn 0.008415222 -0.9814453 0.1921387
vn 0.102478 -0.8486328 0.519043
vn 0.111084 -0.8549805 0.5068359
vn 0.2113037 -0.4294434 0.8779297
vn 0.0112381 -0.9794922 0.2004395
vn 0.2362061 -0.4570313 0.8574219
vn 0.1031494 -0.8491211 0.5180664
vn 0.2150879 -0.4785156 0.8515625
vn 0.01313782 -0.9765625 0.2148438
vn 0.08996582 -0.815918 0.5712891
vn 0.01406097 -0.9711914 0.2376709
vn 0.02722168 -0.9580078 0.2851563
vn 0.07556152 -0.7875977 0.6113281
vn 0.1583252 -0.5390625 0.8271484
vn 0.0585022 -0.9301758 0.3630371
vn 0.1156006 -0.4836426 0.8676758
vn 0.07189941 -0.737793 0.6713867
vn 0.06610107 -0.7416992 0.6674805
vn 0.07055664 -0.432373 0.8989258
vn 0.08996582 -0.815918 0.5712891
vn 0.1031494 -0.8491211 0.5180664
vn 0.2150879 -0.4785156 0.8515625
vn 0.1583252 -0.5390625 0.8271484
vn 0.2412109 -0.3164063 0.9174805
vn 0.2362061 -0.4570313 0.8574219
vn 0.2651367 -0.2663574 0.9267578
vn 0.2113037 -0.4294434 0.8779297
vn 0.2359619 -0.2344971 0.9428711
vn 0.1313477 -0.4211426 0.8974609
vn 0.102478 -0.8486328 0.519043
vn 0.1464844 -0.2349854 0.9609375
vn 0.06604004 -0.8408203 0.5371094
vn 0.05197144 -0.4487305 0.8920898
vn 0.05990601 -0.2575684 0.9643555
vn 0 -0.2746582 0.9614258
vn 0.02627563 -0.8500977 0.5263672
vn 0 -0.4821777 0.8759766
vn 0 -0.8710938 0.4914551
vn 0.06658936 -0.008453369 0.9975586
vn 0 -0.009132385 1
vn 0 0 1
vn 0.06610107 0 0.9980469
vn 0.1589355 -0.007408142 0.9873047
vn 0.1582031 0 0.9873047
vn 0.2548828 -0.007202148 0.9667969
vn 0.2539063 0 0.9672852
vn 0.2875977 -0.008666992 0.9575195
vn 0.2878418 0 0.9575195
vn 0.2683105 -0.01076508 0.9633789
vn 0.2687988 0 0.9633789
vn 0.2097168 -0.01210785 0.9775391
vn 0.2111816 0 0.9775391
vn 0.1330566 -0.01165009 0.9912109
vn 0.1330566 0 0.9912109
vn 0.06658936 -0.01171112 0.9975586
vn 0.065979 0 0.9980469
vn 0.009849548 -0.01271057 1
vn 0.01074982 0 1
vn -0.02738953 -0.008522034 0.9995117
vn -0.02792358 0 0.9995117
vn -0.04489136 -0.003599167 0.9990234
vn -0.04544067 0 0.9990234
vn -0.04385376 -0.003318787 0.9990234
vn -0.04244995 -0.003160477 0.9990234
vn -0.04074097 0 0.9990234
vn -0.03543091 -0.004482269 0.9995117
vn -0.03546143 -0.004314423 0.9995117
vn -0.03384399 -0.002864838 0.9995117
vn -0.03378296 -0.003210068 0.9995117
vn -0.03094482 0 0.9995117
vn -0.03201294 0 0.9995117
vn 0 0.3186035 -0.9477539
vn -0.1120605 0 -0.9936523
vn 0 0 -1
vn -0.1171265 0.3186035 -0.9404297
vn -0.1265869 0.6235352 -0.7714844
vn 0 0.6259766 -0.7797852
vn -0.5239258 0.2700195 -0.8076172
vn -0.5185547 0 -0.8549805
vn -0.5161133 0 -0.8564453
vn -0.1270752 0.8325195 -0.5395508
vn 0 0.8388672 -0.5439453
vn -0.5292969 0.5288086 -0.6635742
vn -0.5117188 0.2780762 -0.8129883
vn -0.01895142 0 -1
vn -0.5058594 0.5483398 -0.6665039
vn -0.5302734 0.7094727 -0.4638672
vn -0.09356689 0.9394531 -0.3303223
vn 0 0.9501953 -0.3115234
vn -0.01776123 0.3254395 -0.9453125
vn -0.4868164 0.7363281 -0.4697266
vn -0.512207 0.800293 -0.3122559
vn -0.03585815 0.9726563 -0.2302246
vn 0 0.9951172 -0.1000977
vn 0.4755859 0.2856445 -0.8320313
vn 0.4875488 0 -0.8730469
vn -0.013237 0.6318359 -0.7749023
vn -0.4846191 0.8105469 -0.3293457
vn -0.3859863 0.8339844 -0.394043
vn -0.05166626 0.9697266 -0.2376709
vn -0.006793976 0.8393555 -0.543457
vn -0.4367676 0.7441406 -0.5053711
vn 0.01502228 0.7202148 -0.6933594
vn -0.000658989 0.9311523 -0.364502
vn 0.484375 0.5561523 -0.675293
vn -0.007709503 0.9960938 -0.08575439
vn 0 1 0.003913879
vn -0.2347412 0.7485352 -0.6201172
vn -0.007415771 0.9628906 -0.2692871
vn -0.01539612 0.9956055 -0.09082031
vn -0.01858521 1 0.007637024
vn -0.009674072 1 0.0050354
vn -0.0114212 0.9916992 0.1276855
vn 0 0.9907227 0.1347656
vn 0 0.9624023 0.2712402
vn -0.006443024 0.7333984 -0.6796875
vn 0.225708 0.7617188 -0.6069336
vn 0.02999878 0.9716797 -0.2347412
vn 0.05276489 0.9702148 -0.2373047
vn 0.3930664 0.8286133 -0.3984375
vn 0.5087891 0.8017578 -0.3144531
vn 0.453125 0.7407227 -0.4958496
vn 0.4819336 0.8134766 -0.3259277
vn 0.4797363 0.7416992 -0.4692383
vn 0.5102539 0.71875 -0.472168
vn 0.4968262 0.5429688 -0.6772461
vn 0.4958496 0.2783203 -0.8227539
vn 0.4909668 0 -0.8710938
vn 0.06994629 0 -0.9975586
vn 0.07940674 0.6259766 -0.7758789
vn 0.07244873 0.3193359 -0.9448242
vn -0.1523438 0 -0.9882813
vn 0.08862305 0.8344727 -0.5439453
vn -0.1599121 0.3186035 -0.934082
vn 0.09484863 0.9331055 -0.347168
vn -0.1722412 0.6191406 -0.7661133
vn -0.5581055 0.263916 -0.7866211
vn -0.5551758 0 -0.831543
vn -0.5512695 0 -0.8344727
vn -0.09118652 0.9667969 -0.239502
vn -0.1687012 0.8242188 -0.5410156
vn -0.5620117 0.5175781 -0.6450195
vn -0.5263672 0.2746582 -0.8046875
vn -0.01751709 0 -1
vn -0.5112305 0.5410156 -0.6674805
vn -0.01777649 0.3305664 -0.9438477
vn 0.5063477 0 -0.8623047
vn -0.5556641 0.6953125 -0.4555664
vn -0.1466064 0.9267578 -0.3464355
vn -0.5361328 0.7861328 -0.307373
vn -0.489502 0.7275391 -0.480957
vn -0.01724243 0.6337891 -0.7734375
vn 0.4958496 0.2866211 -0.8198242
vn -0.4699707 0.8168945 -0.3347168
vn -0.00561142 0.8369141 -0.546875
vn 0.467041 0.2839355 -0.8374023
vn 0.4562988 0 -0.8896484
vn 0.479248 0.559082 -0.6762695
vn 0.463623 0.5551758 -0.690918
vn 0.01571655 0.3239746 -0.9458008
vn 0.01125336 0 -1
vn -0.161377 0 -0.9868164
vn -0.4677734 0.7285156 -0.5004883
vn 0.01303864 0.9272461 -0.3742676
vn 0.003578186 0.7358398 -0.6772461
vn -0.416748 0.8227539 -0.3862305
vn 0.4846191 0.7363281 -0.4724121
vn 0.4868164 0.7294922 -0.4804688
vn 0.5078125 0.7988281 -0.322998
vn 0.4936523 0.8061523 -0.3261719
vn -0.05578613 0.9726563 -0.2253418
vn 0.02886963 0.6274414 -0.777832
vn 0.4897461 0.7373047 -0.4648438
vn -0.2408447 0.765625 -0.5961914
vn 0.05126953 0.8334961 -0.550293
vn -0.1744385 0.3237305 -0.9301758
vn -0.5751953 0.2553711 -0.7773438
vn -0.5615234 0 -0.8276367
vn -0.5683594 0 -0.8227539
vn -0.1916504 0.6186523 -0.7617188
vn 0.3354492 0.8417969 -0.4226074
vn -0.5825195 0.262207 -0.7695313
vn -0.056427 0 -0.9985352
vn -0.05477905 0.3271484 -0.9433594
vn 0.440918 0 -0.8974609
vn -0.5727539 0.5097656 -0.6416016
vn -0.5942383 0.4946289 -0.6342773
vn -0.182373 0.8183594 -0.5454102
vn 0.05969238 0.9291992 -0.3652344
vn 0.02160645 0.9697266 -0.2432861
vn 0.1773682 0.8154297 -0.5512695
vn -0.01266479 0.7983398 -0.6020508
vn -0.02090454 0.9770508 -0.2116699
vn -0.006851196 0.9794922 -0.2021484
vn -0.03182983 0.9956055 -0.09063721
vn -0.02258301 0.996582 -0.08154297
vn -0.09295654 0.9658203 -0.2421875
vn -0.02807617 0.9995117 0.0103302
vn -0.1512451 0.9208984 -0.359375
vn -0.5864258 0.668457 -0.4577637
vn -0.0390625 0.9990234 0.01498413
vn -0.5483398 0.7709961 -0.3234863
vn -0.5493164 0.6918945 -0.4689941
vn -0.5141602 0.7836914 -0.3479004
vn -0.05337524 0.6337891 -0.7714844
vn -0.04638672 0.8330078 -0.5512695
vn 0.4624023 0.2980957 -0.8349609
vn 0.4477539 0.5732422 -0.6860352
vn 0.3745117 0.3027344 -0.8764648
vn 0.3835449 0 -0.9233398
vn -0.09191895 0 -0.9956055
vn 0.3918457 0.574707 -0.7182617
vn -0.0871582 0.326416 -0.9414063
vn -0.1782227 0.322998 -0.9296875
vn -0.1831055 0 -0.9829102
vn -0.2053223 0 -0.9785156
vn -0.199707 0.3239746 -0.9248047
vn -0.241333 0 -0.9702148
vn -0.1608887 0.6166992 -0.7705078
vn -0.07104492 0.6259766 -0.7763672
vn 0.3959961 0.7587891 -0.5166016
vn -0.2344971 0.3242188 -0.9165039
vn -0.3061523 0 -0.9521484
vn -0.1807861 0.612793 -0.769043
vn -0.0536499 0.8232422 -0.5649414
vn 0.434082 0.7524414 -0.494873
vn -0.2973633 0.3242188 -0.8979492
vn -0.3979492 0 -0.9174805
vn -0.1340332 0.8125 -0.5673828
vn 0.3779297 0.8515625 -0.3630371
vn -0.03744507 0.9179688 -0.3947754
vn -0.2130127 0.6074219 -0.7651367
vn -0.3828125 0.3266602 -0.8642578
vn -0.4226074 0 -0.90625
vn -0.05337524 0.9277344 -0.3691406
vn -0.1519775 0.8032227 -0.5761719
vn -0.2702637 0.5991211 -0.753418
vn -0.4816895 0.7104492 -0.5131836
vn -0.03038025 0.7055664 -0.7080078
vn 0.4233398 0.8310547 -0.361084
vn -0.4130859 0.8178711 -0.4008789
vn 0.4233398 0.7358398 -0.5283203
vn 0.2749023 0.8735352 -0.4013672
vn -0.06204224 0.9765625 -0.2049561
vn -0.03851318 0.9814453 -0.1881104
vn -0.2371826 0.7880859 -0.5678711
vn -0.01539612 0.7895508 -0.6132813
vn 0.1652832 0.8203125 -0.5473633
vn -0.03326416 0.9814453 -0.1885986
vn -0.07830811 0.9882813 -0.131958
vn -0.04367065 0.9960938 -0.07897949
vn -0.05737305 0.96875 -0.2415771
vn -0.05230713 0.9985352 0.0196991
vn -0.07714844 0.996582 0.02424622
vn -0.1107178 0.9272461 -0.3571777
vn -0.1177368 0.9199219 -0.3737793
vn -0.04864502 0.9946289 0.09295654
vn -0.09851074 0.9833984 -0.1531982
vn -0.1833496 0.7915039 -0.5830078
vn -0.1544189 0.90625 -0.3930664
vn -0.2416992 0.7817383 -0.5751953
vn -0.03237915 0.9936523 0.1073608
vn -0.3430176 0.6005859 -0.722168
vn -0.02560425 0.9926758 0.1160889
vn -0.02520752 0.9711914 0.2362061
vn -0.402832 0.3457031 -0.8476563
vn -0.0104599 0.9658203 0.2585449
vn -0.01872253 0.9272461 0.3737793
vn 0 0.9189453 0.3945313
vn -0.01041412 0.9213867 0.3879395
vn 0 0.8759766 0.4824219
vn -0.03134155 0.9770508 0.2108154
vn -0.005599976 0.8774414 0.4799805
vn -0.00369072 0.862793 0.5053711
vn 0 0.8618164 0.5073242
vn -0.007137299 0.8657227 0.5004883
vn -0.01074982 0.8813477 0.472168
vn -0.0105896 0.8701172 0.4926758
vn -0.01600647 0.8876953 0.4599609
vn -0.01419067 0.8759766 0.4821777
vn -0.04605103 0.9829102 0.1772461
vn -0.03436279 0.9453125 0.3249512
vn -0.02713013 0.9360352 0.3505859
vn -0.02093506 0.8959961 0.4438477
vn -0.01829529 0.8828125 0.4689941
vn -0.02635193 0.9052734 0.4240723
vn -0.02362061 0.8916016 0.4526367
vn -0.05636597 0.9951172 0.08117676
vn -0.04995728 0.987793 0.1485596
vn -0.08355713 0.9941406 0.07019043
vn -0.06433105 0.9916992 0.1134033
vn -0.04898071 0.9624023 0.267334
vn -0.04144287 0.9541016 0.296875
vn -0.03259277 0.9150391 0.4023438
vn -0.03083801 0.9008789 0.4333496
vn -0.03933716 0.9248047 0.378418
vn -0.03808594 0.9072266 0.4187012
vn -0.1013184 0.9941406 0.03823853
vn -0.06451416 0.9956055 0.06500244
vn -0.05679321 0.9707031 0.2324219
vn -0.04824829 0.9335938 0.3554688
vn -0.07421875 0.9282227 0.3642578
vn -0.09020996 0.9956055 0.01792908
vn -0.06524658 0.9770508 0.2026367
vn -0.1134644 0.9931641 0.0279541
vn -0.07519531 0.9506836 0.3015137
vn -0.1459961 0.9892578 -0.003017426
vn -0.1245117 0.9863281 -0.1090088
vn -0.08795166 0.9887695 0.121582
vn -0.1463623 0.9746094 -0.168335
vn -0.1732178 0.984375 0.02294922
vn -0.2158203 0.8974609 -0.3840332
vn -0.1973877 0.9711914 -0.1323242
vn -0.234375 0.9667969 -0.1032715
vn -0.2817383 0.9052734 -0.3181152
vn -0.2314453 0.9169922 -0.3251953
vn -0.3093262 0.7827148 -0.5405273
vn -0.2807617 0.8154297 -0.5063477
vn -0.3435059 0.6337891 -0.6933594
vn -0.1660156 0.9399414 -0.2983398
vn -0.2271729 0.8662109 -0.4448242
vn -0.310791 0.7084961 -0.6337891
vn -0.3920898 0.4709473 -0.7900391
vn -0.4282227 0.2324219 -0.8730469
vn -0.4360352 0 -0.8999023
vn -0.4936523 0.2225342 -0.8408203
vn -0.5083008 0 -0.8613281
vn -0.4550781 0.4265137 -0.7817383
vn -0.546875 0.222168 -0.8071289
vn -0.5620117 0 -0.8271484
vn -0.4223633 0.6035156 -0.6762695
vn -0.5063477 0.4274902 -0.7490234
vn -0.597168 0.2304688 -0.7685547
vn -0.6181641 0 -0.7861328
vn -0.5415039 0.4453125 -0.7128906
vn -0.652832 0.2398682 -0.71875
vn -0.6777344 0 -0.7353516
vn -0.5864258 0.4614258 -0.6655273
vn -0.7104492 0.2460938 -0.6591797
vn -0.7382813 0 -0.6748047
vn -0.4643555 0.659668 -0.5908203
vn -0.329834 0.7607422 -0.559082
vn -0.6318359 0.4729004 -0.6142578
vn -0.7685547 0.2498779 -0.5888672
vn -0.7988281 0 -0.6020508
vn -0.2565918 0.8623047 -0.4365234
vn -0.3388672 0.8222656 -0.4575195
vn -0.5180664 0.7026367 -0.487793
vn -0.6855469 0.4802246 -0.5473633
vn -0.8208008 0.2509766 -0.5126953
vn -0.8525391 0 -0.5229492
vn -0.2098389 0.9199219 -0.3310547
vn -0.2386475 0.9145508 -0.326416
vn -0.1564941 0.9599609 -0.2320557
vn -0.1834717 0.9570313 -0.2250977
vn -0.342041 0.871582 -0.3515625
vn -0.7319336 0.484375 -0.4794922
vn -0.8686523 0.2509766 -0.4272461
vn -0.9003906 0 -0.4353027
vn -0.149292 0.9780273 -0.1462402
vn -0.2196045 0.9501953 -0.2219238
vn -0.5810547 0.7353516 -0.3483887
vn -0.7797852 0.4887695 -0.3916016
vn -0.9086914 0.2493896 -0.3342285
vn -0.9389648 0 -0.3439941
vn -0.9711914 0 -0.2388916
vn -0.1651611 0.9785156 -0.1226196
vn -0.3525391 0.9111328 -0.213501
vn -0.8154297 0.4919434 -0.3059082
vn -0.940918 0.2478027 -0.2304688
vn -0.9916992 0 -0.1291504
vn -0.6259766 0.7626953 -0.161499
vn -0.2053223 0.9750977 -0.08599854
vn -0.1195679 0.9921875 -0.03366089
vn -0.8447266 0.498291 -0.1943359
vn -0.9619141 0.2454834 -0.1212769
vn -1 0 -0.005725861
vn -0.1530762 0.9882813 0.008201599
vn -0.3535156 0.9350586 -0.02763367
vn -0.1213989 0.9897461 0.07629395
vn -0.859375 0.5024414 -0.09460449
vn -0.9697266 0.2436523 -0.0006194115
vn -0.9936523 0 0.112793
vn -0.1920166 0.9780273 0.08209229
vn -0.1091309 0.9741211 0.1968994
vn -0.1439209 0.9785156 0.1486816
vn -0.6191406 0.7836914 0.05062866
vn -0.8608398 0.5083008 0.03140259
vn -0.3283691 0.9326172 0.1508789
vn -0.5825195 0.7832031 0.2172852
vn -0.177002 0.9599609 0.217041
vn -0.1334229 0.9584961 0.2514648
vn -0.8505859 0.5053711 0.1456299
vn -0.9633789 0.2380371 0.1251221
vn -0.9731445 0 0.2303467
vn -0.9443359 0.2301025 0.2348633
vn -0.9477539 0 0.3198242
vn -0.2958984 0.9228516 0.2460938
vn -0.1066895 0.9550781 0.2758789
vn -0.1494141 0.9467773 0.2856445
vn -0.1057129 0.9267578 0.3605957
vn -0.1116943 0.9365234 0.3325195
vn -0.09973145 0.9501953 0.2954102
vn -0.0826416 0.9814453 0.1717529
vn -0.05664063 0.9755859 0.2124023
vn -0.0824585 0.9521484 0.2941895
vn -0.09887695 0.9604492 0.2607422
vn -0.114563 0.9511719 0.286377
vn -0.2817383 0.9174805 0.2810059
vn -0.2924805 0.9091797 0.2961426
vn -0.5527344 0.7539063 0.3549805
vn -0.5625 0.7651367 0.3129883
vn -0.7680664 0.4726563 0.4318848
vn -0.7875977 0.4746094 0.3925781
vn -0.8637695 0.199707 0.4626465
vn -0.8144531 0.4875488 0.3139648
vn -0.887207 0.2043457 0.4135742
vn -0.8867188 0 0.4624023
vn -0.9116211 0 0.4108887
vn -0.9208984 0.2188721 0.3222656
vn -0.831543 0.4992676 0.2440186
vn -0.02793884 0.8857422 -0.4633789
vn 0 0.8813477 -0.472168
vn 0 0.996582 -0.08355713
vn -0.01950073 0.9960938 -0.08502197
vn -0.03579712 0.8881836 -0.4577637
vn 0 0.8276367 0.5610352
vn -0.02386475 0.9951172 -0.09552002
vn -0.03540039 0.8789063 -0.4758301
vn 0.002063751 0.8369141 0.5478516
vn 0 0.6464844 0.7626953
vn 0.01174164 0.6640625 0.7475586
vn 0.002946854 0.8583984 0.5126953
vn 0.01464081 0.7001953 0.7133789
vn 0.0005760193 0.8803711 0.4746094
vn 0.01252747 0.7358398 0.6767578
vn -0.02534485 0.9916992 -0.1273193
vn -0.03509521 0.8618164 -0.5058594
vn -0.02578735 0.9868164 -0.1612549
vn -0.03543091 0.8457031 -0.5327148
vn -0.001862526 0.8999023 0.435791
vn 0.009681702 0.7685547 0.6396484
vn -0.004261017 0.9160156 0.4016113
vn 0.00920105 0.7910156 0.6118164
vn -0.02848816 0.9804688 -0.1949463
vn -0.04141235 0.8139648 -0.5795898
vn -0.03356934 0.9711914 -0.2368164
vn -0.05172729 0.7739258 -0.6313477
vn -0.005371094 0.9208984 0.3901367
vn 0.00933075 0.796875 0.6040039
vn -0.04650879 0.9619141 -0.2685547
vn -0.07653809 0.7617188 -0.6430664
vn -0.01763916 0.9208984 0.3898926
vn -0.002283096 0.7900391 0.6132813
vn -0.07550049 0.9570313 -0.2797852
vn -0.102417 0.7817383 -0.6152344
vn -0.03942871 0.9067383 0.4196777
vn -0.0171051 0.7109375 0.703125
vn -0.09753418 0.9584961 -0.2685547
vn -0.1126709 0.8012695 -0.5878906
vn -0.04983521 0.8457031 0.53125
vn -0.019104 0.6367188 0.7709961
vn -0.1046143 0.9599609 -0.2592773
vn -0.112854 0.7958984 -0.5947266
vn -0.05236816 0.8291016 0.5566406
vn -0.008300781 0.4819336 0.8759766
vn -0.1072998 0.9589844 -0.2629395
vn -0.1392822 0.7954102 -0.5898438
vn -0.08007813 0.8232422 0.5615234
vn -0.02441406 0.4780273 0.8779297
vn -0.1544189 0.9599609 -0.2338867
vn -0.3007813 0.7817383 -0.5463867
vn -0.3156738 0.7719727 0.5517578
vn -0.1485596 0.4992676 0.8535156
vn -0.3583984 0.9150391 -0.184082
vn -0.5532227 0.6616211 -0.5058594
vn -0.6694336 0.7368164 -0.09472656
vn -0.7758789 0.4257813 -0.4660645
vn -0.565918 0.5488281 0.6152344
vn -0.3723145 0.385498 0.8442383
vn -0.8710938 0.4904785 -0.02612305
vn -0.8920898 0.1794434 -0.4143066
vn -0.6469727 0.3178711 0.6933594
vn -0.4111328 0.1998291 0.8896484
vn -0.9711914 0.2366943 0.03031921
vn -0.9189453 0 -0.3945313
vn -0.9985352 0 0.05789185
vn -0.6411133 0 0.7675781
vn -0.6494141 0.1322021 0.7485352
vn -0.3242188 0 0.9458008
vn -0.005031586 0.9819336 0.1898193
vn 0 0.9819336 0.1893311
vn 0 0.8710938 0.4914551
vn -0.02627563 0.8500977 0.5263672
vn -0.003044128 0.9819336 0.1898193
vn -0.06604004 0.8408203 0.5371094
vn -0.008415222 0.9814453 0.1921387
vn -0.102478 0.8486328 0.519043
vn -0.111084 0.8549805 0.5068359
vn -0.2113037 0.4294434 0.8779297
vn -0.0112381 0.9794922 0.2004395
vn -0.2362061 0.4570313 0.8574219
vn -0.1031494 0.8491211 0.5180664
vn -0.2150879 0.4785156 0.8515625
vn -0.01313782 0.9765625 0.2148438
vn -0.08996582 0.815918 0.5712891
vn -0.01406097 0.9711914 0.2376709
vn -0.02722168 0.9580078 0.2851563
vn -0.07556152 0.7875977 0.6113281
vn -0.1583252 0.5390625 0.8271484
vn -0.0585022 0.9301758 0.3630371
vn -0.1156006 0.4836426 0.8676758
vn -0.07189941 0.737793 0.6713867
vn -0.06610107 0.7416992 0.6674805
vn -0.07055664 0.432373 0.8989258
vn -0.08996582 0.815918 0.5712891
vn -0.1031494 0.8491211 0.5180664
vn -0.2150879 0.4785156 0.8515625
vn -0.1583252 0.5390625 0.8271484
vn -0.2412109 0.3164063 0.9174805
vn -0.2362061 0.4570313 0.8574219
vn -0.2651367 0.2663574 0.9267578
vn -0.2113037 0.4294434 0.8779297
vn -0.2359619 0.234375 0.9428711
vn -0.1313477 0.4211426 0.8974609
vn -0.102478 0.8486328 0.519043
vn -0.1464844 0.2349854 0.9609375
vn -0.06604004 0.8408203 0.5371094
vn -0.05197144 0.4487305 0.8920898
vn -0.05990601 0.2575684 0.9643555
vn 0 0.2746582 0.9614258
vn -0.02627563 0.8500977 0.5263672
vn 0 0.4821777 0.8759766
vn 0 0.8710938 0.4914551
vn -0.06658936 0.008453369 0.9975586
vn 0 0.009132385 1
vn 0 0 1
vn -0.06610107 0 0.9980469
vn -0.1589355 0.007408142 0.9873047
vn -0.1582031 0 0.9873047
vn -0.2548828 0.007202148 0.9667969
vn -0.2539063 0 0.9672852
vn -0.2875977 0.008666992 0.9575195
vn -0.2878418 0 0.9575195
vn -0.2683105 0.01076508 0.9633789
vn -0.2687988 0 0.9633789
vn -0.2097168 0.01210785 0.9775391
vn -0.2111816 0 0.9775391
vn -0.1330566 0.01165009 0.9912109
vn -0.1330566 0 0.9912109
vn -0.06658936 0.01171112 0.9975586
vn -0.065979 0 0.9980469
vn -0.009849548 0.01271057 1
vn -0.01074982 0 1
vn 0.02738953 0.008522034 0.9995117
vn 0.02792358 0 0.9995117
vn 0.04489136 0.003599167 0.9990234
vn 0.04544067 0 0.9990234
vn 0.04385376 0.003318787 0.9990234
vn 0.04244995 0.003160477 0.9990234
vn 0.04074097 0 0.9990234
vn 0.03543091 0.004482269 0.9995117
vn 0.03546143 0.004314423 0.9995117
vn 0.03384399 0.002864838 0.9995117
vn 0.03378296 0.003210068 0.9995117
vn 0.03094482 0 0.9995117
vn 0.03201294 0 0.9995117
vn 0 0.3186035 -0.9477539
vn 0 0 -1
vn 0.1120605 0 -0.9936523
vn 0.1171265 0.3186035 -0.9404297
vn 0.1265869 0.6235352 -0.7714844
vn 0 0.6259766 -0.7797852
vn 0.5239258 0.2700195 -0.8076172
vn 0.5185547 0 -0.8549805
vn 0.5161133 0 -0.8564453
vn 0.1270752 0.8325195 -0.5395508
vn 0 0.8388672 -0.5439453
vn 0.5292969 0.5288086 -0.6635742
vn 0.5117188 0.2780762 -0.8129883
vn 0.01893616 0 -1
vn 0.5058594 0.5483398 -0.6665039
vn 0.5302734 0.7094727 -0.4638672
vn 0.09356689 0.9394531 -0.3303223
vn 0 0.9501953 -0.3115234
vn 0.01776123 0.3254395 -0.9453125
vn 0.4868164 0.7363281 -0.4697266
vn 0.512207 0.800293 -0.3122559
vn 0.03585815 0.9726563 -0.2302246
vn 0 0.9951172 -0.1000977
vn -0.4755859 0.2856445 -0.8320313
vn -0.4875488 0 -0.8730469
vn 0.013237 0.6318359 -0.7749023
vn 0.4846191 0.8105469 -0.3293457
vn 0.3859863 0.8339844 -0.394043
vn 0.05166626 0.9697266 -0.2376709
vn 0.006793976 0.8393555 -0.543457
vn 0.4367676 0.7441406 -0.5053711
vn -0.01502228 0.7202148 -0.6933594
vn 0.0006594658 0.9311523 -0.364502
vn -0.484375 0.5561523 -0.675293
vn 0.007709503 0.9960938 -0.08575439
vn 0 1 0.003913879
vn 0.2347412 0.7485352 -0.6201172
vn 0.007415771 0.9628906 -0.2692871
vn 0.01539612 0.9956055 -0.09082031
vn 0.01858521 1 0.007637024
vn 0.009674072 1 0.0050354
vn 0.0114212 0.9916992 0.1276855
vn 0 0.9907227 0.1347656
vn 0 0.9624023 0.2712402
vn 0.006443024 0.7333984 -0.6796875
vn -0.225708 0.7617188 -0.6069336
vn -0.02999878 0.9716797 -0.2347412
vn -0.05276489 0.9702148 -0.2373047
vn -0.3930664 0.8286133 -0.3984375
vn -0.5087891 0.8012695 -0.3144531
vn -0.453125 0.7407227 -0.4958496
vn -0.4819336 0.8134766 -0.3259277
vn -0.4797363 0.7416992 -0.4692383
vn -0.5102539 0.71875 -0.472168
vn -0.4968262 0.5429688 -0.6772461
vn -0.4958496 0.2783203 -0.8227539
vn -0.4909668 0 -0.8710938
vn -0.06994629 0 -0.9975586
vn -0.07940674 0.6259766 -0.7758789
vn -0.07244873 0.3193359 -0.9448242
vn 0.1523438 0 -0.9882813
vn -0.08862305 0.8344727 -0.5439453
vn 0.1599121 0.3186035 -0.934082
vn -0.09484863 0.9331055 -0.347168
vn 0.1722412 0.6191406 -0.7661133
vn 0.5581055 0.263916 -0.7866211
vn 0.5551758 0 -0.831543
vn 0.5512695 0 -0.8344727
vn 0.09118652 0.9667969 -0.239502
vn 0.1687012 0.8242188 -0.5410156
vn 0.5620117 0.5175781 -0.6450195
vn 0.5263672 0.2746582 -0.8046875
vn 0.01751709 0 -1
vn 0.5112305 0.5410156 -0.6674805
vn 0.01777649 0.3305664 -0.9438477
vn -0.5063477 0 -0.8623047
vn 0.5556641 0.6953125 -0.4555664
vn 0.1466064 0.9267578 -0.3464355
vn 0.5361328 0.7861328 -0.307373
vn 0.489502 0.7275391 -0.480957
vn 0.01724243 0.6337891 -0.7734375
vn -0.4958496 0.2866211 -0.8198242
vn 0.4699707 0.8168945 -0.3347168
vn 0.00561142 0.8369141 -0.546875
vn -0.467041 0.2839355 -0.8374023
vn -0.4562988 0 -0.8896484
vn -0.479248 0.559082 -0.6762695
vn -0.01571655 0.3239746 -0.9458008
vn -0.01125336 0 -1
vn 0.161377 0 -0.9868164
vn -0.463623 0.5551758 -0.690918
vn 0.4677734 0.7285156 -0.5004883
vn -0.01303864 0.9272461 -0.3742676
vn -0.003580093 0.7358398 -0.6772461
vn 0.416748 0.8227539 -0.3862305
vn -0.4846191 0.7363281 -0.4724121
vn -0.4868164 0.7294922 -0.4804688
vn -0.5078125 0.7988281 -0.322998
vn -0.4936523 0.8061523 -0.3261719
vn -0.02886963 0.6274414 -0.777832
vn 0.05578613 0.9726563 -0.2253418
vn -0.4897461 0.7373047 -0.4648438
vn 0.1744385 0.3237305 -0.9301758
vn 0.5751953 0.2553711 -0.7773438
vn 0.5615234 0 -0.8276367
vn 0.5683594 0 -0.8227539
vn 0.1916504 0.6186523 -0.7617188
vn 0.2408447 0.765625 -0.5961914
vn -0.3354492 0.8417969 -0.4226074
vn 0.5825195 0.262207 -0.7695313
vn 0.056427 0 -0.9985352
vn 0.05477905 0.3271484 -0.9433594
vn -0.440918 0 -0.8974609
vn 0.5727539 0.5097656 -0.6416016
vn 0.5942383 0.4946289 -0.6342773
vn 0.02090454 0.9770508 -0.2116699
vn 0.01266479 0.7983398 -0.6020508
vn -0.1773682 0.8154297 -0.5512695
vn 0.02258301 0.996582 -0.08154297
vn -0.02160645 0.9697266 -0.2432861
vn 0.006851196 0.9794922 -0.2021484
vn 0.03182983 0.9956055 -0.09063721
vn 0.02807617 0.9995117 0.0103302
vn 0.0390625 0.9990234 0.01498413
vn -0.05969238 0.9291992 -0.3652344
vn 0.09295654 0.9658203 -0.2421875
vn -0.05126953 0.8334961 -0.550293
vn 0.182373 0.8183594 -0.5454102
vn 0.1512451 0.9208984 -0.359375
vn 0.5864258 0.668457 -0.4577637
vn 0.5483398 0.7709961 -0.3234863
vn 0.5493164 0.6918945 -0.4689941
vn 0.5141602 0.7836914 -0.3479004
vn 0.05337524 0.6337891 -0.7714844
vn 0.04638672 0.8330078 -0.5512695
vn -0.4624023 0.2980957 -0.8349609
vn -0.4477539 0.5732422 -0.6860352
vn -0.3745117 0.3027344 -0.8764648
vn -0.3835449 0 -0.9233398
vn 0.09191895 0 -0.9956055
vn -0.3918457 0.574707 -0.7182617
vn 0.0871582 0.326416 -0.9414063
vn 0.1782227 0.322998 -0.9296875
vn 0.1831055 0 -0.9829102
vn 0.2053223 0 -0.9785156
vn 0.199707 0.3239746 -0.9248047
vn 0.241333 0 -0.9702148
vn 0.1608887 0.6166992 -0.7705078
vn 0.07104492 0.6259766 -0.7763672
vn -0.3959961 0.7587891 -0.5166016
vn 0.2344971 0.3242188 -0.9165039
vn 0.3061523 0 -0.9521484
vn 0.1807861 0.612793 -0.769043
vn 0.0536499 0.8232422 -0.5649414
vn -0.434082 0.7524414 -0.494873
vn 0.2973633 0.3242188 -0.8979492
vn 0.3979492 0 -0.9174805
vn 0.1340332 0.8125 -0.5673828
vn -0.3779297 0.8515625 -0.3630371
vn 0.03744507 0.9179688 -0.3947754
vn 0.2130127 0.6074219 -0.7651367
vn 0.3828125 0.3266602 -0.8642578
vn 0.4226074 0 -0.90625
vn 0.05337524 0.9277344 -0.3691406
vn 0.1519775 0.8032227 -0.5761719
vn 0.2702637 0.5991211 -0.753418
vn 0.4816895 0.7104492 -0.5131836
vn 0.03038025 0.7055664 -0.7080078
vn -0.4233398 0.8310547 -0.361084
vn 0.4130859 0.8178711 -0.4008789
vn -0.4233398 0.7358398 -0.5283203
vn -0.2749023 0.8735352 -0.4013672
vn 0.06204224 0.9765625 -0.2049561
vn 0.03851318 0.9814453 -0.1881104
vn 0.2371826 0.7880859 -0.5678711
vn 0.01539612 0.7895508 -0.6132813
vn -0.1652832 0.8203125 -0.5473633
vn 0.03326416 0.9814453 -0.1885986
vn 0.07830811 0.9882813 -0.131958
vn 0.04367065 0.9960938 -0.07897949
vn 0.05737305 0.96875 -0.2415771
vn 0.05230713 0.9985352 0.0196991
vn 0.07714844 0.996582 0.02424622
vn 0.1107178 0.9272461 -0.3571777
vn 0.1177368 0.9199219 -0.3737793
vn 0.04864502 0.9946289 0.09295654
vn 0.09851074 0.9833984 -0.1531982
vn 0.1833496 0.7915039 -0.5830078
vn 0.1544189 0.90625 -0.3930664
vn 0.2416992 0.7817383 -0.5751953
vn 0.03237915 0.9936523 0.1073608
vn 0.3430176 0.6005859 -0.722168
vn 0.02560425 0.9926758 0.1160889
vn 0.02520752 0.9711914 0.2362061
vn 0.402832 0.3457031 -0.8476563
vn 0.0104599 0.9658203 0.2585449
vn 0.01872253 0.9272461 0.3737793
vn 0 0.9189453 0.3945313
vn 0.01041412 0.9213867 0.3879395
vn 0 0.8759766 0.4824219
vn 0.03134155 0.9770508 0.2108154
vn 0.005599976 0.8774414 0.4799805
vn 0.00369072 0.862793 0.5053711
vn 0 0.8618164 0.5073242
vn 0.007137299 0.8657227 0.5004883
vn 0.01074982 0.8813477 0.472168
vn 0.0105896 0.8701172 0.4926758
vn 0.01600647 0.8876953 0.4599609
vn 0.01418304 0.8759766 0.4821777
vn 0.04605103 0.9829102 0.1772461
vn 0.03436279 0.9453125 0.3249512
vn 0.02711487 0.9360352 0.3505859
vn 0.02093506 0.8959961 0.4438477
vn 0.01829529 0.8828125 0.4689941
vn 0.02635193 0.9052734 0.4240723
vn 0.02362061 0.8916016 0.4526367
vn 0.05636597 0.9951172 0.08117676
vn 0.04995728 0.987793 0.1485596
vn 0.08355713 0.9941406 0.07019043
vn 0.06433105 0.9916992 0.1134033
vn 0.04898071 0.9624023 0.267334
vn 0.04144287 0.9541016 0.296875
vn 0.03259277 0.9150391 0.4023438
vn 0.03083801 0.9008789 0.4333496
vn 0.03933716 0.9248047 0.378418
vn 0.03808594 0.9072266 0.4187012
vn 0.1013184 0.9941406 0.03823853
vn 0.06451416 0.9956055 0.06500244
vn 0.05679321 0.9707031 0.2324219
vn 0.04824829 0.9335938 0.3554688
vn 0.07421875 0.9282227 0.3642578
vn 0.09014893 0.9956055 0.01792908
vn 0.06524658 0.9770508 0.2026367
vn 0.1134644 0.9931641 0.0279541
vn 0.07519531 0.9506836 0.3015137
vn 0.1459961 0.9892578 -0.003017426
vn 0.1245117 0.9863281 -0.1090088
vn 0.08795166 0.9887695 0.121582
vn 0.1463623 0.9746094 -0.168335
vn 0.1732178 0.984375 0.02294922
vn 0.2158203 0.8974609 -0.3840332
vn 0.1973877 0.9711914 -0.1323242
vn 0.234375 0.9667969 -0.1032715
vn 0.2817383 0.9052734 -0.3181152
vn 0.2314453 0.9169922 -0.3251953
vn 0.3093262 0.7827148 -0.5405273
vn 0.2807617 0.8154297 -0.5063477
vn 0.3435059 0.6337891 -0.6933594
vn 0.1660156 0.9399414 -0.2983398
vn 0.2271729 0.8662109 -0.4448242
vn 0.310791 0.7084961 -0.6337891
vn 0.3920898 0.4709473 -0.7900391
vn 0.4282227 0.2324219 -0.8730469
vn 0.4360352 0 -0.8999023
vn 0.4936523 0.2225342 -0.8408203
vn 0.5083008 0 -0.8613281
vn 0.4550781 0.4265137 -0.7817383
vn 0.546875 0.222168 -0.8071289
vn 0.5620117 0 -0.8271484
vn 0.4223633 0.6035156 -0.6762695
vn 0.5063477 0.4274902 -0.7490234
vn 0.597168 0.2304688 -0.7685547
vn 0.6181641 0 -0.7861328
vn 0.5415039 0.4453125 -0.7128906
vn 0.652832 0.2398682 -0.71875
vn 0.6777344 0 -0.7353516
vn 0.5864258 0.4614258 -0.6655273
vn 0.7104492 0.2460938 -0.6591797
vn 0.7382813 0 -0.6748047
vn 0.4643555 0.659668 -0.5908203
vn 0.7685547 0.2498779 -0.5888672
vn 0.7988281 0 -0.6020508
vn 0.6318359 0.4729004 -0.6142578
vn 0.8208008 0.2509766 -0.5126953
vn 0.8525391 0 -0.5229492
vn 0.6855469 0.4802246 -0.5473633
vn 0.5180664 0.7026367 -0.487793
vn 0.329834 0.7607422 -0.559082
vn 0.3388672 0.8222656 -0.4575195
vn 0.2565918 0.8623047 -0.4365234
vn 0.2098389 0.9199219 -0.3310547
vn 0.2386475 0.9145508 -0.326416
vn 0.1564941 0.9599609 -0.2320557
vn 0.1834717 0.9570313 -0.2250977
vn 0.342041 0.871582 -0.3515625
vn 0.149292 0.9780273 -0.1462402
vn 0.2196045 0.9501953 -0.2219238
vn 0.1195679 0.9921875 -0.03366089
vn 0.1651611 0.9785156 -0.1226196
vn 0.5810547 0.7353516 -0.3483887
vn 0.3525391 0.9111328 -0.213501
vn 0.2053223 0.9750977 -0.08599854
vn 0.1530762 0.9882813 0.008201599
vn 0.1213989 0.9897461 0.07629395
vn 0.1091309 0.9741211 0.1968994
vn 0.1439209 0.9785156 0.1486816
vn 0.1920166 0.9780273 0.08209229
vn 0.3535156 0.9350586 -0.02763367
vn 0.7319336 0.484375 -0.4794922
vn 0.7797852 0.4887695 -0.3916016
vn 0.6259766 0.7626953 -0.161499
vn 0.8686523 0.2509766 -0.4272461
vn 0.9003906 0 -0.4353027
vn 0.9086914 0.2493896 -0.3342285
vn 0.9389648 0 -0.3439941
vn 0.9711914 0 -0.2388916
vn 0.8154297 0.4919434 -0.3059082
vn 0.940918 0.2478027 -0.2304688
vn 0.9916992 0 -0.1291504
vn 0.8447266 0.498291 -0.1943359
vn 0.9619141 0.2454834 -0.1212158
vn 1 0 -0.005725861
vn 0.859375 0.5024414 -0.09460449
vn 0.9697266 0.2436523 -0.000617981
vn 0.9936523 0 0.112793
vn 0.6191406 0.7836914 0.05062866
vn 0.8608398 0.5083008 0.03140259
vn 0.9633789 0.2380371 0.1251221
vn 0.9731445 0 0.2303467
vn 0.8505859 0.5053711 0.1456299
vn 0.5825195 0.7832031 0.2172852
vn 0.3283691 0.9326172 0.1508789
vn 0.9443359 0.2301025 0.2348633
vn 0.9477539 0 0.3198242
vn 0.177002 0.9599609 0.217041
vn 0.2958984 0.9228516 0.2460938
vn 0.1334229 0.9584961 0.2514648
vn 0.831543 0.4992676 0.2440186
vn 0.9208984 0.2188721 0.3222656
vn 0.9116211 0 0.4108887
vn 0.8144531 0.4875488 0.3139648
vn 0.887207 0.2043457 0.4135742
vn 0.8867188 0 0.4624023
vn 0.8637695 0.199707 0.4626465
vn 0.7875977 0.4746094 0.3925781
vn 0.7680664 0.4726563 0.4318848
vn 0.5625 0.7651367 0.3129883
vn 0.5527344 0.7539063 0.3549805
vn 0.2817383 0.9174805 0.2810059
vn 0.2924805 0.9091797 0.2961426
vn 0.09887695 0.9604492 0.2607422
vn 0.114563 0.9511719 0.286377
vn 0.1494141 0.9467773 0.2856445
vn 0.0824585 0.9521484 0.2941895
vn 0.05664063 0.9755859 0.2124023
vn 0.1116943 0.9365234 0.3325195
vn 0.09973145 0.9501953 0.2954102
vn 0.0826416 0.9814453 0.1717529
vn 0.1057129 0.9267578 0.3605957
vn 0.1066895 0.9550781 0.2758789
vn 0.02793884 0.8857422 -0.4633789
vn 0 0.996582 -0.08355713
vn 0 0.8813477 -0.472168
vn 0.01948547 0.9960938 -0.08502197
vn 0.03579712 0.8881836 -0.4577637
vn 0 0.8276367 0.5610352
vn 0.02386475 0.9951172 -0.09552002
vn 0.03540039 0.8789063 -0.4758301
vn -0.002063751 0.8369141 0.5478516
vn 0 0.6464844 0.7626953
vn -0.01174164 0.6640625 0.7475586
vn -0.002946854 0.8583984 0.5126953
vn -0.01464081 0.7001953 0.7133789
vn -0.0005764961 0.8803711 0.4746094
vn -0.01252747 0.7358398 0.6767578
vn 0.02534485 0.9916992 -0.1273193
vn 0.03509521 0.8618164 -0.5058594
vn 0.02578735 0.9868164 -0.1612549
vn 0.03543091 0.8457031 -0.5327148
vn 0.001861572 0.8999023 0.435791
vn -0.009681702 0.7685547 0.6396484
vn 0.004261017 0.9160156 0.4016113
vn -0.00920105 0.7910156 0.6118164
vn 0.02848816 0.9804688 -0.1949463
vn 0.04141235 0.8139648 -0.5795898
vn 0.03356934 0.9711914 -0.2368164
vn 0.05172729 0.7739258 -0.6313477
vn 0.005371094 0.9208984 0.3901367
vn -0.00933075 0.796875 0.6040039
vn 0.04650879 0.9619141 -0.2685547
vn 0.07653809 0.7617188 -0.6430664
vn 0.01763916 0.9208984 0.3898926
vn 0.002283096 0.7900391 0.6132813
vn 0.07550049 0.9570313 -0.2797852
vn 0.102417 0.7817383 -0.6152344
vn 0.03942871 0.9067383 0.4196777
vn 0.0171051 0.7109375 0.703125
vn 0.09753418 0.9584961 -0.2685547
vn 0.1126709 0.8012695 -0.5878906
vn 0.04983521 0.8457031 0.53125
vn 0.019104 0.6367188 0.7709961
vn 0.1046143 0.9599609 -0.2592773
vn 0.112854 0.7958984 -0.5947266
vn 0.05233765 0.8291016 0.5566406
vn 0.008300781 0.4819336 0.8759766
vn 0.1072998 0.9589844 -0.2629395
vn 0.1392822 0.7954102 -0.5898438
vn 0.08007813 0.8232422 0.5615234
vn 0.02441406 0.4780273 0.8779297
vn 0.1544189 0.9599609 -0.2338867
vn 0.3007813 0.7817383 -0.5463867
vn 0.3156738 0.7719727 0.5517578
vn 0.1485596 0.4992676 0.8535156
vn 0.3583984 0.9150391 -0.184082
vn 0.5532227 0.6616211 -0.5058594
vn 0.6694336 0.7368164 -0.09472656
vn 0.7758789 0.4257813 -0.4660645
vn 0.565918 0.5488281 0.6152344
vn 0.3723145 0.385498 0.8442383
vn 0.8710938 0.4904785 -0.02612305
vn 0.8920898 0.1794434 -0.4143066
vn 0.6469727 0.3178711 0.6933594
vn 0.4111328 0.1998291 0.8896484
vn 0.9711914 0.2366943 0.03033447
vn 0.9189453 0 -0.3945313
vn 0.9985352 0 0.05789185
vn 0.6411133 0 0.7675781
vn 0.6494141 0.1322021 0.7485352
vn 0.3242188 0 0.9458008
vn 0.005031586 0.9819336 0.1898193
vn 0 0.8710938 0.4914551
vn 0 0.9819336 0.1893311
vn 0.02627563 0.8500977 0.5263672
vn 0.003044128 0.9819336 0.1898193
vn 0.06604004 0.8408203 0.5371094
vn 0.008415222 0.9814453 0.1921387
vn 0.102478 0.8486328 0.519043
vn 0.111084 0.8549805 0.5068359
vn 0.2113037 0.4294434 0.8779297
vn 0.0112381 0.9794922 0.2004395
vn 0.2362061 0.4570313 0.8574219
vn 0.1031494 0.8491211 0.5180664
vn 0.2150879 0.4785156 0.8515625
vn 0.01313782 0.9765625 0.2148438
vn 0.08996582 0.815918 0.5712891
vn 0.01406097 0.9711914 0.2376709
vn 0.02722168 0.9580078 0.2851563
vn 0.07556152 0.7875977 0.6113281
vn 0.1583252 0.5390625 0.8271484
vn 0.0585022 0.9301758 0.3630371
vn 0.1156006 0.4836426 0.8676758
vn 0.07189941 0.737793 0.6713867
vn 0.06610107 0.7416992 0.6674805
vn 0.07055664 0.432373 0.8989258
vn 0.08996582 0.815918 0.5712891
vn 0.2150879 0.4785156 0.8515625
vn 0.1031494 0.8491211 0.5180664
vn 0.1583252 0.5390625 0.8271484
vn 0.2412109 0.3164063 0.9174805
vn 0.2362061 0.4570313 0.8574219
vn 0.2651367 0.2663574 0.9267578
vn 0.2113037 0.4294434 0.8779297
vn 0.2359619 0.2344971 0.9428711
vn 0.1313477 0.4211426 0.8974609
vn 0.102478 0.8486328 0.519043
vn 0.1464844 0.2349854 0.9609375
vn 0.06604004 0.8408203 0.5371094
vn 0.05197144 0.4487305 0.8920898
vn 0.05990601 0.2575684 0.9643555
vn 0 0.2746582 0.9614258
vn 0.02627563 0.8500977 0.5263672
vn 0 0.4821777 0.8759766
vn 0 0.8710938 0.4914551
vn 0.06658936 0.008453369 0.9975586
vn 0 0 1
vn 0 0.009132385 1
vn 0.06610107 0 0.9980469
vn 0.1589355 0.007408142 0.9873047
vn 0.1582031 0 0.9873047
vn 0.2548828 0.007202148 0.9667969
vn 0.2539063 0 0.9672852
vn 0.2875977 0.008666992 0.9575195
vn 0.2878418 0 0.9575195
vn 0.2683105 0.01076508 0.9633789
vn 0.2687988 0 0.9633789
vn 0.2097168 0.01210785 0.9775391
vn 0.2111816 0 0.9775391
vn 0.1330566 0.01165009 0.9912109
vn 0.1330566 0 0.9912109
vn 0.06658936 0.01171112 0.9975586
vn 0.065979 0 0.9980469
vn 0.009849548 0.01271057 1
vn 0.01074982 0 1
vn -0.02738953 0.008522034 0.9995117
vn -0.02792358 0 0.9995117
vn -0.04489136 0.003599167 0.9990234
vn -0.04544067 0 0.9990234
vn -0.04385376 0.003318787 0.9990234
vn -0.04244995 0.003160477 0.9990234
vn -0.04074097 0 0.9990234
vn -0.03543091 0.004482269 0.9995117
vn -0.03546143 0.004314423 0.9995117
vn -0.03384399 0.002864838 0.9995117
vn -0.03378296 0.003210068 0.9995117
vn -0.03094482 0 0.9995117
vn -0.03201294 0 0.9995117
vn -0.1647949 -0.9570313 -0.237915
vn -0.07446289 -0.7866211 -0.6132813
vn -0.3288574 -0.8085938 -0.487793
vn -0.5625 -0.7729492 -0.2929688
vn -0.3444824 -0.9355469 -0.07855225
vn -0.706543 -0.7001953 -0.102478
vn -0.411377 -0.9101563 0.04611206
vn -0.7612305 -0.6479492 0.02449036
vn 0 -0.9814453 0.1925049
vn -0.449707 -0.8852539 0.1175537
vn -0.7744141 -0.6220703 0.114624
vn -0.0227356 -0.96875 -0.2460938
vn -0.4306641 -0.8862305 0.1707764
vn 0.0227356 -0.96875 -0.2460938
vn -0.4511719 -0.8637695 0.2253418
vn -0.7641602 -0.6083984 0.2144775
vn 0.07446289 -0.7866211 -0.6132813
vn -0.7158203 -0.5957031 0.3647461
vn 0.1647949 -0.9570313 -0.237915
vn 0.3288574 -0.8085938 -0.487793
vn -0.4162598 -0.8544922 0.310791
vn -0.347168 -0.8203125 0.4543457
vn -0.574707 -0.5683594 0.5888672
vn -0.329834 -0.4951172 0.8037109
vn -0.1585693 -0.7651367 0.6240234
vn -0.06829834 -0.401123 0.9135742
vn 0 -0.9814453 0.1925049
vn 0.3442383 -0.9355469 -0.07855225
vn 0.5625 -0.7729492 -0.2929688
vn 0.02082825 -0.7709961 0.6362305
vn 0.411377 -0.9101563 0.04611206
vn 0.706543 -0.7001953 -0.102478
vn -0.02082825 -0.7709961 0.6362305
vn 0.06829834 -0.401123 0.9135742
vn 0.449707 -0.8852539 0.1175537
vn 0.7612305 -0.6479492 0.02450562
vn 0.7744141 -0.6220703 0.114624
vn 0.1585693 -0.7651367 0.6240234
vn 0.329834 -0.4951172 0.8037109
vn 0.574707 -0.5683594 0.5888672
vn 0.347168 -0.8203125 0.4543457
vn 0.7158203 -0.5957031 0.3647461
vn 0.4162598 -0.8544922 0.310791
vn 0.7641602 -0.6083984 0.2144775
vn 0.4511719 -0.8637695 0.2253418
vn 0.4306641 -0.8862305 0.1707764
vn -0.145752 -0.9838867 0.1052246
vn -0.2275391 -0.9682617 0.1019287
vn -0.2163086 -0.9750977 0.0519104
vn -0.2250977 -0.9624023 0.1533203
vn -0.1452637 -0.9799805 0.137085
vn -0.2087402 -0.9570313 0.2019043
vn -0.1367188 -0.9765625 0.166626
vn -0.1794434 -0.953125 0.2437744
vn -0.1888428 -0.9697266 0.1535645
vn -0.1204834 -0.9741211 0.1914063
vn -0.1390381 -0.9511719 0.2753906
vn -0.09790039 -0.9731445 0.2094727
vn -0.09075928 -0.9516602 0.2941895
vn -0.07073975 -0.9731445 0.2196045
vn -0.03878784 -0.9536133 0.298584
vn -0.04119873 -0.9741211 0.2214355
vn 0.0124588 -0.9575195 0.2883301
vn -0.01185608 -0.9765625 0.2147217
vn 0.05862427 -0.9624023 0.2648926
vn 0.01481628 -0.9794922 0.2003174
vn 0.09625244 -0.9682617 0.2304688
vn 0.03671265 -0.9829102 0.1795654
vn 0.1229248 -0.9746094 0.1883545
vn 0.0524292 -0.9868164 0.1538086
vn 0.1375732 -0.9804688 0.1418457
vn 0.06121826 -0.9902344 0.1252441
vn 0.1402588 -0.9858398 0.09423828
vn 0.06298828 -0.9931641 0.09588623
vn 0.1314697 -0.9902344 0.04870605
vn 0.05822754 -0.9960938 0.06793213
vn 0.1126709 -0.9936523 0.007732391
vn 0.04772949 -0.9980469 0.04309082
vn 0.08520508 -0.9960938 -0.02664185
vn 0.0324707 -0.9990234 0.02264404
vn 0.0506897 -0.9970703 -0.05291748
vn 0.01340485 -1 0.007396698
vn 0.01083374 -0.9975586 -0.06988525
vn -0.008605957 -1 -0.002183914
vn -0.03250122 -0.996582 -0.07659912
vn -0.03259277 -0.9995117 -0.005714417
vn -0.07720947 -0.9946289 -0.07232666
vn -0.05749512 -0.9985352 -0.00283432
vn -0.1207886 -0.9912109 -0.05673218
vn -0.08209229 -0.996582 0.006748199
vn -0.1604004 -0.9868164 -0.029953
vn -0.1048584 -0.9941406 0.02311707
vn -0.1932373 -0.980957 0.006923676
vn -0.1242065 -0.9912109 0.04589844
vn -0.1383057 -0.987793 0.07391357
vn -0.1883545 -0.9760742 0.1099243
vn -0.1774902 -0.9819336 0.06744385
vn -0.1575928 -0.9868164 0.02978516
vn -0.1309814 -0.9912109 -0.0002423525
vn -0.1000366 -0.9946289 -0.02125549
vn -0.06689453 -0.9970703 -0.0329895
vn -0.03353882 -0.9990234 -0.03579712
vn -0.001778603 -0.9995117 -0.03038025
vn 0.0269928 -0.9995117 -0.0174408
vn 0.05175781 -0.9985352 0.002506256
vn 0.07171631 -0.9970703 0.02897644
vn 0.08605957 -0.9946289 0.0612793
vn 0.09344482 -0.9907227 0.09802246
vn 0.09277344 -0.9863281 0.137085
vn 0.08282471 -0.980957 0.1757813
vn 0.06311035 -0.9755859 0.2111816
vn 0.03399658 -0.9702148 0.2407227
vn -0.002880096 -0.965332 0.2614746
vn -0.04449463 -0.9614258 0.2714844
vn -0.08666992 -0.9589844 0.269043
vn -0.1251221 -0.9589844 0.2546387
vn -0.1564941 -0.9609375 0.229126
vn -0.1781006 -0.9648438 0.194458
vn -0.1662598 -0.9736328 0.1569824
vn -0.1643066 -0.9794922 0.1166992
vn -0.1536865 -0.9848633 0.0770874
vn -0.1361084 -0.9897461 0.04257202
vn -0.1137085 -0.9931641 0.01599121
vn -0.08837891 -0.9960938 -0.001851082
vn -0.06143188 -0.9980469 -0.01144409
vn -0.03442383 -0.9995117 -0.01372528
vn -0.008834839 -1 -0.009513855
vn 0.01396942 -1 0.0006971359
vn 0.0333252 -0.9995117 0.01689148
vn 0.04891968 -0.9980469 0.03930664
vn 0.06033325 -0.9960938 0.06774902
vn 0.06652832 -0.9926758 0.1008911
vn 0.06628418 -0.9882813 0.1362305
vn 0.05841064 -0.9833984 0.1706543
vn 0.04217529 -0.9785156 0.2015381
vn 0.01768494 -0.9736328 0.2269287
vn -0.01383209 -0.9692383 0.244873
vn -0.04953003 -0.9658203 0.2541504
vn -0.08532715 -0.9633789 0.2536621
vn -0.1171875 -0.9628906 0.243042
vn -0.1422119 -0.9643555 0.2226563
vn -0.1589355 -0.9682617 0.1933594
vn -0.2126465 -0.9614258 0.175415
vn -0.2088623 -0.9702148 0.1217041
vn -0.1939697 -0.9785156 0.06933594
vn -0.1704102 -0.9848633 0.02432251
vn -0.140625 -0.9902344 -0.009437561
vn -0.1069336 -0.9936523 -0.0309906
vn -0.07116699 -0.996582 -0.04147339
vn -0.03543091 -0.9985352 -0.04272461
vn -0.001993179 -0.9995117 -0.03637695
vn 0.02722168 -0.9995117 -0.02319336
vn 0.05154419 -0.9985352 -0.003068924
vn 0.07122803 -0.9970703 0.02476501
vn 0.08630371 -0.9946289 0.06060791
vn 0.0958252 -0.9902344 0.1030273
vn 0.09790039 -0.9838867 0.1488037
vn 0.09039307 -0.9770508 0.1940918
vn 0.0713501 -0.9692383 0.2353516
vn 0.0397644 -0.9619141 0.2697754
vn -0.003124237 -0.9555664 0.2946777
vn -0.05307007 -0.9501953 0.3076172
vn -0.1036377 -0.9462891 0.3068848
vn -0.1483154 -0.9448242 0.2922363
vn -0.1824951 -0.9472656 0.2641602
vn -0.2039795 -0.953125 0.2243652
vn -0.0892334 -0.984375 0.1525879
vn -0.09204102 -0.980957 0.1723633
vn -0.09112549 -0.9785156 0.184082
vn -0.08544922 -0.9785156 0.1887207
vn -0.07397461 -0.9794922 0.1884766
vn -0.08355713 -0.9882813 0.1270752
vn -0.05792236 -0.980957 0.1849365
vn -0.040802 -0.9829102 0.1787109
vn -0.02656555 -0.9848633 0.170166
vn -0.01741028 -0.9873047 0.1588135
vn -0.01327515 -0.9897461 0.1437988
vn -0.01282501 -0.9921875 0.125
vn -0.01434326 -0.9946289 0.1046143
vn -0.01628113 -0.9960938 0.08569336
vn -0.01785278 -0.9970703 0.07122803
vn -0.01940918 -0.9980469 0.06213379
vn -0.02227783 -0.9980469 0.05737305
vn -0.02764893 -0.9980469 0.05511475
vn -0.03543091 -0.9980469 0.05413818
vn -0.04428101 -0.9975586 0.05441284
vn -0.05276489 -0.9970703 0.05722046
vn -0.06054688 -0.9960938 0.0647583
vn -0.0682373 -0.9946289 0.07910156
vn -0.07617188 -0.9921875 0.100769
vn -0.1793213 -0.9306641 0.3195801
vn -0.1066895 -0.9301758 0.3508301
vn -0.0302124 -0.9301758 0.3662109
vn 0.04946899 -0.9301758 0.3642578
vn 0.1304932 -0.9301758 0.3432617
vn 0.2077637 -0.9296875 0.3046875
vn 0.2731934 -0.9282227 0.2514648
vn -0.2462158 -0.9291992 0.2753906
vn 0.3193359 -0.9287109 0.1875
vn -0.3032227 -0.9267578 0.2214355
vn 0.3400879 -0.9331055 0.1152954
vn -0.345459 -0.9248047 0.1606445
vn 0.3325195 -0.9423828 0.03591919
vn -0.3688965 -0.9248047 0.09429932
vn 0.2949219 -0.9541016 -0.0480957
vn -0.3706055 -0.9287109 0.02227783
vn 0.229126 -0.9648438 -0.1298828
vn -0.3481445 -0.9360352 -0.05395508
vn 0.1419678 -0.9697266 -0.1984863
vn -0.302002 -0.9443359 -0.1291504
vn 0.04348755 -0.9692383 -0.2429199
vn -0.234375 -0.9526367 -0.1943359
vn -0.05630493 -0.9648438 -0.2568359
vn -0.1506348 -0.9589844 -0.2393799
vn 0.2338867 -0.902832 -0.3613281
vn 0.3569336 -0.8959961 -0.2641602
vn 0.09344482 -0.9018555 -0.421875
vn -0.05004883 -0.8969727 -0.439209
vn 0.4477539 -0.8823242 -0.1450195
vn -0.1866455 -0.8911133 -0.4133301
vn -0.3085938 -0.8847656 -0.348877
vn 0.4978027 -0.8671875 -0.01986694
vn -0.4074707 -0.8769531 -0.2548828
vn 0.5058594 -0.8564453 0.1004639
vn -0.4755859 -0.8676758 -0.1439209
vn 0.4760742 -0.8535156 0.2113037
vn -0.5087891 -0.8603516 -0.02922058
vn 0.4116211 -0.8569336 0.3103027
vn -0.5083008 -0.8574219 0.08087158
vn 0.3195801 -0.8623047 0.3925781
vn -0.4765625 -0.8598633 0.1831055
vn 0.2094727 -0.8671875 0.4521484
vn -0.4177246 -0.8657227 0.2763672
vn 0.09259033 -0.8696289 0.4846191
vn -0.3369141 -0.8710938 0.3579102
vn -0.02319336 -0.871582 0.4892578
vn -0.2403564 -0.8735352 0.4233398
vn -0.1346436 -0.8735352 0.4680176
vn -0.2011719 -0.6660156 0.71875
vn -0.01828003 -0.6738281 0.7387695
vn -0.01960754 -0.7626953 0.6464844
vn -0.1885986 -0.7563477 0.6264648
vn -0.3720703 -0.6621094 0.6503906
vn -0.3181152 -0.7543945 0.5742188
vn -0.5170898 -0.6630859 0.5410156
vn 0.1188354 -0.7700195 0.6269531
vn 0.1617432 -0.6845703 0.7104492
vn -0.08544922 -0.8769531 0.4726563
vn -0.4523926 -0.7553711 0.473877
vn -0.6259766 -0.6704102 0.3989258
vn 0.2724609 -0.7807617 0.5620117
vn 0.3251953 -0.6982422 0.6376953
vn 0.1205444 -0.8862305 0.4472656
vn -0.2783203 -0.875 0.3964844
vn -0.5351563 -0.7607422 0.3674316
vn -0.6914063 -0.6826172 0.2366943
vn 0.3789063 -0.7915039 0.4794922
vn 0.4609375 -0.7133789 0.5283203
vn -0.5986328 -0.7709961 0.2181396
vn -0.7109375 -0.7001953 0.06567383
vn 0.2839355 -0.9008789 0.328125
vn 0.4763184 -0.8056641 0.3525391
vn 0.5615234 -0.7294922 0.3908691
vn -0.40625 -0.8818359 0.2399902
vn -0.6157227 -0.7827148 0.08898926
vn -0.6850586 -0.7211914 -0.102478
vn 0.5249023 -0.8183594 0.2333984
vn 0.621582 -0.7470703 0.2355957
vn -0.5942383 -0.8012695 -0.06842041
vn -0.6162109 -0.7446289 -0.2575684
vn 0.362793 -0.9199219 0.1484375
vn 0.5444336 -0.8349609 0.07891846
vn 0.6401367 -0.7651367 0.07208252
vn -0.4362793 -0.8984375 0.04528809
vn -0.5439453 -0.8173828 -0.1885986
vn -0.5083008 -0.7680664 -0.3898926
vn 0.5268555 -0.8486328 -0.04779053
vn 0.6152344 -0.7832031 -0.09069824
vn -0.4440918 -0.8388672 -0.3146973
vn -0.3681641 -0.7895508 -0.4909668
vn 0.3361816 -0.940918 -0.04641724
vn 0.4643555 -0.8642578 -0.1932373
vn 0.5488281 -0.7998047 -0.2434082
vn -0.3605957 -0.9223633 -0.137085
vn -0.3364258 -0.8544922 -0.395752
vn -0.2052002 -0.8071289 -0.5537109
vn 0.3828125 -0.8745117 -0.2983398
vn 0.4438477 -0.8129883 -0.3764648
vn -0.1821289 -0.8706055 -0.456543
vn -0.03027344 -0.8188477 -0.5732422
vn 0.2084961 -0.9560547 -0.2060547
vn 0.2509766 -0.8828125 -0.3974609
vn 0.3061523 -0.8217773 -0.480957
vn -0.1970215 -0.9458008 -0.2590332
vn -0.04394531 -0.8793945 -0.4736328
vn 0.1442871 -0.8237305 -0.5483398
vn 0.1228638 -0.8842773 -0.4506836
vn 0.01228333 -0.9584961 -0.2849121
vn 0.1270752 -0.9873047 -0.09625244
vn -0.01016235 -0.9882813 -0.151123
vn -0.1468506 -0.9799805 -0.1339111
vn -0.260498 -0.9643555 -0.04901123
vn 0.2097168 -0.9775391 0.007518768
vn -0.1298828 -0.9916992 0.006603241
vn 0.009376526 -1 -0.01000214
vn -0.3085938 -0.9487305 0.06854248
vn 0.2282715 -0.9628906 0.1430664
vn -0.180542 -0.9750977 0.1269531
vn -0.2871094 -0.9360352 0.2028809
vn -0.04412842 -0.9926758 0.1134644
vn 0.09533691 -0.9907227 0.09515381
vn 0.1776123 -0.9492188 0.2590332
vn -0.2047119 -0.9306641 0.3039551
vn -0.09484863 -0.9682617 0.230835
vn 0.04330444 -0.9755859 0.2147217
vn 0.06341553 -0.9379883 0.3408203
vn -0.07080078 -0.9316406 0.3569336
vn -0.003580093 -0.9790039 0.2026367
vn 0 -0.9824219 0.1872559
vn 0 -0.9785156 0.2061768
vn -0.001583099 -0.9824219 0.1859131
vn -0.004962921 -0.9819336 0.1887207
vn 0.001167297 -0.9921875 0.1254883
vn 0 -0.9921875 0.1233521
vn 0 -0.9990234 0.03872681
vn -0.002311707 -0.9833984 0.1806641
vn 0.00255394 -0.9907227 0.1358643
vn 0.0008182526 -0.984375 0.1772461
vn 0.002464294 -0.984375 0.177124
vn 0.006572723 -0.9833984 0.1812744
vn 0.002891541 -0.9887695 0.1496582
vn 0.001462936 -0.9990234 0.04162598
vn 0.002681732 -0.9985352 0.05078125
vn 0.0007843971 -1 0
vn 0 -1 0
vn 0.0007843971 -1 0
vn 0.0007843971 -1 0
vn 0.002857208 -0.9980469 0.06149292
vn 0.0004944801 -1 0
vn 0.00189209 -0.9975586 0.06811523
vn 0.0002051592 -1 0
vn 0.002347946 -0.9868164 0.1605225
vn 0.00096035 -0.9975586 0.07208252
vn 0.0002052784 -1 0
vn 0.001349449 -0.9858398 0.1676025
vn 9.226799E-05 -0.9970703 0.07342529
vn -0.00171566 -1 0.0002741814
vn 0.004276276 -0.9833984 0.1817627
vn 0.003803253 -0.9814453 0.1922607
vn -0.003112793 -0.9794922 0.2017822
vn 0.006484985 -0.9804688 0.1955566
vn 0.007396698 -0.9804688 0.1975098
vn -0.00158596 -0.9853516 0.1697998
vn -0.002374649 -0.9975586 0.0723877
vn -0.006118774 -0.9975586 0.07000732
vn -0.004608154 -1 0.001482964
vn -0.006153107 -1 0.003505707
vn -0.01087189 -0.9868164 0.161499
vn -0.02575684 -0.9916992 0.1276855
vn 0.00447464 -0.9985352 0.05307007
vn -0.007488251 -1 0.005924225
vn 0.003990173 -0.9990234 0.04318237
vn -0.007331848 -1 0.006885529
vn -0.02027893 -0.9814453 0.1901855
vn -0.03140259 -0.9931641 0.1118164
vn -0.04040527 -0.9868164 0.1569824
vn 0.00769043 -0.9995117 0.02734375
vn -0.005073547 -1 0.006481171
vn -0.01626587 -0.9970703 0.07727051
vn -0.007827759 -0.9995117 0.02107239
vn -0.004211426 -1 0.008354187
vn -0.006263733 -0.9916992 0.1289063
vn -0.01036835 -0.9985352 0.04852295
vn -0.03881836 -0.9990234 0.02049255
vn -0.05340576 -0.9970703 0.0586853
vn -0.05151367 -0.9916992 0.1166382
vn -0.08837891 -0.9897461 0.1129761
vn -0.08709717 -0.9926758 0.08636475
vn -0.2271729 -0.9663086 0.1227417
vn -0.08990479 -0.9868164 0.1333008
vn -0.2700195 -0.9521484 0.1418457
vn -0.546875 -0.8041992 0.2324219
vn -0.09527588 -0.9892578 0.111145
vn -0.3308105 -0.9316406 0.1517334
vn -0.1107788 -0.9916992 0.06744385
vn -0.3791504 -0.9160156 0.130249
vn -0.590332 -0.7719727 0.2362061
vn -0.6743164 -0.7045898 0.2211914
vn -0.784668 -0.5307617 0.3208008
vn -0.7739258 -0.5336914 0.3415527
vn -0.7270508 -0.6635742 0.177124
vn -0.8754883 -0.3859863 0.2902832
vn -0.8779297 -0.2993164 0.3740234
vn -0.8652344 -0.3012695 0.401123
vn -0.9174805 0 0.3981934
vn -0.8994141 -0.1386719 0.4140625
vn -0.9130859 0 0.4077148
vn -0.9477539 0 0.3193359
vn -0.9086914 -0.3586426 0.2138672
vn -0.9746094 0 0.223999
vn -0.7490234 -0.6474609 0.140625
vn -0.918457 -0.3554688 0.1724854
vn -0.9829102 0 0.1828613
vn -0.9863281 0 0.1650391
vn -0.9262695 -0.3452148 0.1525879
vn -0.9892578 0 0.1447754
vn -0.4226074 -0.9008789 0.09661865
vn -0.9370117 -0.3234863 0.1333008
vn -0.9956055 0 0.09313965
vn -0.7714844 -0.6245117 0.1193848
vn -0.4765625 -0.8759766 0.07312012
vn -0.8041992 -0.5849609 0.1054077
vn -0.9482422 -0.3056641 0.08770752
vn -0.1412354 -0.9892578 0.03140259
vn -0.5532227 -0.8305664 0.06555176
vn -0.01547241 -1 0.01269531
vn -0.196167 -0.9804688 0.02481079
vn -0.01873779 -1 0.00995636
vn -0.002727509 -1 0.01037598
vn -0.001320839 -1 0.006000519
vn -0.8349609 -0.5454102 0.07373047
vn -0.9526367 -0.3024902 0.03146362
vn -0.9995117 0 0.03259277
vn -0.6313477 -0.7739258 0.04891968
vn -0.8500977 -0.5258789 0.02864075
vn -0.02244568 -0.9995117 0.006828308
vn -0.001223564 -1 0.0002601147
vn -0.2602539 -0.965332 0.02145386
vn -0.9545898 -0.2978516 0.00371933
vn -1 0 0.003929138
vn -0.956543 -0.291748 0.0006046295
vn -1 0 0.0009994507
vn -1 0 0.00743103
vn -0.8603516 -0.5097656 0.003389359
vn -0.03198242 -0.9995117 0.002166748
vn -0.3220215 -0.9467773 0.01032257
vn -0.3588867 -0.9335938 0.00107193
vn -0.03894043 -0.9990234 2.658367E-05
vn -0.0006117821 -1 0
vn 0 -1 0
vn -0.6879883 -0.7255859 0.02038574
vn -0.03701782 -0.9995117 -0.0009717941
vn 0 -1 0
vn -0.7172852 -0.6967773 0.00245285
vn -0.02748108 -0.9995117 -0.001482964
vn 0 -1 0
vn -0.3388672 -0.940918 -0.00165081
vn -0.8647461 -0.5019531 0.0002282858
vn -0.7104492 -0.7036133 -9.095669E-05
vn -0.02391052 -0.9995117 -0.0009436607
vn 0 -1 0
vn -0.3061523 -0.9521484 -0.0009102821
vn -0.2900391 -0.9570313 0.006397247
vn -0.0201416 -1 0.001074791
vn 0 -1 0
vn -0.2971191 -0.9536133 0.04449463
vn -0.01928711 -1 0.00268364
vn 0 -1 0
vn -0.8632813 -0.5048828 0.005737305
vn -0.6860352 -0.7275391 0.003261566
vn -0.3061523 -0.9521484 -0.0009102821
vn -0.0171814 -1 0.00435257
vn -0.0002608299 -1 0.0004651546
vn -0.293457 -0.9501953 0.1035156
vn -0.9570313 -0.2905273 0.006816864
vn -0.6704102 -0.7416992 0.01863098
vn -0.2900391 -0.9570313 0.006397247
vn -0.8583984 -0.512207 0.02841187
vn -0.9560547 -0.2912598 0.0335083
vn -0.9995117 0 0.03463745
vn -0.65625 -0.7475586 0.1031494
vn -0.2971191 -0.9536133 0.04449463
vn -0.8393555 -0.5253906 0.1408691
vn -0.9433594 -0.2873535 0.1645508
vn -0.9853516 0 0.1712646
vn -0.9277344 0 0.3730469
vn -0.8886719 -0.2905273 0.354248
vn -0.8608398 0 0.5087891
vn -0.7939453 -0.5258789 0.3049316
vn -0.8242188 -0.2888184 0.4873047
vn -0.6225586 -0.7392578 0.2575684
vn -0.7397461 -0.512207 0.4362793
vn -0.765625 -0.2890625 0.574707
vn -0.7998047 0 0.6000977
vn -0.722168 0 0.6914063
vn -0.5927734 -0.7246094 0.3515625
vn -0.6835938 -0.5175781 0.5146484
vn -0.2600098 -0.9536133 0.1524658
vn -0.559082 -0.715332 0.4191895
vn -0.6118164 -0.5341797 0.5834961
vn -0.6889648 -0.3034668 0.6582031
vn -0.009040833 -1 0.009712219
vn -0.0008411407 -1 0.000805378
vn -0.2661133 -0.9433594 0.197998
vn -0.01330566 -1 0.008781433
vn -0.0006279945 -1 0.0008773804
vn -0.5678711 -0.3178711 0.7592773
vn -0.6000977 0 0.800293
vn -0.4924316 -0.7314453 0.4716797
vn -0.230835 -0.9477539 0.2199707
vn -0.230835 -0.9477539 0.2199707
vn -0.01183319 -1 0.007045746
vn -0.0002789497 -1 0.001789093
vn -0.1766357 -0.9570313 0.2296143
vn -0.3930664 -0.7617188 0.5151367
vn -0.1766357 -0.9570313 0.2296143
vn -0.007598877 -1 0.004833221
vn -0.0002292395 -1 0.002384186
vn -0.09692383 -0.972168 0.213623
vn -0.001750946 -1 0.003616333
vn -0.0003721714 -1 0.001791
vn -0.03436279 -0.980957 0.1922607
vn 6.580353E-05 -1 0.003204346
vn -0.0003261566 -1 0.0005993843
vn -0.01039124 -0.9829102 0.1832275
vn 0 -1 0.002809525
vn -0.003515244 -0.9833984 0.1820068
vn 0 -1 0
vn 0 -1 0.002809525
vn 7.843971E-05 -1 0.00267601
vn -0.003515244 -0.9833984 0.1820068
vn 0.0001000762 -1 0.002809525
vn 0 -1 0
vn 8.738041E-05 -1 0.00295639
vn 0 -1 0
vn 6.526709E-05 -0.9838867 0.1782227
vn 4.74453E-05 -1 0.003063202
vn 0 -1 0
vn 0 -1 0
vn -0.0003833771 -0.9838867 0.1782227
vn 6.151199E-05 -0.9838867 0.1798096
vn 1.108646E-05 -1 0.003108978
vn 5.90682E-05 -0.9833984 0.1815186
vn 0 -1 0.00312233
vn 0 -1 0
vn 6.049871E-05 -0.9833984 0.1821289
vn 0 -1 0.003133774
vn 0 -1 0
vn 0 -1 0.003139496
vn 0 -1 0
vn 7.253885E-05 -0.9829102 0.1832275
vn 0 -0.9829102 0.1835938
vn 0 -0.8535156 0.5205078
vn 6.246567E-05 -0.9833984 0.1827393
vn 1.233816E-05 -0.8540039 0.5200195
vn 0 -0.6416016 0.7670898
vn -1.674891E-05 -0.8544922 0.5195313
vn -6.735325E-05 -0.6416016 0.7670898
vn 0 -0.3095703 0.9506836
vn -4.261732E-05 -0.8549805 0.5185547
vn 2.849102E-05 -0.3098145 0.9506836
vn 0 0 1
vn 8.523464E-05 0 1
vn -0.0001007318 -0.6420898 0.7666016
vn 0 -0.3100586 0.9506836
vn 6.979704E-05 0 1
vn -0.0001150966 -0.8554688 0.5175781
vn -0.0001447201 -0.6420898 0.7666016
vn -2.759695E-05 -0.3103027 0.9506836
vn 5.221367E-05 0 1
vn -0.0001946688 -0.8569336 0.515625
vn -0.0002002716 -0.6425781 0.7661133
vn -0.000259161 -0.3105469 0.9506836
vn -0.0003564358 0 1
vn -0.0002589226 -0.8579102 0.5136719
vn -0.0002651215 -0.6435547 0.7651367
vn -0.0004911423 -0.3105469 0.9506836
vn -0.0007605553 0 1
vn -0.001634598 -0.8574219 0.5141602
vn -0.0003635883 -0.6450195 0.7641602
vn 0.007053375 -0.324707 0.9458008
vn 0.0142746 0 1
vn -0.004589081 -0.6391602 0.769043
vn 0.0001507998 -0.3496094 0.9370117
vn 0.006896973 0 1
vn -0.02217102 0 0.9995117
vn -0.00958252 -0.8544922 0.519043
vn -0.01039124 -0.9829102 0.1832275
vn -0.01957703 -0.3571777 0.934082
vn -0.0145874 -0.6254883 0.7797852
vn -0.03131104 -0.8496094 0.5268555
vn -0.03436279 -0.980957 0.1922607
vn -0.04241943 -0.6201172 0.7836914
vn -0.0508728 -0.3547363 0.9335938
vn -0.0574646 0 0.9985352
vn -0.105957 -0.8364258 0.5375977
vn -0.09692383 -0.972168 0.213623
vn -0.1435547 -0.6147461 0.7753906
vn -0.175415 -0.347168 0.9213867
vn -0.1911621 0 0.9814453
vn -0.4099121 0 0.9121094
vn -0.3837891 -0.3320313 0.8618164
vn -0.3242188 -0.5913086 0.7382813
vn -0.2456055 -0.8076172 0.5361328
vn -0.4929199 -0.5610352 0.6650391
vn 1 0 0.0006446838
vn 1 0 0.0001493692
vn 1 -0.001563072 0.0001493692
vn 1 0 0.0006446838
vn 1 0 0.001290321
vn 1 0 0.001290321
vn 1 0 -0.01391602
vn 1 0 -0.01391602
vn 0.9995117 0 -0.03649902
vn 0.9995117 0 -0.03649902
vn 0.9951172 0 -0.1010742
vn 0.9951172 0 -0.1010742
vn 0.9609375 0 -0.2770996
vn 0.9609375 0 -0.2770996
vn 0.8574219 0 -0.5146484
vn 0.8574219 0 -0.5146484
vn 0.7192383 0 -0.6943359
vn 0.7192383 0 -0.6943359
vn 0.5620117 0 -0.8271484
vn 0.5620117 0 -0.8271484
vn 0.3312988 0 -0.9433594
vn 0.3312988 0 -0.9433594
vn 0.1095581 0 -0.9941406
vn 0.1095581 0 -0.9941406
vn 0.01503754 0 -1
vn 0.01503754 0 -1
vn 0.002706528 0 -1
vn 0.002706528 0 -1
vn 0 0 -1
vn 0 0 -1
vn 0 0 -1
vn 0 0 -1
vn 0 0 -1
vn 0 0 -1
vn 0 0 -1
vn 0 0 -1
vn 0 0 -1
vn 0 0 -1
vn 0 0 -1
vn 0 0 -1
vn 0 0 -1
vn 0 0 -1
vn 0 0 -1
vn 0 0 -1
vn 1 -0.001563072 0.0001493692
vn 1 0 0.0001493692
vn 1 0 0.006034851
vn 1 -0.004024506 0.006034851
vn 0.9970703 0 0.07806396
vn 0.9970703 -0.003358841 0.07830811
vn 0.96875 0 0.2474365
vn 0.96875 -0.000895977 0.2481689
vn 0.8994141 0 0.4375
vn 0.8989258 0 0.4379883
vn 0.7675781 0 0.6411133
vn 0.7670898 0 0.6416016
vn 0.6040039 0 0.7973633
vn 0.6035156 0 0.7973633
vn 0.449707 0 0.8930664
vn 0.4489746 0 0.8935547
vn 0.2312012 0 0.9731445
vn 0.2305908 0 0.9731445
vn 0.07086182 0 0.9975586
vn 0.07073975 0 0.9975586
vn 0.02023315 0 1
vn 0.02020264 0 1
vn 2.479553E-05 0 1
vn 2.479553E-05 0 1
vn 2.455711E-05 0 1
vn 2.455711E-05 0 1
vn 1.084805E-05 0 1
vn 1.084805E-05 0 1
vn 0 0 1
vn 0 0 1
vn 0 0 1
vn 0 0 1
vn 0 0 1
vn 0 0 1
vn 0 0 1
vn 0 0 1
vn 0.003580093 -0.9790039 0.2026367
vn 0 -0.9785156 0.2061768
vn 0 -0.9824219 0.1872559
vn 0.001583099 -0.9824219 0.1859131
vn 0.004962921 -0.9819336 0.1887207
vn -0.001167297 -0.9921875 0.1254883
vn 0 -0.9921875 0.1233521
vn 0 -0.9990234 0.03872681
vn 0.002313614 -0.9833984 0.1806641
vn -0.00255394 -0.9907227 0.1358643
vn -0.0008177757 -0.984375 0.1772461
vn -0.002464294 -0.984375 0.177124
vn -0.006572723 -0.9833984 0.1812744
vn -0.002891541 -0.9887695 0.1496582
vn -0.001461983 -0.9990234 0.04162598
vn -0.002681732 -0.9985352 0.05078125
vn -0.0007839203 -1 0
vn 0 -1 0
vn -0.0007839203 -1 0
vn -0.0007839203 -1 0
vn -0.002855301 -0.9980469 0.06149292
vn -0.0004944801 -1 0
vn -0.00189209 -0.9975586 0.06811523
vn -0.0002048016 -1 0
vn -0.002347946 -0.9868164 0.1605225
vn -0.0009598732 -0.9975586 0.07208252
vn -0.0002049208 -1 0
vn -0.001349449 -0.9858398 0.1676025
vn -9.185076E-05 -0.9970703 0.07342529
vn 0.00171566 -1 0.0002737045
vn -0.004276276 -0.9833984 0.1817627
vn -0.003803253 -0.9814453 0.1922607
vn 0.003112793 -0.9794922 0.2017822
vn -0.006484985 -0.9804688 0.1955566
vn -0.007396698 -0.9804688 0.1975098
vn 0.00158596 -0.9853516 0.1697998
vn 0.002374649 -0.9975586 0.0723877
vn 0.006118774 -0.9975586 0.07000732
vn 0.004608154 -1 0.001482964
vn 0.006153107 -1 0.003505707
vn 0.01087189 -0.9868164 0.161499
vn 0.02575684 -0.9916992 0.1276855
vn -0.00447464 -0.9985352 0.05307007
vn 0.007488251 -1 0.005924225
vn -0.003990173 -0.9990234 0.04318237
vn 0.007331848 -1 0.006885529
vn 0.02027893 -0.9814453 0.1901855
vn 0.03140259 -0.9931641 0.1118164
vn 0.04040527 -0.9868164 0.1569824
vn -0.00769043 -0.9995117 0.02734375
vn 0.005073547 -1 0.006481171
vn 0.01626587 -0.9970703 0.07727051
vn 0.007827759 -0.9995117 0.02107239
vn 0.004211426 -1 0.008354187
vn 0.006263733 -0.9916992 0.1289063
vn 0.01036835 -0.9985352 0.04852295
vn 0.03881836 -0.9990234 0.02049255
vn 0.05340576 -0.9970703 0.0586853
vn 0.05151367 -0.9916992 0.1166382
vn 0.08837891 -0.9897461 0.1129761
vn 0.08709717 -0.9926758 0.08636475
vn 0.2271729 -0.9663086 0.1227417
vn 0.08990479 -0.9868164 0.1333008
vn 0.2700195 -0.9521484 0.1418457
vn 0.546875 -0.8041992 0.2324219
vn 0.09527588 -0.9892578 0.111145
vn 0.3308105 -0.9316406 0.1517334
vn 0.1107788 -0.9916992 0.06744385
vn 0.3791504 -0.9160156 0.130249
vn 0.590332 -0.7719727 0.2362061
vn 0.6743164 -0.7045898 0.2211914
vn 0.784668 -0.5307617 0.3208008
vn 0.7739258 -0.5336914 0.3415527
vn 0.7270508 -0.6635742 0.177124
vn 0.8754883 -0.3859863 0.2902832
vn 0.8779297 -0.2993164 0.3740234
vn 0.8652344 -0.3012695 0.401123
vn 0.9174805 0 0.3981934
vn 0.8994141 -0.1386719 0.4140625
vn 0.9130859 0 0.4077148
vn 0.9477539 0 0.3193359
vn 0.9086914 -0.3586426 0.2138672
vn 0.9746094 0 0.223999
vn 0.7490234 -0.6474609 0.140625
vn 0.918457 -0.3554688 0.1724854
vn 0.9829102 0 0.1828613
vn 0.9863281 0 0.1650391
vn 0.9262695 -0.3452148 0.1525879
vn 0.9892578 0 0.1447754
vn 0.4226074 -0.9008789 0.09661865
vn 0.9370117 -0.3234863 0.1333008
vn 0.9956055 0 0.09313965
vn 0.7714844 -0.6245117 0.1193848
vn 0.4765625 -0.8759766 0.07312012
vn 0.8041992 -0.5849609 0.1054077
vn 0.9482422 -0.3056641 0.08770752
vn 0.1412354 -0.9892578 0.03140259
vn 0.5532227 -0.8305664 0.06555176
vn 0.01547241 -1 0.01269531
vn 0.196167 -0.9804688 0.02481079
vn 0.01873779 -1 0.00995636
vn 0.002727509 -1 0.01037598
vn 0.001321793 -1 0.006000519
vn 0.8349609 -0.5454102 0.07373047
vn 0.9526367 -0.3024902 0.03146362
vn 0.9995117 0 0.03259277
vn 0.6313477 -0.7739258 0.04891968
vn 0.8500977 -0.5258789 0.02864075
vn 0.02244568 -0.9995117 0.006828308
vn 0.001223564 -1 0.0002601147
vn 0.2602539 -0.965332 0.02145386
vn 0.9545898 -0.2978516 0.00371933
vn 1 0 0.003929138
vn 0.956543 -0.291748 0.0006046295
vn 1 0 0.0009994507
vn 1 0 0.00743103
vn 0.8603516 -0.5097656 0.003389359
vn 0.03198242 -0.9995117 0.002166748
vn 0.3220215 -0.9467773 0.01032257
vn 0.3588867 -0.9335938 0.00107193
vn 0.03894043 -0.9990234 2.658367E-05
vn 0.0006132126 -1 0
vn 0 -1 0
vn 0.6879883 -0.7255859 0.02038574
vn 0.03701782 -0.9995117 -0.0009717941
vn 0 -1 0
vn 0.7172852 -0.6967773 0.00245285
vn 0.02748108 -0.9995117 -0.001482964
vn 0 -1 0
vn 0.8647461 -0.5019531 0.0002282858
vn 0.7104492 -0.7036133 -9.077787E-05
vn 0.3388672 -0.940918 -0.00165081
vn 0.02391052 -0.9995117 -0.0009441376
vn 0 -1 0
vn 0.3061523 -0.9521484 -0.000910759
vn 0.2897949 -0.9570313 0.006397247
vn 0.0201416 -1 0.001074791
vn 0 -1 0
vn 0.2971191 -0.9536133 0.04449463
vn 0.01928711 -1 0.002685547
vn 0 -1 0
vn 0.8632813 -0.5048828 0.005737305
vn 0.6860352 -0.7275391 0.003261566
vn 0.3061523 -0.9521484 -0.000910759
vn 0.0171814 -1 0.00435257
vn 0.0002598763 -1 0.0004649162
vn 0.293457 -0.9501953 0.1035156
vn 0.9570313 -0.2905273 0.006816864
vn 0.6704102 -0.7416992 0.01863098
vn 0.2897949 -0.9570313 0.006397247
vn 0.8583984 -0.512207 0.02841187
vn 0.9560547 -0.2912598 0.0335083
vn 0.9995117 0 0.03463745
vn 0.65625 -0.7475586 0.1031494
vn 0.2971191 -0.9536133 0.04449463
vn 0.8393555 -0.5249023 0.1408691
vn 0.9433594 -0.2873535 0.1645508
vn 0.9853516 0 0.1712646
vn 0.9277344 0 0.3730469
vn 0.8886719 -0.2905273 0.354248
vn 0.8608398 0 0.5087891
vn 0.7939453 -0.5258789 0.3049316
vn 0.8242188 -0.2888184 0.4873047
vn 0.6225586 -0.7392578 0.2575684
vn 0.7397461 -0.512207 0.4362793
vn 0.765625 -0.2890625 0.574707
vn 0.7998047 0 0.6000977
vn 0.722168 0 0.6914063
vn 0.5927734 -0.7246094 0.3515625
vn 0.6835938 -0.5175781 0.5146484
vn 0.2600098 -0.9536133 0.1524658
vn 0.559082 -0.715332 0.4191895
vn 0.6118164 -0.5341797 0.5834961
vn 0.6889648 -0.3034668 0.6582031
vn 0.009040833 -1 0.009712219
vn 0.0008401871 -1 0.0008044243
vn 0.2661133 -0.9433594 0.197998
vn 0.01330566 -1 0.008773804
vn 0.0006279945 -1 0.000875473
vn 0.5678711 -0.3178711 0.7592773
vn 0.6000977 0 0.800293
vn 0.4924316 -0.7314453 0.4716797
vn 0.230835 -0.9477539 0.2199707
vn 0.230835 -0.9477539 0.2199707
vn 0.01183319 -1 0.007045746
vn 0.0002789497 -1 0.001788139
vn 0.1766357 -0.9570313 0.2296143
vn 0.3930664 -0.7617188 0.5151367
vn 0.1766357 -0.9570313 0.2296143
vn 0.007598877 -1 0.004829407
vn 0.000229001 -1 0.002384186
vn 0.09692383 -0.972168 0.213623
vn 0.001750946 -1 0.003616333
vn 0.0003724098 -1 0.001791
vn 0.03436279 -0.980957 0.1922607
vn -6.562471E-05 -1 0.003204346
vn 0.0003268719 -1 0.0005998611
vn 0.01039124 -0.9829102 0.1832275
vn 0 -1 0.002809525
vn 0.003515244 -0.9833984 0.1820068
vn 0 -1 0
vn 0 -1 0.002809525
vn -7.796288E-05 -1 0.00267601
vn 0.003515244 -0.9833984 0.1820068
vn -0.0001000166 -1 0.002809525
vn 0 -1 0
vn -8.708239E-05 -1 0.002954483
vn 0 -1 0
vn -6.502867E-05 -0.9838867 0.1782227
vn -4.702806E-05 -1 0.003061295
vn 0 -1 0
vn 0 -1 0
vn 0.0003838539 -0.9838867 0.1782227
vn -6.115437E-05 -0.9838867 0.1798096
vn -1.049042E-05 -1 0.003108978
vn -5.871058E-05 -0.9833984 0.1815186
vn 0 -1 0.00312233
vn 0 -1 0
vn -6.002188E-05 -0.9833984 0.1821289
vn 0 -1 0.003135681
vn 0 -1 0
vn 0 -1 0.003139496
vn 0 -1 0
vn -7.224083E-05 -0.9829102 0.1832275
vn 0 -0.9829102 0.1835938
vn 0 -0.8535156 0.5205078
vn -6.198883E-05 -0.9833984 0.1827393
vn -1.209974E-05 -0.8540039 0.5200195
vn 0 -0.6416016 0.7670898
vn 1.704693E-05 -0.8544922 0.5195313
vn 6.753206E-05 -0.6416016 0.7670898
vn 0 -0.3095703 0.9506836
vn 4.303455E-05 -0.8549805 0.5185547
vn -2.837181E-05 -0.3098145 0.9506836
vn 0 0 1
vn -8.523464E-05 0 1
vn 0.0001009107 -0.6420898 0.7666016
vn 0 -0.3100586 0.9506836
vn -6.979704E-05 0 1
vn 0.0001154542 -0.8554688 0.5175781
vn 0.0001450777 -0.6420898 0.7666016
vn 2.777576E-05 -0.3103027 0.9506836
vn -5.221367E-05 0 1
vn 0.0001949072 -0.8569336 0.515625
vn 0.00020051 -0.6425781 0.7661133
vn 0.0002593994 -0.3105469 0.9506836
vn 0.0003564358 0 1
vn 0.0002593994 -0.8579102 0.5136719
vn 0.0002651215 -0.6435547 0.7651367
vn 0.0004916191 -0.3105469 0.9506836
vn 0.0007605553 0 1
vn 0.001635551 -0.8574219 0.5141602
vn 0.0003638268 -0.6450195 0.7641602
vn -0.007053375 -0.324707 0.9458008
vn -0.0142746 0 1
vn 0.004589081 -0.6391602 0.769043
vn -0.0001506805 -0.3496094 0.9370117
vn -0.006896973 0 1
vn 0.02217102 0 0.9995117
vn 0.00958252 -0.8544922 0.519043
vn 0.01039124 -0.9829102 0.1832275
vn 0.01957703 -0.3571777 0.934082
vn 0.0145874 -0.6254883 0.7797852
vn 0.03131104 -0.8496094 0.5268555
vn 0.03436279 -0.980957 0.1922607
vn 0.04241943 -0.6201172 0.7836914
vn 0.0508728 -0.3547363 0.9335938
vn 0.0574646 0 0.9985352
vn 0.105957 -0.8364258 0.5375977
vn 0.09692383 -0.972168 0.213623
vn 0.1435547 -0.6147461 0.7753906
vn 0.175415 -0.347168 0.9213867
vn 0.1911621 0 0.9814453
vn 0.4099121 0 0.9121094
vn 0.3837891 -0.3320313 0.8618164
vn 0.3242188 -0.5913086 0.7382813
vn 0.2456055 -0.8076172 0.5361328
vn 0.4929199 -0.5610352 0.6650391
vn -1 0 0.000644207
vn -1 -0.001564026 0.0001493692
vn -1 0 0.0001493692
vn -1 0 0.000644207
vn -1 0 0.001290321
vn -1 0 0.001290321
vn -1 0 -0.01391602
vn -1 0 -0.01391602
vn -0.9995117 0 -0.03649902
vn -0.9995117 0 -0.03649902
vn -0.9951172 0 -0.1010742
vn -0.9951172 0 -0.1010742
vn -0.9609375 0 -0.2770996
vn -0.9609375 0 -0.2770996
vn -0.8574219 0 -0.5146484
vn -0.8574219 0 -0.5146484
vn -0.7192383 0 -0.6943359
vn -0.7192383 0 -0.6943359
vn -0.5620117 0 -0.8271484
vn -0.5620117 0 -0.8271484
vn -0.3312988 0 -0.9433594
vn -0.3312988 0 -0.9433594
vn -0.1095581 0 -0.9941406
vn -0.1095581 0 -0.9941406
vn -0.01503754 0 -1
vn -0.01503754 0 -1
vn -0.002706528 0 -1
vn -0.002706528 0 -1
vn 0 0 -1
vn 0 0 -1
vn 0 0 -1
vn 0 0 -1
vn 0 0 -1
vn 0 0 -1
vn 0 0 -1
vn 0 0 -1
vn 0 0 -1
vn 0 0 -1
vn 0 0 -1
vn 0 0 -1
vn 0 0 -1
vn 0 0 -1
vn 0 0 -1
vn 0 0 -1
vn -1 -0.001564026 0.0001493692
vn -1 0 0.006034851
vn -1 0 0.0001493692
vn -1 -0.004024506 0.006034851
vn -0.9970703 0 0.07806396
vn -0.9970703 -0.003356934 0.07830811
vn -0.96875 0 0.2474365
vn -0.96875 -0.0008950233 0.2481689
vn -0.8994141 0 0.4375
vn -0.8989258 0 0.4379883
vn -0.7675781 0 0.6411133
vn -0.7670898 0 0.6416016
vn -0.6040039 0 0.7973633
vn -0.6035156 0 0.7973633
vn -0.449707 0 0.8930664
vn -0.4489746 0 0.8935547
vn -0.2312012 0 0.9731445
vn -0.2305908 0 0.9731445
vn -0.07086182 0 0.9975586
vn -0.07073975 0 0.9975586
vn -0.02023315 0 1
vn -0.02020264 0 1
vn -2.479553E-05 0 1
vn -2.479553E-05 0 1
vn -2.455711E-05 0 1
vn -2.455711E-05 0 1
vn -1.084805E-05 0 1
vn -1.084805E-05 0 1
vn 0 0 1
vn 0 0 1
vn 0 0 1
vn 0 0 1
vn 0 0 1
vn 0 0 1
vn 0 0 1
vn 0 0 1
vn -0.003580093 0.9790039 0.2026367
vn 0 0.9785156 0.2061768
vn 0 0.9824219 0.1872559
vn -0.001583099 0.9824219 0.1859131
vn -0.004962921 0.9819336 0.1887207
vn 0.001167297 0.9921875 0.1254883
vn 0 0.9921875 0.1233521
vn 0 0.9990234 0.03872681
vn -0.002313614 0.9833984 0.1806641
vn 0.00255394 0.9907227 0.1358643
vn 0.0008177757 0.984375 0.1772461
vn 0.002464294 0.984375 0.177124
vn 0.006572723 0.9833984 0.1812744
vn 0.002891541 0.9887695 0.1496582
vn 0.001461983 0.9990234 0.04162598
vn 0.002681732 0.9985352 0.05078125
vn 0.0007839203 1 0
vn 0 1 0
vn 0.0007839203 1 0
vn 0.0007839203 1 0
vn 0.002855301 0.9980469 0.06149292
vn 0.0004944801 1 0
vn 0.00189209 0.9975586 0.06811523
vn 0.0002048016 1 0
vn 0.002347946 0.9868164 0.1605225
vn 0.0009598732 0.9975586 0.07208252
vn 0.0002049208 1 0
vn 0.001349449 0.9858398 0.1676025
vn 9.179115E-05 0.9970703 0.07342529
vn -0.00171566 1 0.0002737045
vn 0.004276276 0.9833984 0.1817627
vn 0.003803253 0.9814453 0.1922607
vn -0.003112793 0.9794922 0.2017822
vn 0.006484985 0.9804688 0.1955566
vn 0.007396698 0.9804688 0.1975098
vn -0.00158596 0.9853516 0.1697998
vn -0.002374649 0.9975586 0.0723877
vn -0.006118774 0.9975586 0.07000732
vn -0.004608154 1 0.001482964
vn -0.006153107 1 0.003505707
vn -0.01087189 0.9868164 0.161499
vn -0.02575684 0.9916992 0.1276855
vn 0.00447464 0.9985352 0.05307007
vn -0.007488251 1 0.00592804
vn 0.003990173 0.9990234 0.04318237
vn -0.007331848 1 0.006885529
vn -0.02027893 0.9814453 0.1901855
vn -0.03140259 0.9931641 0.1118164
vn -0.04040527 0.9868164 0.1569824
vn 0.00769043 0.9995117 0.02734375
vn -0.005073547 1 0.006481171
vn -0.01626587 0.9970703 0.07727051
vn -0.007827759 0.9995117 0.02107239
vn -0.004211426 1 0.008354187
vn -0.006263733 0.9916992 0.1289063
vn -0.01036835 0.9985352 0.04852295
vn -0.03881836 0.9990234 0.02049255
vn -0.05340576 0.9970703 0.0586853
vn -0.05151367 0.9916992 0.1166382
vn -0.08837891 0.9897461 0.1129761
vn -0.08709717 0.9926758 0.08636475
vn -0.2271729 0.9663086 0.1227417
vn -0.08990479 0.9868164 0.1333008
vn -0.2700195 0.9521484 0.1418457
vn -0.546875 0.8041992 0.2324219
vn -0.09527588 0.9892578 0.111145
vn -0.3308105 0.9316406 0.1517334
vn -0.1107788 0.9916992 0.06744385
vn -0.3791504 0.9160156 0.130249
vn -0.590332 0.7719727 0.2362061
vn -0.6743164 0.7045898 0.2211914
vn -0.784668 0.5307617 0.3208008
vn -0.7739258 0.5336914 0.3415527
vn -0.7270508 0.6635742 0.177124
vn -0.8754883 0.3859863 0.2902832
vn -0.8779297 0.2993164 0.3740234
vn -0.8652344 0.3012695 0.401123
vn -0.9174805 0 0.3981934
vn -0.8994141 0.1386719 0.4140625
vn -0.9130859 0 0.4077148
vn -0.9477539 0 0.3193359
vn -0.9086914 0.3586426 0.2138672
vn -0.9746094 0 0.223999
vn -0.7490234 0.6474609 0.140625
vn -0.918457 0.3554688 0.1724854
vn -0.9829102 0 0.1828613
vn -0.9863281 0 0.1650391
vn -0.9262695 0.3452148 0.1525879
vn -0.9892578 0 0.1447754
vn -0.4226074 0.9008789 0.09661865
vn -0.9370117 0.3234863 0.1333008
vn -0.9956055 0 0.09313965
vn -0.7714844 0.6245117 0.1193848
vn -0.4765625 0.8759766 0.07312012
vn -0.8041992 0.5849609 0.1054077
vn -0.9482422 0.3056641 0.08770752
vn -0.1412354 0.9892578 0.03140259
vn -0.5532227 0.8305664 0.06555176
vn -0.01547241 1 0.01269531
vn -0.196167 0.9804688 0.02481079
vn -0.01873779 1 0.00995636
vn -0.002727509 1 0.01037598
vn -0.001320839 1 0.006000519
vn -0.8349609 0.5454102 0.07373047
vn -0.9526367 0.3024902 0.03146362
vn -0.9995117 0 0.03259277
vn -0.6313477 0.7739258 0.04891968
vn -0.8500977 0.5258789 0.02864075
vn -0.02244568 0.9995117 0.006832123
vn -0.00122261 1 0.0002605915
vn -0.2602539 0.965332 0.02145386
vn -0.9545898 0.2978516 0.00371933
vn -1 0 0.003929138
vn -0.956543 0.291748 0.0006046295
vn -1 0 0.0009994507
vn -1 0 0.00743103
vn -0.8603516 0.5097656 0.003389359
vn -0.03198242 0.9995117 0.002168655
vn -0.3220215 0.9467773 0.01032257
vn -0.3588867 0.9335938 0.00107193
vn -0.03894043 0.9990234 2.69413E-05
vn -0.0006141663 1 0
vn 0 1 0
vn -0.6879883 0.7255859 0.02038574
vn -0.03701782 0.9995117 -0.0009713173
vn 0 1 0
vn -0.7172852 0.6967773 0.00245285
vn -0.02748108 0.9995117 -0.001482964
vn 0 1 0
vn -0.8647461 0.5019531 0.0002285242
vn -0.7104492 0.7036133 -9.065866E-05
vn -0.3388672 0.940918 -0.00165081
vn -0.02391052 0.9995117 -0.0009436607
vn 0 1 0
vn -0.3061523 0.9521484 -0.0009102821
vn -0.2900391 0.9570313 0.006397247
vn -0.0201416 1 0.001074791
vn 0 1 0
vn -0.2971191 0.9536133 0.04449463
vn -0.01928711 1 0.002685547
vn 0 1 0
vn -0.8632813 0.5048828 0.005737305
vn -0.6860352 0.7275391 0.003261566
vn -0.3061523 0.9521484 -0.0009102821
vn -0.0171814 1 0.004356384
vn -0.000259161 1 0.0004649162
vn -0.293457 0.9501953 0.1035156
vn -0.9570313 0.2905273 0.006816864
vn -0.6704102 0.7416992 0.01863098
vn -0.2900391 0.9570313 0.006397247
vn -0.8583984 0.512207 0.02841187
vn -0.9560547 0.2912598 0.0335083
vn -0.9995117 0 0.03463745
vn -0.65625 0.7475586 0.1031494
vn -0.2971191 0.9536133 0.04449463
vn -0.8393555 0.5253906 0.1408691
vn -0.9433594 0.2873535 0.1645508
vn -0.9853516 0 0.1712646
vn -0.9277344 0 0.3730469
vn -0.8886719 0.2905273 0.354248
vn -0.8608398 0 0.5087891
vn -0.7939453 0.5258789 0.3049316
vn -0.8242188 0.2888184 0.4873047
vn -0.6225586 0.7392578 0.2575684
vn -0.7397461 0.512207 0.4362793
vn -0.765625 0.2890625 0.574707
vn -0.7998047 0 0.6000977
vn -0.722168 0 0.6914063
vn -0.5927734 0.7246094 0.3515625
vn -0.6835938 0.5175781 0.5146484
vn -0.2600098 0.9536133 0.1524658
vn -0.559082 0.715332 0.4191895
vn -0.6118164 0.5341797 0.5834961
vn -0.6889648 0.3034668 0.6582031
vn -0.009040833 1 0.009712219
vn -0.0008401871 1 0.0008049011
vn -0.2661133 0.9433594 0.197998
vn -0.01330566 1 0.008781433
vn -0.0006279945 1 0.0008759499
vn -0.5678711 0.3178711 0.7592773
vn -0.6000977 0 0.800293
vn -0.4924316 0.7314453 0.4716797
vn -0.230835 0.9477539 0.2199707
vn -0.230835 0.9477539 0.2199707
vn -0.01183319 1 0.007045746
vn -0.0002791882 1 0.001789093
vn -0.1766357 0.9570313 0.2296143
vn -0.3930664 0.7617188 0.5151367
vn -0.1766357 0.9570313 0.2296143
vn -0.007598877 1 0.004833221
vn -0.0002294779 1 0.002388
vn -0.09692383 0.972168 0.213623
vn -0.001750946 1 0.003616333
vn -0.0003721714 1 0.001793861
vn -0.03436279 0.980957 0.1922607
vn 6.55055E-05 1 0.003206253
vn -0.0003266335 1 0.0006008148
vn -0.01039886 0.9829102 0.1832275
vn 0 1 0.002811432
vn -0.003517151 0.9833984 0.1820068
vn 0 1 0
vn 0 1 0.002811432
vn 7.802248E-05 1 0.00267601
vn -0.003517151 0.9833984 0.1820068
vn 9.995699E-05 1 0.002809525
vn 0 1 0
vn 8.702278E-05 1 0.002954483
vn 0 1 0
vn 6.496906E-05 0.9838867 0.1782227
vn 4.708767E-05 1 0.003063202
vn 0 1 0
vn 0 1 0
vn -0.0003836155 0.9838867 0.1782227
vn 6.127357E-05 0.9838867 0.1798096
vn 1.043081E-05 1 0.003108978
vn 5.847216E-05 0.9833984 0.1815186
vn 0 1 0.003124237
vn 0 1 0
vn 6.008148E-05 0.9833984 0.1821289
vn 0 1 0.003135681
vn 0 1 0
vn 0 1 0.003141403
vn 0 1 0
vn 7.206202E-05 0.9829102 0.1832275
vn 0 0.9829102 0.1835938
vn 0 0.8535156 0.5205078
vn 6.234646E-05 0.9833984 0.1827393
vn 1.180172E-05 0.8540039 0.5200195
vn 0 0.6416016 0.7670898
vn -1.639128E-05 0.8544922 0.5195313
vn -6.723404E-05 0.6416016 0.7670898
vn 0 0.3095703 0.9506836
vn -4.267693E-05 0.8549805 0.5185547
vn 2.914667E-05 0.3098145 0.9506836
vn 0 0 1
vn 8.523464E-05 0 1
vn -0.0001003146 0.6420898 0.7666016
vn 0 0.3100586 0.9506836
vn 6.979704E-05 0 1
vn -0.0001157522 0.8554688 0.5175781
vn -0.0001447201 0.6420898 0.7666016
vn -2.777576E-05 0.3103027 0.9506836
vn 5.221367E-05 0 1
vn -0.0001945496 0.8569336 0.515625
vn -0.0002008677 0.6425781 0.7661133
vn -0.0002601147 0.3105469 0.9506836
vn -0.0003564358 0 1
vn -0.0002596378 0.8579102 0.5136719
vn -0.0002646446 0.6435547 0.7651367
vn -0.0004911423 0.3105469 0.9506836
vn -0.0007605553 0 1
vn -0.001635551 0.8574219 0.5141602
vn -0.0003643036 0.6450195 0.7641602
vn 0.007053375 0.324707 0.9458008
vn 0.0142746 0 1
vn -0.004589081 0.6391602 0.769043
vn 0.0001506805 0.3496094 0.9370117
vn 0.006896973 0 1
vn -0.02217102 0 0.9995117
vn -0.00958252 0.8544922 0.519043
vn -0.01039886 0.9829102 0.1832275
vn -0.01957703 0.3571777 0.934082
vn -0.0145874 0.6254883 0.7797852
vn -0.03131104 0.8496094 0.5268555
vn -0.03436279 0.980957 0.1922607
vn -0.04241943 0.6201172 0.7836914
vn -0.0508728 0.3547363 0.9335938
vn -0.0574646 0 0.9985352
vn -0.105957 0.8364258 0.5375977
vn -0.09692383 0.972168 0.213623
vn -0.1435547 0.6147461 0.7753906
vn -0.175415 0.347168 0.9213867
vn -0.1911621 0 0.9814453
vn -0.4099121 0 0.9121094
vn -0.3837891 0.3320313 0.8618164
vn -0.3242188 0.5913086 0.7382813
vn -0.2456055 0.8076172 0.5361328
vn -0.4929199 0.5610352 0.6650391
vn 1 0 0.0006446838
vn 1 0.001563072 0.0001493692
vn 1 0 0.0001493692
vn 1 0 0.0006446838
vn 1 0 0.001290321
vn 1 0 0.001290321
vn 1 0 -0.01391602
vn 1 0 -0.01391602
vn 0.9995117 0 -0.03649902
vn 0.9995117 0 -0.03649902
vn 0.9951172 0 -0.1010742
vn 0.9951172 0 -0.1010742
vn 0.9609375 0 -0.2770996
vn 0.9609375 0 -0.2770996
vn 0.8574219 0 -0.5146484
vn 0.8574219 0 -0.5146484
vn 0.7192383 0 -0.6943359
vn 0.7192383 0 -0.6943359
vn 0.5620117 0 -0.8271484
vn 0.5620117 0 -0.8271484
vn 0.3312988 0 -0.9433594
vn 0.3312988 0 -0.9433594
vn 0.1095581 0 -0.9941406
vn 0.1095581 0 -0.9941406
vn 0.01503754 0 -1
vn 0.01503754 0 -1
vn 0.002706528 0 -1
vn 0.002706528 0 -1
vn 0 0 -1
vn 0 0 -1
vn 0 0 -1
vn 0 0 -1
vn 0 0 -1
vn 0 0 -1
vn 0 0 -1
vn 0 0 -1
vn 0 0 -1
vn 0 0 -1
vn 0 0 -1
vn 0 0 -1
vn 0 0 -1
vn 0 0 -1
vn 0 0 -1
vn 0 0 -1
vn 1 0.001563072 0.0001493692
vn 1 0 0.006034851
vn 1 0 0.0001493692
vn 1 0.004024506 0.006034851
vn 0.9970703 0 0.07806396
vn 0.9970703 0.003358841 0.07830811
vn 0.96875 0 0.2474365
vn 0.96875 0.000895977 0.2481689
vn 0.8994141 0 0.4375
vn 0.8989258 0 0.4379883
vn 0.7675781 0 0.6411133
vn 0.7670898 0 0.6416016
vn 0.6040039 0 0.7973633
vn 0.6035156 0 0.7973633
vn 0.449707 0 0.8930664
vn 0.4489746 0 0.8935547
vn 0.2312012 0 0.9731445
vn 0.2305908 0 0.9731445
vn 0.07086182 0 0.9975586
vn 0.07073975 0 0.9975586
vn 0.02023315 0 1
vn 0.02020264 0 1
vn 2.479553E-05 0 1
vn 2.479553E-05 0 1
vn 2.455711E-05 0 1
vn 2.455711E-05 0 1
vn 1.084805E-05 0 1
vn 1.084805E-05 0 1
vn 0 0 1
vn 0 0 1
vn 0 0 1
vn 0 0 1
vn 0 0 1
vn 0 0 1
vn 0 0 1
vn 0 0 1
vn 0.003580093 0.9790039 0.2026367
vn 0 0.9824219 0.1872559
vn 0 0.9785156 0.2061768
vn 0.001583099 0.9824219 0.1859131
vn 0.004962921 0.9819336 0.1887207
vn -0.001167297 0.9921875 0.1254883
vn 0 0.9921875 0.1233521
vn 0 0.9990234 0.03872681
vn 0.002311707 0.9833984 0.1806641
vn -0.00255394 0.9907227 0.1358643
vn -0.0008182526 0.984375 0.1772461
vn -0.002464294 0.984375 0.177124
vn -0.006572723 0.9833984 0.1812744
vn -0.002891541 0.9887695 0.1496582
vn -0.001462936 0.9990234 0.04162598
vn -0.002681732 0.9985352 0.05078125
vn -0.0007843971 1 0
vn 0 1 0
vn -0.0007843971 1 0
vn -0.0007839203 1 0
vn -0.002857208 0.9980469 0.06149292
vn -0.0004944801 1 0
vn -0.00189209 0.9975586 0.06811523
vn -0.0002051592 1 0
vn -0.002347946 0.9868164 0.1605225
vn -0.00096035 0.9975586 0.07208252
vn -0.0002053976 1 0
vn -0.001349449 0.9858398 0.1676025
vn -9.226799E-05 0.9970703 0.07342529
vn 0.00171566 1 0.0002737045
vn -0.004276276 0.9833984 0.1817627
vn -0.003803253 0.9814453 0.1922607
vn 0.003112793 0.9794922 0.2017822
vn -0.006484985 0.9804688 0.1955566
vn -0.007396698 0.9804688 0.1975098
vn 0.00158596 0.9853516 0.1697998
vn 0.002374649 0.9975586 0.0723877
vn 0.006118774 0.9975586 0.07000732
vn 0.004608154 1 0.001482964
vn 0.006153107 1 0.003505707
vn 0.01087189 0.9868164 0.161499
vn 0.02575684 0.9916992 0.1276855
vn -0.00447464 0.9985352 0.05307007
vn 0.007488251 1 0.00592804
vn -0.003990173 0.9990234 0.04318237
vn 0.007331848 1 0.006885529
vn 0.02027893 0.9814453 0.1901855
vn 0.03140259 0.9931641 0.1118164
vn 0.04040527 0.9868164 0.1569824
vn -0.00769043 0.9995117 0.02734375
vn 0.005073547 1 0.006481171
vn 0.01626587 0.9970703 0.07727051
vn 0.007827759 0.9995117 0.02107239
vn 0.004211426 1 0.008354187
vn 0.006263733 0.9916992 0.1289063
vn 0.01036835 0.9985352 0.04852295
vn 0.03881836 0.9990234 0.02049255
vn 0.05340576 0.9970703 0.0586853
vn 0.05151367 0.9916992 0.1166382
vn 0.08837891 0.9897461 0.1129761
vn 0.08709717 0.9926758 0.08636475
vn 0.2271729 0.9663086 0.1227417
vn 0.08990479 0.9868164 0.1333008
vn 0.2700195 0.9521484 0.1418457
vn 0.546875 0.8041992 0.2324219
vn 0.09527588 0.9892578 0.111145
vn 0.3308105 0.9316406 0.1517334
vn 0.1107788 0.9916992 0.06744385
vn 0.3791504 0.9160156 0.130249
vn 0.590332 0.7719727 0.2362061
vn 0.6743164 0.7045898 0.2211914
vn 0.784668 0.5307617 0.3208008
vn 0.7739258 0.5336914 0.3415527
vn 0.7270508 0.6635742 0.177124
vn 0.8754883 0.3859863 0.2902832
vn 0.8779297 0.2993164 0.3740234
vn 0.8652344 0.3012695 0.401123
vn 0.9174805 0 0.3981934
vn 0.8994141 0.1386719 0.4140625
vn 0.9130859 0 0.4077148
vn 0.9477539 0 0.3193359
vn 0.9086914 0.3586426 0.2138672
vn 0.9746094 0 0.223999
vn 0.7490234 0.6474609 0.140625
vn 0.918457 0.3554688 0.1724854
vn 0.9829102 0 0.1828613
vn 0.9863281 0 0.1650391
vn 0.9262695 0.3452148 0.1525879
vn 0.9892578 0 0.1447754
vn 0.4226074 0.9008789 0.09661865
vn 0.9370117 0.3234863 0.1333008
vn 0.9956055 0 0.09313965
vn 0.7714844 0.6245117 0.1193848
vn 0.4765625 0.8759766 0.07312012
vn 0.8041992 0.5849609 0.1054077
vn 0.9482422 0.3056641 0.08770752
vn 0.1412354 0.9892578 0.03140259
vn 0.5532227 0.8305664 0.06555176
vn 0.01547241 1 0.01269531
vn 0.196167 0.9804688 0.02481079
vn 0.01873779 1 0.00995636
vn 0.002727509 1 0.01037598
vn 0.001319885 1 0.006000519
vn 0.8349609 0.5454102 0.07373047
vn 0.9526367 0.3024902 0.03146362
vn 0.9995117 0 0.03259277
vn 0.6313477 0.7739258 0.04891968
vn 0.8500977 0.5258789 0.02864075
vn 0.02244568 0.9995117 0.006832123
vn 0.00122261 1 0.0002605915
vn 0.2602539 0.965332 0.02145386
vn 0.9545898 0.2978516 0.00371933
vn 1 0 0.003929138
vn 0.956543 0.291748 0.0006046295
vn 1 0 0.0009994507
vn 1 0 0.00743103
vn 0.8603516 0.5097656 0.003389359
vn 0.03198242 0.9995117 0.002168655
vn 0.3220215 0.9467773 0.01032257
vn 0.3588867 0.9335938 0.00107193
vn 0.03894043 0.9990234 2.69413E-05
vn 0.0006122589 1 0
vn 0 1 0
vn 0.6879883 0.7255859 0.02038574
vn 0.03701782 0.9995117 -0.0009713173
vn 0 1 0
vn 0.7172852 0.6967773 0.00245285
vn 0.02748108 0.9995117 -0.001482964
vn 0 1 0
vn 0.3388672 0.940918 -0.00165081
vn 0.8647461 0.5019531 0.0002285242
vn 0.7104492 0.7036133 -9.042025E-05
vn 0.02391052 0.9995117 -0.0009436607
vn 0 1 0
vn 0.3061523 0.9521484 -0.0009102821
vn 0.2897949 0.9570313 0.006397247
vn 0.02012634 1 0.001074791
vn 0 1 0
vn 0.2971191 0.9536133 0.04449463
vn 0.01928711 1 0.002685547
vn 0 1 0
vn 0.8632813 0.5048828 0.005737305
vn 0.6860352 0.7275391 0.003261566
vn 0.3061523 0.9521484 -0.0009102821
vn 0.0171814 1 0.004356384
vn 0.0002608299 1 0.0004656315
vn 0.293457 0.9501953 0.1035156
vn 0.9570313 0.2905273 0.006816864
vn 0.6704102 0.7416992 0.01863098
vn 0.2897949 0.9570313 0.006397247
vn 0.8583984 0.512207 0.02841187
vn 0.9560547 0.2912598 0.0335083
vn 0.9995117 0 0.03463745
vn 0.65625 0.7475586 0.1031494
vn 0.2971191 0.9536133 0.04449463
vn 0.8393555 0.5249023 0.1408691
vn 0.9433594 0.2873535 0.1645508
vn 0.9853516 0 0.1712646
vn 0.9277344 0 0.3730469
vn 0.8886719 0.2905273 0.354248
vn 0.8608398 0 0.5087891
vn 0.7939453 0.5258789 0.3049316
vn 0.8242188 0.2888184 0.4873047
vn 0.6225586 0.7392578 0.2575684
vn 0.7397461 0.512207 0.4362793
vn 0.765625 0.2890625 0.574707
vn 0.7998047 0 0.6000977
vn 0.722168 0 0.6914063
vn 0.5927734 0.7246094 0.3515625
vn 0.6835938 0.5175781 0.5146484
vn 0.2600098 0.9536133 0.1524658
vn 0.559082 0.715332 0.4191895
vn 0.6118164 0.5341797 0.5834961
vn 0.6889648 0.3034668 0.6582031
vn 0.009040833 1 0.009719849
vn 0.0008416176 1 0.0008063316
vn 0.2661133 0.9433594 0.197998
vn 0.01330566 1 0.008781433
vn 0.0006284714 1 0.0008778572
vn 0.5678711 0.3178711 0.7592773
vn 0.6000977 0 0.800293
vn 0.4924316 0.7314453 0.4716797
vn 0.230835 0.9477539 0.2199707
vn 0.230835 0.9477539 0.2199707
vn 0.01183319 1 0.007045746
vn 0.0002794266 1 0.001789093
vn 0.1766357 0.9570313 0.2296143
vn 0.3930664 0.7617188 0.5151367
vn 0.1766357 0.9570313 0.2296143
vn 0.007598877 1 0.004833221
vn 0.0002295971 1 0.002386093
vn 0.09692383 0.972168 0.213623
vn 0.001750946 1 0.003616333
vn 0.0003716946 1 0.001792908
vn 0.03436279 0.980957 0.1922607
vn -6.592274E-05 1 0.003206253
vn 0.0003256798 1 0.0006008148
vn 0.01039886 0.9829102 0.1832275
vn 0 1 0.002811432
vn 0.003515244 0.9833984 0.1820068
vn 0 1 0
vn 0 1 0.002811432
vn -7.843971E-05 1 0.00267601
vn 0.003515244 0.9833984 0.1820068
vn -0.0001000166 1 0.002811432
vn 0 1 0
vn -8.73208E-05 1 0.00295639
vn 0 1 0
vn -6.514788E-05 0.9838867 0.1782227
vn -4.75049E-05 1 0.003063202
vn 0 1 0
vn 0 1 0
vn 0.0003833771 0.9838867 0.1782227
vn -6.151199E-05 0.9838867 0.1798096
vn -1.108646E-05 1 0.003108978
vn -5.882978E-05 0.9833984 0.1815186
vn 0 1 0.003124237
vn 0 1 0
vn -6.061792E-05 0.9833984 0.1821289
vn 0 1 0.003135681
vn 0 1 0
vn 0 1 0.003141403
vn 0 1 0
vn -7.230043E-05 0.9829102 0.1832275
vn 0 0.9829102 0.1835938
vn 0 0.8535156 0.5205078
vn -6.28233E-05 0.9833984 0.1827393
vn -1.204014E-05 0.8540039 0.5200195
vn 0 0.6416016 0.7670898
vn 1.603365E-05 0.8544922 0.5195313
vn 6.699562E-05 0.6416016 0.7670898
vn 0 0.3095703 0.9506836
vn 4.220009E-05 0.8549805 0.5185547
vn -2.926588E-05 0.3098145 0.9506836
vn 0 0 1
vn -8.523464E-05 0 1
vn 0.0001000762 0.6420898 0.7666016
vn 0 0.3100586 0.9506836
vn -6.979704E-05 0 1
vn 0.0001153946 0.8554688 0.5175781
vn 0.0001444817 0.6420898 0.7666016
vn 2.759695E-05 0.3103027 0.9506836
vn -5.221367E-05 0 1
vn 0.0001943111 0.8569336 0.515625
vn 0.00020051 0.6425781 0.7661133
vn 0.0002598763 0.3105469 0.9506836
vn 0.0003564358 0 1
vn 0.0002593994 0.8579102 0.5136719
vn 0.0002644062 0.6435547 0.7651367
vn 0.0004911423 0.3105469 0.9506836
vn 0.0007605553 0 1
vn 0.001635551 0.8574219 0.5141602
vn 0.0003640652 0.6450195 0.7641602
vn -0.007053375 0.324707 0.9458008
vn -0.0142746 0 1
vn 0.004589081 0.6391602 0.769043
vn -0.0001506805 0.3496094 0.9370117
vn -0.006896973 0 1
vn 0.02217102 0 0.9995117
vn 0.00958252 0.8544922 0.519043
vn 0.01039886 0.9829102 0.1832275
vn 0.01957703 0.3571777 0.934082
vn 0.0145874 0.6254883 0.7797852
vn 0.03131104 0.8496094 0.5268555
vn 0.03436279 0.980957 0.1922607
vn 0.04241943 0.6201172 0.7836914
vn 0.0508728 0.3547363 0.9335938
vn 0.0574646 0 0.9985352
vn 0.105957 0.8364258 0.5375977
vn 0.09692383 0.972168 0.213623
vn 0.1435547 0.6147461 0.7753906
vn 0.175415 0.347168 0.9213867
vn 0.1911621 0 0.9814453
vn 0.4099121 0 0.9121094
vn 0.3837891 0.3320313 0.8618164
vn 0.3242188 0.5913086 0.7382813
vn 0.2456055 0.8076172 0.5361328
vn 0.4929199 0.5610352 0.6650391
vn -1 0 0.000644207
vn -1 0 0.0001493692
vn -1 0.001564026 0.0001493692
vn -1 0 0.000644207
vn -1 0 0.001290321
vn -1 0 0.001290321
vn -1 0 -0.01391602
vn -1 0 -0.01391602
vn -0.9995117 0 -0.03649902
vn -0.9995117 0 -0.03649902
vn -0.9951172 0 -0.1010742
vn -0.9951172 0 -0.1010742
vn -0.9609375 0 -0.2770996
vn -0.9609375 0 -0.2770996
vn -0.8574219 0 -0.5146484
vn -0.8574219 0 -0.5146484
vn -0.7192383 0 -0.6943359
vn -0.7192383 0 -0.6943359
vn -0.5620117 0 -0.8271484
vn -0.5620117 0 -0.8271484
vn -0.3312988 0 -0.9433594
vn -0.3312988 0 -0.9433594
vn -0.1095581 0 -0.9941406
vn -0.1095581 0 -0.9941406
vn -0.01503754 0 -1
vn -0.01503754 0 -1
vn -0.002706528 0 -1
vn -0.002706528 0 -1
vn 0 0 -1
vn 0 0 -1
vn 0 0 -1
vn 0 0 -1
vn 0 0 -1
vn 0 0 -1
vn 0 0 -1
vn 0 0 -1
vn 0 0 -1
vn 0 0 -1
vn 0 0 -1
vn 0 0 -1
vn 0 0 -1
vn 0 0 -1
vn 0 0 -1
vn 0 0 -1
vn -1 0.001564026 0.0001493692
vn -1 0 0.0001493692
vn -1 0 0.006034851
vn -1 0.004024506 0.006034851
vn -0.9970703 0 0.07806396
vn -0.9970703 0.003356934 0.07830811
vn -0.96875 0 0.2474365
vn -0.96875 0.0008950233 0.2481689
vn -0.8994141 0 0.4375
vn -0.8989258 0 0.4379883
vn -0.7675781 0 0.6411133
vn -0.7670898 0 0.6416016
vn -0.6040039 0 0.7973633
vn -0.6035156 0 0.7973633
vn -0.449707 0 0.8930664
vn -0.4489746 0 0.8935547
vn -0.2312012 0 0.9731445
vn -0.2305908 0 0.9731445
vn -0.07086182 0 0.9975586
vn -0.07073975 0 0.9975586
vn -0.02023315 0 1
vn -0.02020264 0 1
vn -2.479553E-05 0 1
vn -2.479553E-05 0 1
vn -2.455711E-05 0 1
vn -2.455711E-05 0 1
vn -1.084805E-05 0 1
vn -1.084805E-05 0 1
vn 0 0 1
vn 0 0 1
vn 0 0 1
vn 0 0 1
vn 0 0 1
vn 0 0 1
vn 0 0 1
vn 0 0 1
vn 0 -1 0
vn 0 -1 0
vn 0 -1 0
vn 0 -1 0
vn 0 -1 0
vn 0 -1 0
vn 0 -1 0
vn 0 -1 0
vn 0 -1 0
vn 0 -1 0
vn 0 -1 0
vn 0 -1 0
vn 0 -1 0
vn 0 -1 0
vn 0 -1 0
vn 0 -1 0
vn 0 -1 0
vn 0 -1 0
vn 0 -1 0
vn 0 -1 0
vn 0 -1 0
vn 0 -1 0
vn 0 -1 0
vn 0 -1 0
vn 0 -1 0
vn 0 -1 0
vn 0 -1 0
vn 0 -1 0
vn 0 -1 0
vn 0 -1 0
vn 0 -1 0
vn 0 -1 0
vn 0 -1 0
vn 0 -1 0
vn 0 -1 0
vn 0 -1 0
vn 0 -1 0
vn 0 -1 0
vn 0 -1 0
vn 0 -1 0
vn 0 -1 0
vn 0 -1 0
vn 0 -1 0
vn 0 -1 0
vn 0 -1 0
vn 0 -1 0
vn 0 -1 0.006732941
vn 0 -1 0
vn 0 -1 0
vn 0.0001914501 -1 0.006847382
vn 0 -1 0.01348114
vn 0.0003831387 -1 0.01369476
vn 0 -1 0
vn 0 -1 0
vn 0 -1 0
vn 0.0001915693 -1 0.007061005
vn 0.0003829002 -1 0.01412201
vn 0 -1 0
vn 0 -1 0
vn 0 -1 0
vn 0.0001913309 -1 0.007282257
vn 0.0003826618 -1 0.01456451
vn 0 -1 0
vn 0 -1 0
vn 0 -1 0
vn 0.0001442432 -1 0.007484436
vn 0.0002875328 -1 0.01490784
vn 0.0001929998 -1 0.01503754
vn 9.655952E-05 -1 0.007514954
vn 0.0001929998 -1 0.01504517
vn 0 -1 0
vn 0 -1 0
vn 0 -1 0
vn 9.655952E-05 -1 0.007522583
vn 0.000193119 -1 0.01506042
vn 0 -1 0
vn 0 -1 0
vn 0 -1 0
vn 9.667873E-05 -1 0.007530212
vn -0.001458168 -1 0.01507568
vn 0 -1 0
vn 0 -1 0
vn 0 -1 0
vn -0.0003576279 -1 0.007076263
vn -0.00415802 -1 0.01530457
vn -0.003824234 -1 0.01496887
vn -0.003488541 -1 0.01493835
vn -0.002283096 -1 0.01373291
vn 7.653236E-05 -1 0.01128387
vn 0.0004661083 -1 0.01107025
vn 8.308887E-05 -1 0.01173401
vn 0.0001137257 -1 0.005554199
vn 2.467632E-05 -1 4.261732E-05
vn 4.905462E-05 -1 8.499622E-05
vn 0 -1 0
vn 0 -1 0
vn 0 -1 0
vn 0 -1 0
vn 0 -1 0
vn 0 -1 0
vn 0 -1 0
vn 0 -1 0
vn 0 -1 0
vn 0 -1 0
vn 0 -1 0
vn 0 -1 0
vn 0 -1 0
vn 0 -1 0
vn 0 -1 0
vn 0 -1 0
vn 0 -1 0
vn 0 -1 0
vn 0 -1 0
vn 0 -1 0
vn 0 -1 0
vn 0 -1 0
vn 0 -1 0
vn 0 -1 0
vn 0 -1 0
vn 0 -1 0
vn 0 -1 0
vn 0 -1 0
vn 0 -1 0
vn 0 -1 0
vn 0 -1 0
vn 0 -1 0
vn 0 -1 0
vn 0 -1 0
vn 0 -1 0
vn 0 -1 0
vn 0 -1 0
vn 0 -1 0
vn 0 -1 0
vn 0 -1 0
vn 0 -1 0
vn 0 -1 0
vn 0 -1 0
vn 0 -1 0
vn 0 -1 0
vn 0 -1 0
vn 0 -1 0.006732941
vn 0 -1 0
vn 0 -1 0
vn -0.0001910925 -1 0.006847382
vn 0 -1 0.01348114
vn -0.0003826618 -1 0.01369476
vn 0 -1 0
vn 0 -1 0
vn 0 -1 0
vn -0.0001910925 -1 0.007061005
vn -0.0003824234 -1 0.01412201
vn 0 -1 0
vn 0 -1 0
vn 0 -1 0
vn -0.0001909733 -1 0.007282257
vn -0.000382185 -1 0.01456451
vn 0 -1 0
vn 0 -1 0
vn 0 -1 0
vn -0.0001440048 -1 0.007484436
vn -0.0002872944 -1 0.01490784
vn -0.0001926422 -1 0.01503754
vn -9.62019E-05 -1 0.007514954
vn -0.0001926422 -1 0.01504517
vn 0 -1 0
vn 0 -1 0
vn 0 -1 0
vn -9.62615E-05 -1 0.007522583
vn -0.0001926422 -1 0.01506042
vn 0 -1 0
vn 0 -1 0
vn 0 -1 0
vn -9.62019E-05 -1 0.007530212
vn 0.001458168 -1 0.01507568
vn 0 -1 0
vn 0 -1 0
vn 0 -1 0
vn 0.0003581047 -1 0.007076263
vn 0.00415802 -1 0.01530457
vn 0.003824234 -1 0.01496887
vn 0.003488541 -1 0.01493835
vn 0.002283096 -1 0.01373291
vn -7.623434E-05 -1 0.01128387
vn -0.0004658699 -1 0.01107025
vn -8.279085E-05 -1 0.01173401
vn -0.0001134276 -1 0.005554199
vn -2.425909E-05 -1 4.261732E-05
vn -4.869699E-05 -1 8.505583E-05
vn 0 1 0
vn 0 1 0
vn 0 1 0
vn 0 1 0
vn 0 1 0
vn 0 1 0
vn 0 1 0
vn 0 1 0
vn 0 1 0
vn 0 1 0
vn 0 1 0
vn 0 1 0
vn 0 1 0
vn 0 1 0
vn 0 1 0
vn 0 1 0
vn 0 1 0
vn 0 1 0
vn 0 1 0
vn 0 1 0
vn 0 1 0
vn 0 1 0
vn 0 1 0
vn 0 1 0
vn 0 1 0
vn 0 1 0
vn 0 1 0
vn 0 1 0
vn 0 1 0
vn 0 1 0
vn 0 1 0
vn 0 1 0
vn 0 1 0
vn 0 1 0
vn 0 1 0
vn 0 1 0
vn 0 1 0
vn 0 1 0
vn 0 1 0
vn 0 1 0
vn 0 1 0
vn 0 1 0
vn 0 1 0
vn 0 1 0
vn 0 1 0
vn 0 1 0
vn 0 1 0.006736755
vn 0 1 0
vn 0 1 0
vn 0.0001912117 1 0.006847382
vn 0 1 0.01348114
vn 0.0003826618 1 0.01369476
vn 0 1 0
vn 0 1 0
vn 0 1 0
vn 0.0001910925 1 0.007061005
vn 0.0003824234 1 0.01412201
vn 0 1 0
vn 0 1 0
vn 0 1 0
vn 0.0001909733 1 0.007282257
vn 0.000382185 1 0.01456451
vn 0 1 0
vn 0 1 0
vn 0 1 0
vn 0.0001438856 1 0.007484436
vn 0.0002872944 1 0.01490784
vn 0.0001926422 1 0.01503754
vn 9.62615E-05 1 0.007518768
vn 0.0001926422 1 0.01504517
vn 0 1 0
vn 0 1 0
vn 0 1 0
vn 9.62615E-05 1 0.007526398
vn 0.0001926422 1 0.01506042
vn 0 1 0
vn 0 1 0
vn 0 1 0
vn 9.62019E-05 1 0.007530212
vn -0.001458168 1 0.01507568
vn 0 1 0
vn 0 1 0
vn 0 1 0
vn -0.0003581047 1 0.007076263
vn -0.00415802 1 0.01530457
vn -0.003824234 1 0.01496887
vn -0.003488541 1 0.01493835
vn -0.002283096 1 0.01373291
vn 7.611513E-05 1 0.01128387
vn 0.0004656315 1 0.01107025
vn 8.285046E-05 1 0.01173401
vn 0.000113368 1 0.005554199
vn 2.425909E-05 1 4.303455E-05
vn 4.869699E-05 1 8.547306E-05
vn 0 1 0
vn 0 1 0
vn 0 1 0
vn 0 1 0
vn 0 1 0
vn 0 1 0
vn 0 1 0
vn 0 1 0
vn 0 1 0
vn 0 1 0
vn 0 1 0
vn 0 1 0
vn 0 1 0
vn 0 1 0
vn 0 1 0
vn 0 1 0
vn 0 1 0
vn 0 1 0
vn 0 1 0
vn 0 1 0
vn 0 1 0
vn 0 1 0
vn 0 1 0
vn 0 1 0
vn 0 1 0
vn 0 1 0
vn 0 1 0
vn 0 1 0
vn 0 1 0
vn 0 1 0
vn 0 1 0
vn 0 1 0
vn 0 1 0
vn 0 1 0
vn 0 1 0
vn 0 1 0
vn 0 1 0
vn 0 1 0
vn 0 1 0
vn 0 1 0
vn 0 1 0
vn 0 1 0
vn 0 1 0
vn 0 1 0
vn 0 1 0
vn 0 1 0
vn 0 1 0.006736755
vn 0 1 0
vn 0 1 0
vn -0.0001915693 1 0.006847382
vn 0 1 0.01348114
vn -0.0003831387 1 0.01369476
vn 0 1 0
vn 0 1 0
vn 0 1 0
vn -0.0001914501 1 0.007061005
vn -0.0003829002 1 0.01412201
vn 0 1 0
vn 0 1 0
vn 0 1 0
vn -0.0001913309 1 0.007282257
vn -0.0003826618 1 0.01456451
vn 0 1 0
vn 0 1 0
vn 0 1 0
vn -0.0001442432 1 0.007484436
vn -0.0002875328 1 0.01490784
vn -0.0001928806 1 0.01503754
vn -9.655952E-05 1 0.007518768
vn -0.0001929998 1 0.01504517
vn 0 1 0
vn 0 1 0
vn 0 1 0
vn -9.655952E-05 1 0.007526398
vn -0.000193119 1 0.01506042
vn 0 1 0
vn 0 1 0
vn 0 1 0
vn -9.667873E-05 1 0.007530212
vn 0.001457214 1 0.01507568
vn 0 1 0
vn 0 1 0
vn 0 1 0
vn 0.0003576279 1 0.007076263
vn 0.00415802 1 0.01530457
vn 0.003824234 1 0.01496887
vn 0.003488541 1 0.01493835
vn 0.002283096 1 0.01373291
vn -7.635355E-05 1 0.01128387
vn -0.0004658699 1 0.01107025
vn -8.314848E-05 1 0.01173401
vn -0.0001136065 1 0.005554199
vn -2.473593E-05 1 4.297495E-05
vn -4.899502E-05 1 8.535385E-05
g PDA_geo_0
f 3/3/3 2/2/2 1/1/1
f 6/6/6 5/5/5 4/4/4
f 9/9/9 8/8/8 7/7/7
f 12/12/12 11/11/11 10/10/10
f 15/15/15 14/14/14 13/13/13
f 16/16/16 15/15/15 13/13/13
f 17/17/17 16/16/16 13/13/13
f 18/18/18 17/17/17 13/13/13
f 15/15/15 16/16/16 19/19/19
f 20/20/20 15/15/15 19/19/19
f 21/21/21 20/20/20 19/19/19
f 22/22/22 17/17/17 18/18/18
f 23/23/23 22/22/22 18/18/18
f 16/16/16 17/17/17 24/24/24
f 19/19/19 16/16/16 24/24/24
f 25/25/25 21/21/21 19/19/19
f 26/26/26 21/21/21 25/25/25
f 27/27/27 25/25/25 19/19/19
f 24/24/24 27/27/27 19/19/19
f 24/24/24 17/17/17 28/28/28
f 17/17/17 22/22/22 28/28/28
f 29/29/29 22/22/22 23/23/23
f 30/30/30 29/29/29 23/23/23
f 31/31/31 26/26/26 25/25/25
f 31/31/31 25/25/25 27/27/27
f 32/32/32 27/27/27 24/24/24
f 28/28/28 32/32/32 24/24/24
f 28/28/28 22/22/22 33/33/33
f 22/22/22 29/29/29 33/33/33
f 34/34/34 29/29/29 30/30/30
f 35/35/35 34/34/34 30/30/30
f 26/26/26 31/31/31 36/36/36
f 37/37/37 26/26/26 36/36/36
f 38/38/38 31/31/31 27/27/27
f 38/38/38 27/27/27 32/32/32
f 36/36/36 31/31/31 38/38/38
f 39/39/39 32/32/32 28/28/28
f 33/33/33 39/39/39 28/28/28
f 29/29/29 34/34/34 40/40/40
f 33/33/33 29/29/29 40/40/40
f 34/34/34 35/35/35 41/41/41
f 40/40/40 34/34/34 41/41/41
f 42/42/42 38/38/38 32/32/32
f 42/42/42 32/32/32 39/39/39
f 43/43/43 39/39/39 33/33/33
f 40/40/40 43/43/43 33/33/33
f 44/44/44 43/43/43 40/40/40
f 45/45/45 39/39/39 43/43/43
f 45/45/45 42/42/42 39/39/39
f 44/44/44 45/45/45 43/43/43
f 46/46/46 38/38/38 42/42/42
f 46/46/46 36/36/36 38/38/38
f 35/35/35 47/47/47 41/41/41
f 47/47/47 35/35/35 48/48/48
f 49/49/49 40/40/40 41/41/41
f 49/49/49 44/44/44 40/40/40
f 49/49/49 41/41/41 50/50/50
f 47/47/47 50/50/50 41/41/41
f 47/47/47 51/51/51 50/50/50
f 51/51/51 47/47/47 52/52/52
f 53/53/53 47/47/47 48/48/48
f 47/47/47 53/53/53 52/52/52
f 53/53/53 48/48/48 54/54/54
f 53/53/53 54/54/54 52/52/52
f 48/48/48 55/55/55 54/54/54
f 55/55/55 56/56/56 54/54/54
f 44/44/44 49/49/49 57/57/57
f 57/57/57 49/49/49 50/50/50
f 57/57/57 50/50/50 58/58/58
f 58/58/58 44/44/44 57/57/57
f 51/51/51 59/59/59 50/50/50
f 50/50/50 59/59/59 58/58/58
f 58/58/58 59/59/59 60/60/60
f 51/51/51 60/60/60 59/59/59
f 44/44/44 58/58/58 61/61/61
f 61/61/61 58/58/58 60/60/60
f 61/61/61 60/60/60 62/62/62
f 63/63/63 44/44/44 61/61/61
f 63/63/63 61/61/61 62/62/62
f 45/45/45 44/44/44 63/63/63
f 64/64/64 45/45/45 63/63/63
f 64/64/64 63/63/63 62/62/62
f 64/64/64 65/65/65 45/45/45
f 64/64/64 62/62/62 65/65/65
f 65/65/65 42/42/42 45/45/45
f 65/65/65 46/46/46 42/42/42
f 65/65/65 66/66/66 46/46/46
f 62/62/62 66/66/66 65/65/65
f 66/66/66 67/67/67 46/46/46
f 46/46/46 67/67/67 36/36/36
f 67/67/67 68/68/68 36/36/36
f 36/36/36 68/68/68 37/37/37
f 68/68/68 69/69/69 37/37/37
f 70/70/70 69/69/69 68/68/68
f 67/67/67 66/66/66 71/71/71
f 67/67/67 71/71/71 68/68/68
f 72/72/72 70/70/70 68/68/68
f 71/71/71 72/72/72 68/68/68
f 73/73/73 70/70/70 72/72/72
f 66/66/66 62/62/62 74/74/74
f 66/66/66 74/74/74 71/71/71
f 75/75/75 72/72/72 71/71/71
f 75/75/75 73/73/73 72/72/72
f 62/62/62 76/76/76 74/74/74
f 60/60/60 76/76/76 62/62/62
f 77/77/77 71/71/71 74/74/74
f 77/77/77 75/75/75 71/71/71
f 73/73/73 75/75/75 78/78/78
f 79/79/79 73/73/73 78/78/78
f 80/80/80 79/79/79 78/78/78
f 60/60/60 81/81/81 76/76/76
f 51/51/51 81/81/81 60/60/60
f 82/82/82 74/74/74 76/76/76
f 82/82/82 77/77/77 74/74/74
f 75/75/75 77/77/77 83/83/83
f 78/78/78 75/75/75 83/83/83
f 84/84/84 80/80/80 78/78/78
f 85/85/85 80/80/80 84/84/84
f 86/86/86 84/84/84 78/78/78
f 83/83/83 86/86/86 78/78/78
f 87/87/87 85/85/85 84/84/84
f 84/84/84 86/86/86 87/87/87
f 88/88/88 85/85/85 87/87/87
f 83/83/83 77/77/77 89/89/89
f 77/77/77 82/82/82 89/89/89
f 90/90/90 82/82/82 76/76/76
f 81/81/81 90/90/90 76/76/76
f 82/82/82 90/90/90 91/91/91
f 89/89/89 82/82/82 91/91/91
f 91/91/91 90/90/90 81/81/81
f 92/92/92 86/86/86 83/83/83
f 89/89/89 92/92/92 83/83/83
f 86/86/86 93/93/93 87/87/87
f 86/86/86 92/92/92 93/93/93
f 94/94/94 88/88/88 87/87/87
f 87/87/87 93/93/93 94/94/94
f 95/95/95 92/92/92 89/89/89
f 91/91/91 95/95/95 89/89/89
f 92/92/92 96/96/96 93/93/93
f 92/92/92 95/95/95 96/96/96
f 94/94/94 97/97/97 88/88/88
f 97/97/97 98/98/98 88/88/88
f 93/93/93 99/99/99 94/94/94
f 93/93/93 96/96/96 99/99/99
f 97/97/97 100/100/100 98/98/98
f 100/100/100 101/101/101 98/98/98
f 102/102/102 101/101/101 100/100/100
f 103/103/103 97/97/97 94/94/94
f 99/99/99 103/103/103 94/94/94
f 97/97/97 103/103/103 100/100/100
f 104/104/104 95/95/95 91/91/91
f 95/95/95 105/105/105 96/96/96
f 95/95/95 104/104/104 105/105/105
f 104/104/104 106/106/106 105/105/105
f 106/106/106 104/104/104 107/107/107
f 107/107/107 104/104/104 91/91/91
f 107/107/107 91/91/91 81/81/81
f 96/96/96 108/108/108 99/99/99
f 96/96/96 105/105/105 108/108/108
f 109/109/109 103/103/103 99/99/99
f 108/108/108 109/109/109 99/99/99
f 110/110/110 109/109/109 108/108/108
f 105/105/105 111/111/111 108/108/108
f 105/105/105 106/106/106 111/111/111
f 111/111/111 110/110/110 108/108/108
f 103/103/103 112/112/112 100/100/100
f 103/103/103 109/109/109 112/112/112
f 107/107/107 81/81/81 113/113/113
f 81/81/81 51/51/51 113/113/113
f 106/106/106 114/114/114 111/111/111
f 111/111/111 114/114/114 110/110/110
f 115/115/115 100/100/100 112/112/112
f 115/115/115 102/102/102 100/100/100
f 102/102/102 115/115/115 116/116/116
f 117/117/117 102/102/102 116/116/116
f 118/118/118 117/117/117 116/116/116
f 119/119/119 115/115/115 112/112/112
f 116/116/116 115/115/115 119/119/119
f 120/120/120 106/106/106 107/107/107
f 120/120/120 107/107/107 113/113/113
f 114/114/114 121/121/121 110/110/110
f 114/114/114 106/106/106 121/121/121
f 122/122/122 118/118/118 116/116/116
f 123/123/123 118/118/118 122/122/122
f 124/124/124 123/123/123 122/122/122
f 125/125/125 123/123/123 124/124/124
f 126/126/126 122/122/122 116/116/116
f 124/124/124 122/122/122 126/126/126
f 127/127/127 116/116/116 119/119/119
f 127/127/127 126/126/126 116/116/116
f 120/120/120 113/113/113 128/128/128
f 106/106/106 120/120/120 129/129/129
f 129/129/129 120/120/120 128/128/128
f 129/129/129 130/130/130 106/106/106
f 129/129/129 128/128/128 130/130/130
f 106/106/106 130/130/130 121/121/121
f 131/131/131 128/128/128 113/113/113
f 51/51/51 131/131/131 113/113/113
f 121/121/121 130/130/130 132/132/132
f 121/121/121 132/132/132 110/110/110
f 128/128/128 133/133/133 130/130/130
f 133/133/133 128/128/128 131/131/131
f 130/130/130 133/133/133 132/132/132
f 134/134/134 133/133/133 131/131/131
f 134/134/134 132/132/132 133/133/133
f 135/135/135 131/131/131 51/51/51
f 52/52/52 135/135/135 51/51/51
f 136/136/136 134/134/134 131/131/131
f 135/135/135 136/136/136 131/131/131
f 132/132/132 137/137/137 110/110/110
f 138/138/138 132/132/132 134/134/134
f 132/132/132 138/138/138 137/137/137
f 110/110/110 137/137/137 139/139/139
f 109/109/109 110/110/110 139/139/139
f 109/109/109 139/139/139 112/112/112
f 119/119/119 112/112/112 139/139/139
f 140/140/140 119/119/119 139/139/139
f 140/140/140 139/139/139 137/137/137
f 127/127/127 119/119/119 140/140/140
f 141/141/141 140/140/140 137/137/137
f 138/138/138 141/141/141 137/137/137
f 142/142/142 127/127/127 140/140/140
f 142/142/142 140/140/140 141/141/141
f 143/143/143 141/141/141 138/138/138
f 143/143/143 142/142/142 141/141/141
f 142/142/142 144/144/144 127/127/127
f 144/144/144 126/126/126 127/127/127
f 143/143/143 145/145/145 142/142/142
f 145/145/145 144/144/144 142/142/142
f 146/146/146 126/126/126 144/144/144
f 146/146/146 124/124/124 126/126/126
f 147/147/147 144/144/144 145/145/145
f 147/147/147 146/146/146 144/144/144
f 148/148/148 124/124/124 146/146/146
f 148/148/148 125/125/125 124/124/124
f 149/149/149 146/146/146 147/147/147
f 149/149/149 148/148/148 146/146/146
f 148/148/148 150/150/150 125/125/125
f 150/150/150 151/151/151 125/125/125
f 152/152/152 151/151/151 150/150/150
f 153/153/153 150/150/150 148/148/148
f 149/149/149 153/153/153 148/148/148
f 154/154/154 152/152/152 150/150/150
f 150/150/150 153/153/153 154/154/154
f 152/152/152 154/154/154 155/155/155
f 156/156/156 152/152/152 155/155/155
f 157/157/157 156/156/156 155/155/155
f 158/158/158 157/157/157 155/155/155
f 159/159/159 157/157/157 158/158/158
f 155/155/155 154/154/154 160/160/160
f 155/155/155 160/160/160 158/158/158
f 153/153/153 161/161/161 154/154/154
f 154/154/154 161/161/161 160/160/160
f 162/162/162 153/153/153 149/149/149
f 153/153/153 162/162/162 161/161/161
f 163/163/163 159/159/159 158/158/158
f 164/164/164 159/159/159 163/163/163
f 160/160/160 165/165/165 158/158/158
f 158/158/158 165/165/165 163/163/163
f 160/160/160 161/161/161 166/166/166
f 162/162/162 166/166/166 161/161/161
f 167/167/167 162/162/162 149/149/149
f 167/167/167 149/149/149 147/147/147
f 168/168/168 164/164/164 163/163/163
f 169/169/169 164/164/164 168/168/168
f 160/160/160 170/170/170 165/165/165
f 170/170/170 160/160/160 166/166/166
f 162/162/162 171/171/171 166/166/166
f 171/171/171 162/162/162 167/167/167
f 167/167/167 147/147/147 172/172/172
f 172/172/172 147/147/147 145/145/145
f 165/165/165 173/173/173 163/163/163
f 163/163/163 173/173/173 168/168/168
f 174/174/174 169/169/169 168/168/168
f 175/175/175 169/169/169 174/174/174
f 170/170/170 166/166/166 176/176/176
f 171/171/171 176/176/176 166/166/166
f 170/170/170 177/177/177 165/165/165
f 165/165/165 177/177/177 173/173/173
f 173/173/173 178/178/178 168/168/168
f 168/168/168 178/178/178 174/174/174
f 172/172/172 145/145/145 179/179/179
f 180/180/180 172/172/172 179/179/179
f 181/181/181 172/172/172 180/180/180
f 181/181/181 167/167/167 172/172/172
f 181/181/181 171/171/171 167/167/167
f 179/179/179 145/145/145 143/143/143
f 182/182/182 179/179/179 143/143/143
f 180/180/180 179/179/179 182/182/182
f 182/182/182 143/143/143 138/138/138
f 181/181/181 183/183/183 171/171/171
f 183/183/183 181/181/181 180/180/180
f 183/183/183 184/184/184 171/171/171
f 183/183/183 180/180/180 184/184/184
f 171/171/171 184/184/184 176/176/176
f 182/182/182 138/138/138 185/185/185
f 185/185/185 138/138/138 134/134/134
f 186/186/186 185/185/185 134/134/134
f 187/187/187 182/182/182 185/185/185
f 187/187/187 180/180/180 182/182/182
f 187/187/187 185/185/185 186/186/186
f 180/180/180 187/187/187 188/188/188
f 188/188/188 187/187/187 186/186/186
f 189/189/189 180/180/180 188/188/188
f 180/180/180 189/189/189 184/184/184
f 188/188/188 186/186/186 189/189/189
f 189/189/189 190/190/190 184/184/184
f 186/186/186 190/190/190 189/189/189
f 191/191/191 190/190/190 186/186/186
f 192/192/192 191/191/191 186/186/186
f 192/192/192 186/186/186 134/134/134
f 190/190/190 193/193/193 184/184/184
f 184/184/184 193/193/193 176/176/176
f 190/190/190 191/191/191 193/193/193
f 176/176/176 193/193/193 191/191/191
f 194/194/194 192/192/192 134/134/134
f 136/136/136 194/194/194 134/134/134
f 195/195/195 191/191/191 192/192/192
f 194/194/194 195/195/195 192/192/192
f 196/196/196 176/176/176 191/191/191
f 196/196/196 170/170/170 176/176/176
f 170/170/170 196/196/196 177/177/177
f 196/196/196 191/191/191 197/197/197
f 196/196/196 197/197/197 177/177/177
f 194/194/194 136/136/136 198/198/198
f 198/198/198 136/136/136 135/135/135
f 191/191/191 195/195/195 199/199/199
f 191/191/191 199/199/199 197/197/197
f 177/177/177 197/197/197 200/200/200
f 177/177/177 200/200/200 173/173/173
f 173/173/173 200/200/200 178/178/178
f 197/197/197 201/201/201 200/200/200
f 197/197/197 199/199/199 201/201/201
f 200/200/200 202/202/202 178/178/178
f 200/200/200 201/201/201 202/202/202
f 203/203/203 198/198/198 135/135/135
f 203/203/203 135/135/135 52/52/52
f 178/178/178 202/202/202 204/204/204
f 178/178/178 204/204/204 174/174/174
f 205/205/205 203/203/203 52/52/52
f 54/54/54 205/205/205 52/52/52
f 205/205/205 54/54/54 206/206/206
f 203/203/203 205/205/205 206/206/206
f 207/207/207 174/174/174 204/204/204
f 207/207/207 175/175/175 174/174/174
f 54/54/54 208/208/208 206/206/206
f 209/209/209 206/206/206 208/208/208
f 56/56/56 208/208/208 54/54/54
f 208/208/208 56/56/56 210/210/210
f 211/211/211 208/208/208 210/210/210
f 211/211/211 209/209/209 208/208/208
f 210/210/210 212/212/212 211/211/211
f 213/213/213 203/203/203 206/206/206
f 213/213/213 206/206/206 209/209/209
f 212/212/212 214/214/214 211/211/211
f 211/211/211 214/214/214 209/209/209
f 215/215/215 214/214/214 212/212/212
f 216/216/216 215/215/215 212/212/212
f 215/215/215 217/217/217 214/214/214
f 217/217/217 218/218/218 214/214/214
f 214/214/214 218/218/218 209/209/209
f 218/218/218 217/217/217 219/219/219
f 220/220/220 218/218/218 219/219/219
f 209/209/209 218/218/218 220/220/220
f 219/219/219 221/221/221 220/220/220
f 222/222/222 203/203/203 213/213/213
f 223/223/223 222/222/222 213/213/213
f 198/198/198 203/203/203 222/222/222
f 224/224/224 213/213/213 209/209/209
f 224/224/224 209/209/209 220/220/220
f 224/224/224 223/223/223 213/213/213
f 224/224/224 220/220/220 223/223/223
f 221/221/221 225/225/225 220/220/220
f 220/220/220 225/225/225 223/223/223
f 225/225/225 221/221/221 226/226/226
f 227/227/227 225/225/225 226/226/226
f 223/223/223 225/225/225 227/227/227
f 226/226/226 228/228/228 227/227/227
f 198/198/198 222/222/222 229/229/229
f 229/229/229 194/194/194 198/198/198
f 230/230/230 222/222/222 223/223/223
f 222/222/222 230/230/230 229/229/229
f 194/194/194 229/229/229 231/231/231
f 195/195/195 194/194/194 231/231/231
f 229/229/229 232/232/232 231/231/231
f 230/230/230 232/232/232 229/229/229
f 233/233/233 232/232/232 230/230/230
f 234/234/234 230/230/230 223/223/223
f 234/234/234 223/223/223 227/227/227
f 234/234/234 233/233/233 230/230/230
f 234/234/234 227/227/227 233/233/233
f 228/228/228 235/235/235 227/227/227
f 227/227/227 235/235/235 233/233/233
f 235/235/235 228/228/228 236/236/236
f 237/237/237 235/235/235 236/236/236
f 233/233/233 235/235/235 237/237/237
f 236/236/236 238/238/238 237/237/237
f 231/231/231 239/239/239 195/195/195
f 231/231/231 232/232/232 239/239/239
f 232/232/232 233/233/233 240/240/240
f 232/232/232 240/240/240 239/239/239
f 233/233/233 241/241/241 240/240/240
f 241/241/241 233/233/233 237/237/237
f 238/238/238 242/242/242 237/237/237
f 238/238/238 243/243/243 242/242/242
f 240/240/240 241/241/241 244/244/244
f 240/240/240 244/244/244 239/239/239
f 241/241/241 237/237/237 245/245/245
f 237/237/237 242/242/242 245/245/245
f 241/241/241 245/245/245 244/244/244
f 239/239/239 246/246/246 195/195/195
f 195/195/195 246/246/246 199/199/199
f 242/242/242 247/247/247 245/245/245
f 243/243/243 247/247/247 242/242/242
f 239/239/239 244/244/244 248/248/248
f 239/239/239 248/248/248 246/246/246
f 244/244/244 249/249/249 248/248/248
f 245/245/245 250/250/250 244/244/244
f 250/250/250 245/245/245 247/247/247
f 249/249/249 244/244/244 250/250/250
f 199/199/199 246/246/246 251/251/251
f 199/199/199 251/251/251 201/201/201
f 248/248/248 252/252/252 246/246/246
f 246/246/246 252/252/252 251/251/251
f 201/201/201 251/251/251 253/253/253
f 201/201/201 253/253/253 202/202/202
f 252/252/252 248/248/248 254/254/254
f 254/254/254 248/248/248 249/249/249
f 252/252/252 255/255/255 251/251/251
f 255/255/255 253/253/253 251/251/251
f 255/255/255 252/252/252 254/254/254
f 253/253/253 256/256/256 202/202/202
f 256/256/256 253/253/253 255/255/255
f 255/255/255 254/254/254 257/257/257
f 256/256/256 255/255/255 257/257/257
f 256/256/256 258/258/258 202/202/202
f 202/202/202 258/258/258 204/204/204
f 258/258/258 256/256/256 259/259/259
f 256/256/256 257/257/257 259/259/259
f 204/204/204 258/258/258 260/260/260
f 258/258/258 259/259/259 260/260/260
f 260/260/260 207/207/207 204/204/204
f 257/257/257 254/254/254 261/261/261
f 249/249/249 261/261/261 254/254/254
f 259/259/259 257/257/257 262/262/262
f 257/257/257 261/261/261 262/262/262
f 260/260/260 259/259/259 263/263/263
f 259/259/259 262/262/262 263/263/263
f 207/207/207 260/260/260 264/264/264
f 260/260/260 263/263/263 264/264/264
f 265/265/265 207/207/207 264/264/264
f 175/175/175 207/207/207 265/265/265
f 266/266/266 175/175/175 265/265/265
f 265/265/265 267/267/267 266/266/266
f 267/267/267 268/268/268 266/266/266
f 264/264/264 269/269/269 265/265/265
f 269/269/269 267/267/267 265/265/265
f 267/267/267 270/270/270 268/268/268
f 270/270/270 271/271/271 268/268/268
f 272/272/272 269/269/269 264/264/264
f 264/264/264 263/263/263 272/272/272
f 269/269/269 273/273/273 267/267/267
f 273/273/273 270/270/270 267/267/267
f 272/272/272 273/273/273 269/269/269
f 270/270/270 274/274/274 271/271/271
f 274/274/274 270/270/270 273/273/273
f 274/274/274 275/275/275 271/271/271
f 273/273/273 272/272/272 276/276/276
f 276/276/276 274/274/274 273/273/273
f 274/274/274 277/277/277 275/275/275
f 277/277/277 278/278/278 275/275/275
f 276/276/276 279/279/279 274/274/274
f 279/279/279 277/277/277 274/274/274
f 277/277/277 280/280/280 278/278/278
f 280/280/280 277/277/277 279/279/279
f 280/280/280 281/281/281 278/278/278
f 272/272/272 282/282/282 276/276/276
f 282/282/282 279/279/279 276/276/276
f 281/281/281 280/280/280 283/283/283
f 284/284/284 281/281/281 283/283/283
f 285/285/285 280/280/280 279/279/279
f 279/279/279 282/282/282 285/285/285
f 283/283/283 280/280/280 285/285/285
f 284/284/284 283/283/283 286/286/286
f 287/287/287 284/284/284 286/286/286
f 288/288/288 283/283/283 285/285/285
f 286/286/286 283/283/283 288/288/288
f 285/285/285 289/289/289 288/288/288
f 282/282/282 289/289/289 285/285/285
f 282/282/282 272/272/272 290/290/290
f 263/263/263 290/290/290 272/272/272
f 291/291/291 282/282/282 290/290/290
f 289/289/289 282/282/282 291/291/291
f 292/292/292 290/290/290 263/263/263
f 290/290/290 292/292/292 291/291/291
f 263/263/263 262/262/262 292/292/292
f 262/262/262 293/293/293 292/292/292
f 262/262/262 261/261/261 293/293/293
f 292/292/292 294/294/294 291/291/291
f 292/292/292 293/293/293 294/294/294
f 261/261/261 295/295/295 293/293/293
f 261/261/261 249/249/249 295/295/295
f 296/296/296 293/293/293 295/295/295
f 293/293/293 296/296/296 294/294/294
f 291/291/291 294/294/294 297/297/297
f 297/297/297 289/289/289 291/291/291
f 295/295/295 249/249/249 298/298/298
f 298/298/298 296/296/296 295/295/295
f 294/294/294 296/296/296 299/299/299
f 294/294/294 299/299/299 297/297/297
f 298/298/298 249/249/249 300/300/300
f 249/249/249 250/250/250 300/300/300
f 296/296/296 298/298/298 301/301/301
f 296/296/296 301/301/301 299/299/299
f 298/298/298 300/300/300 301/301/301
f 289/289/289 297/297/297 302/302/302
f 297/297/297 299/299/299 303/303/303
f 297/297/297 303/303/303 302/302/302
f 299/299/299 301/301/301 304/304/304
f 299/299/299 304/304/304 303/303/303
f 301/301/301 300/300/300 305/305/305
f 301/301/301 305/305/305 304/304/304
f 250/250/250 306/306/306 300/300/300
f 300/300/300 306/306/306 305/305/305
f 306/306/306 250/250/250 307/307/307
f 307/307/307 250/250/250 247/247/247
f 305/305/305 306/306/306 308/308/308
f 306/306/306 307/307/307 308/308/308
f 309/309/309 304/304/304 305/305/305
f 308/308/308 309/309/309 305/305/305
f 303/303/303 304/304/304 310/310/310
f 304/304/304 309/309/309 310/310/310
f 289/289/289 302/302/302 311/311/311
f 288/288/288 289/289/289 311/311/311
f 311/311/311 286/286/286 288/288/288
f 286/286/286 311/311/311 312/312/312
f 302/302/302 312/312/312 311/311/311
f 302/302/302 303/303/303 313/313/313
f 303/303/303 310/310/310 313/313/313
f 314/314/314 286/286/286 312/312/312
f 287/287/287 286/286/286 314/314/314
f 315/315/315 287/287/287 314/314/314
f 314/314/314 316/316/316 315/315/315
f 316/316/316 314/314/314 312/312/312
f 316/316/316 317/317/317 315/315/315
f 318/318/318 317/317/317 316/316/316
f 312/312/312 302/302/302 319/319/319
f 319/319/319 316/316/316 312/312/312
f 302/302/302 313/313/313 319/319/319
f 320/320/320 318/318/318 316/316/316
f 320/320/320 316/316/316 319/319/319
f 321/321/321 318/318/318 320/320/320
f 322/322/322 320/320/320 319/319/319
f 313/313/313 322/322/322 319/319/319
f 323/323/323 321/321/321 320/320/320
f 323/323/323 320/320/320 322/322/322
f 324/324/324 321/321/321 323/323/323
f 322/322/322 313/313/313 325/325/325
f 325/325/325 323/323/323 322/322/322
f 326/326/326 324/324/324 323/323/323
f 327/327/327 324/324/324 326/326/326
f 313/313/313 328/328/328 325/325/325
f 328/328/328 313/313/313 310/310/310
f 325/325/325 329/329/329 323/323/323
f 329/329/329 326/326/326 323/323/323
f 328/328/328 329/329/329 325/325/325
f 330/330/330 327/327/327 326/326/326
f 330/330/330 326/326/326 329/329/329
f 331/331/331 327/327/327 330/330/330
f 332/332/332 330/330/330 329/329/329
f 329/329/329 328/328/328 332/332/332
f 328/328/328 333/333/333 332/332/332
f 334/334/334 328/328/328 310/310/310
f 333/333/333 328/328/328 334/334/334
f 334/334/334 310/310/310 309/309/309
f 335/335/335 331/331/331 330/330/330
f 335/335/335 330/330/330 332/332/332
f 336/336/336 331/331/331 335/335/335
f 337/337/337 334/334/334 309/309/309
f 337/337/337 309/309/309 308/308/308
f 338/338/338 333/333/333 334/334/334
f 334/334/334 337/337/337 338/338/338
f 339/339/339 337/337/337 308/308/308
f 339/339/339 308/308/308 307/307/307
f 332/332/332 333/333/333 340/340/340
f 340/340/340 335/335/335 332/332/332
f 341/341/341 336/336/336 335/335/335
f 336/336/336 341/341/341 342/342/342
f 340/340/340 343/343/343 335/335/335
f 340/340/340 333/333/333 343/343/343
f 343/343/343 341/341/341 335/335/335
f 341/341/341 344/344/344 342/342/342
f 345/345/345 342/342/342 344/344/344
f 346/346/346 345/345/345 344/344/344
f 344/344/344 341/341/341 347/347/347
f 344/344/344 347/347/347 346/346/346
f 341/341/341 343/343/343 347/347/347
f 347/347/347 348/348/348 346/346/346
f 343/343/343 349/349/349 347/347/347
f 348/348/348 347/347/347 349/349/349
f 333/333/333 349/349/349 343/343/343
f 350/350/350 348/348/348 349/349/349
f 351/351/351 349/349/349 333/333/333
f 349/349/349 351/351/351 350/350/350
f 351/351/351 352/352/352 350/350/350
f 338/338/338 351/351/351 333/333/333
f 352/352/352 351/351/351 353/353/353
f 354/354/354 351/351/351 338/338/338
f 351/351/351 354/354/354 353/353/353
f 355/355/355 354/354/354 338/338/338
f 337/337/337 355/355/355 338/338/338
f 355/355/355 337/337/337 339/339/339
f 354/354/354 356/356/356 353/353/353
f 356/356/356 357/357/357 353/353/353
f 354/354/354 355/355/355 358/358/358
f 358/358/358 355/355/355 339/339/339
f 356/356/356 354/354/354 358/358/358
f 356/356/356 359/359/359 357/357/357
f 356/356/356 358/358/358 359/359/359
f 359/359/359 360/360/360 357/357/357
f 360/360/360 359/359/359 243/243/243
f 361/361/361 243/243/243 359/359/359
f 358/358/358 361/361/361 359/359/359
f 247/247/247 243/243/243 361/361/361
f 358/358/358 339/339/339 362/362/362
f 361/361/361 358/358/358 362/362/362
f 362/362/362 247/247/247 361/361/361
f 362/362/362 339/339/339 307/307/307
f 362/362/362 307/307/307 247/247/247
f 365/365/365 364/364/364 363/363/363
f 364/364/364 366/366/366 363/363/363
f 363/363/363 366/366/366 367/367/367
f 364/364/364 368/368/368 366/366/366
f 366/366/366 369/369/369 367/367/367
f 367/367/367 369/369/369 370/370/370
f 368/368/368 371/371/371 366/366/366
f 366/366/366 371/371/371 369/369/369
f 371/371/371 368/368/368 372/372/372
f 373/373/373 371/371/371 372/372/372
f 374/374/374 371/371/371 373/373/373
f 371/371/371 374/374/374 369/369/369
f 375/375/375 374/374/374 373/373/373
f 376/376/376 374/374/374 375/375/375
f 369/369/369 374/374/374 376/376/376
f 377/377/377 376/376/376 375/375/375
f 369/369/369 378/378/378 370/370/370
f 378/378/378 369/369/369 376/376/376
f 370/370/370 378/378/378 379/379/379
f 378/378/378 380/380/380 379/379/379
f 378/378/378 376/376/376 380/380/380
f 379/379/379 380/380/380 381/381/381
f 382/382/382 376/376/376 377/377/377
f 376/376/376 382/382/382 380/380/380
f 383/383/383 382/382/382 377/377/377
f 384/384/384 382/382/382 383/383/383
f 380/380/380 382/382/382 384/384/384
f 385/385/385 384/384/384 383/383/383
f 380/380/380 386/386/386 381/381/381
f 386/386/386 380/380/380 384/384/384
f 381/381/381 386/386/386 387/387/387
f 386/386/386 388/388/388 387/387/387
f 386/386/386 384/384/384 388/388/388
f 387/387/387 388/388/388 389/389/389
f 390/390/390 384/384/384 385/385/385
f 384/384/384 390/390/390 388/388/388
f 391/391/391 390/390/390 385/385/385
f 388/388/388 392/392/392 389/389/389
f 392/392/392 388/388/388 390/390/390
f 389/389/389 392/392/392 393/393/393
f 394/394/394 390/390/390 391/391/391
f 394/394/394 392/392/392 390/390/390
f 395/395/395 394/394/394 391/391/391
f 392/392/392 396/396/396 393/393/393
f 396/396/396 392/392/392 394/394/394
f 393/393/393 396/396/396 397/397/397
f 398/398/398 394/394/394 395/395/395
f 398/398/398 396/396/396 394/394/394
f 399/399/399 398/398/398 395/395/395
f 396/396/396 400/400/400 397/397/397
f 400/400/400 396/396/396 398/398/398
f 397/397/397 400/400/400 401/401/401
f 402/402/402 398/398/398 399/399/399
f 402/402/402 400/400/400 398/398/398
f 403/403/403 402/402/402 399/399/399
f 400/400/400 404/404/404 401/401/401
f 400/400/400 402/402/402 404/404/404
f 401/401/401 404/404/404 405/405/405
f 406/406/406 402/402/402 403/403/403
f 402/402/402 406/406/406 404/404/404
f 407/407/407 406/406/406 403/403/403
f 404/404/404 408/408/408 405/405/405
f 404/404/404 406/406/406 408/408/408
f 405/405/405 408/408/408 409/409/409
f 410/410/410 406/406/406 407/407/407
f 410/410/410 408/408/408 406/406/406
f 411/411/411 410/410/410 407/407/407
f 408/408/408 412/412/412 409/409/409
f 408/408/408 410/410/410 412/412/412
f 409/409/409 412/412/412 413/413/413
f 414/414/414 410/410/410 411/411/411
f 410/410/410 414/414/414 412/412/412
f 415/415/415 414/414/414 411/411/411
f 412/412/412 416/416/416 413/413/413
f 412/412/412 414/414/414 416/416/416
f 413/413/413 416/416/416 417/417/417
f 416/416/416 418/418/418 417/417/417
f 414/414/414 418/418/418 416/416/416
f 417/417/417 418/418/418 419/419/419
f 420/420/420 414/414/414 415/415/415
f 420/420/420 418/418/418 414/414/414
f 421/421/421 420/420/420 415/415/415
f 418/418/418 422/422/422 419/419/419
f 422/422/422 418/418/418 420/420/420
f 419/419/419 422/422/422 423/423/423
f 424/424/424 420/420/420 421/421/421
f 424/424/424 422/422/422 420/420/420
f 425/425/425 424/424/424 421/421/421
f 422/422/422 426/426/426 423/423/423
f 424/424/424 426/426/426 422/422/422
f 423/423/423 426/426/426 427/427/427
f 426/426/426 428/428/428 427/427/427
f 428/428/428 426/426/426 429/429/429
f 424/424/424 425/425/425 430/430/430
f 430/430/430 426/426/426 424/424/424
f 426/426/426 430/430/430 429/429/429
f 431/431/431 430/430/430 425/425/425
f 429/429/429 430/430/430 431/431/431
f 434/434/434 433/433/433 432/432/432
f 433/433/433 435/435/435 432/432/432
f 432/432/432 435/435/435 436/436/436
f 435/435/435 437/437/437 436/436/436
f 436/436/436 437/437/437 438/438/438
f 437/437/437 439/439/439 438/438/438
f 438/438/438 439/439/439 440/440/440
f 440/440/440 439/439/439 441/441/441
f 442/442/442 438/438/438 440/440/440
f 443/443/443 440/440/440 441/441/441
f 440/440/440 444/444/444 442/442/442
f 444/444/444 440/440/440 443/443/443
f 445/445/445 444/444/444 443/443/443
f 444/444/444 446/446/446 442/442/442
f 444/444/444 447/447/447 446/446/446
f 447/447/447 448/448/448 446/446/446
f 449/449/449 448/448/448 447/447/447
f 450/450/450 449/449/449 447/447/447
f 450/450/450 447/447/447 451/451/451
f 449/449/449 450/450/450 452/452/452
f 453/453/453 450/450/450 451/451/451
f 450/450/450 454/454/454 452/452/452
f 454/454/454 450/450/450 453/453/453
f 452/452/452 454/454/454 455/455/455
f 456/456/456 454/454/454 453/453/453
f 459/459/459 458/458/458 457/457/457
f 458/458/458 460/460/460 457/457/457
f 461/461/461 460/460/460 458/458/458
f 458/458/458 462/462/462 461/461/461
f 462/462/462 463/463/463 461/461/461
f 463/463/463 462/462/462 464/464/464
f 465/465/465 463/463/463 464/464/464
f 464/464/464 466/466/466 465/465/465
f 466/466/466 464/464/464 467/467/467
f 466/466/466 468/468/468 465/465/465
f 469/469/469 466/466/466 467/467/467
f 468/468/468 466/466/466 470/470/470
f 470/470/470 466/466/466 469/469/469
f 471/471/471 468/468/468 470/470/470
f 472/472/472 471/471/471 470/470/470
f 473/473/473 470/470/470 469/469/469
f 474/474/474 472/472/472 470/470/470
f 474/474/474 470/470/470 473/473/473
f 475/475/475 474/474/474 473/473/473
f 478/478/478 477/477/477 476/476/476
f 477/477/477 479/479/479 476/476/476
f 476/476/476 479/479/479 480/480/480
f 479/479/479 481/481/481 480/480/480
f 480/480/480 481/481/481 482/482/482
f 481/481/481 483/483/483 482/482/482
f 482/482/482 483/483/483 484/484/484
f 483/483/483 485/485/485 484/484/484
f 484/484/484 485/485/485 486/486/486
f 485/485/485 487/487/487 486/486/486
f 486/486/486 487/487/487 488/488/488
f 487/487/487 489/489/489 488/488/488
f 488/488/488 489/489/489 490/490/490
f 489/489/489 491/491/491 490/490/490
f 490/490/490 491/491/491 492/492/492
f 491/491/491 493/493/493 492/492/492
f 492/492/492 493/493/493 494/494/494
f 493/493/493 495/495/495 494/494/494
f 494/494/494 495/495/495 496/496/496
f 495/495/495 497/497/497 496/496/496
f 496/496/496 497/497/497 498/498/498
f 497/497/497 499/499/499 498/498/498
f 498/498/498 499/499/499 500/500/500
f 498/498/498 500/500/500 501/501/501
f 499/499/499 502/502/502 500/500/500
f 501/501/501 500/500/500 503/503/503
f 500/500/500 502/502/502 503/503/503
f 504/504/504 501/501/501 503/503/503
f 504/504/504 503/503/503 505/505/505
f 503/503/503 502/502/502 506/506/506
f 503/503/503 506/506/506 505/505/505
f 507/507/507 506/506/506 502/502/502
f 505/505/505 506/506/506 507/507/507
f 508/508/508 505/505/505 507/507/507
f 511/511/511 510/510/510 509/509/509
f 510/510/510 512/512/512 509/509/509
f 512/512/512 513/513/513 509/509/509
f 513/513/513 514/514/514 509/509/509
f 512/512/512 510/510/510 515/515/515
f 510/510/510 516/516/516 515/515/515
f 516/516/516 517/517/517 515/515/515
f 513/513/513 518/518/518 514/514/514
f 518/518/518 519/519/519 514/514/514
f 513/513/513 512/512/512 520/520/520
f 512/512/512 515/515/515 520/520/520
f 517/517/517 521/521/521 515/515/515
f 517/517/517 522/522/522 521/521/521
f 521/521/521 523/523/523 515/515/515
f 523/523/523 520/520/520 515/515/515
f 513/513/513 520/520/520 524/524/524
f 518/518/518 513/513/513 524/524/524
f 518/518/518 525/525/525 519/519/519
f 525/525/525 526/526/526 519/519/519
f 522/522/522 527/527/527 521/521/521
f 521/521/521 527/527/527 523/523/523
f 523/523/523 528/528/528 520/520/520
f 528/528/528 524/524/524 520/520/520
f 518/518/518 524/524/524 529/529/529
f 525/525/525 518/518/518 529/529/529
f 525/525/525 530/530/530 526/526/526
f 530/530/530 531/531/531 526/526/526
f 527/527/527 522/522/522 532/532/532
f 522/522/522 533/533/533 532/532/532
f 527/527/527 534/534/534 523/523/523
f 523/523/523 534/534/534 528/528/528
f 527/527/527 532/532/532 534/534/534
f 528/528/528 535/535/535 524/524/524
f 535/535/535 529/529/529 524/524/524
f 525/525/525 529/529/529 536/536/536
f 530/530/530 525/525/525 536/536/536
f 531/531/531 530/530/530 537/537/537
f 530/530/530 536/536/536 537/537/537
f 534/534/534 538/538/538 528/528/528
f 528/528/528 538/538/538 535/535/535
f 535/535/535 539/539/539 529/529/529
f 539/539/539 536/536/536 529/529/529
f 539/539/539 540/540/540 536/536/536
f 535/535/535 541/541/541 539/539/539
f 538/538/538 541/541/541 535/535/535
f 541/541/541 540/540/540 539/539/539
f 534/534/534 542/542/542 538/538/538
f 532/532/532 542/542/542 534/534/534
f 543/543/543 531/531/531 537/537/537
f 531/531/531 543/543/543 544/544/544
f 536/536/536 545/545/545 537/537/537
f 540/540/540 545/545/545 536/536/536
f 537/537/537 545/545/545 546/546/546
f 546/546/546 543/543/543 537/537/537
f 547/547/547 543/543/543 546/546/546
f 543/543/543 547/547/547 548/548/548
f 543/543/543 549/549/549 544/544/544
f 549/549/549 543/543/543 548/548/548
f 544/544/544 549/549/549 550/550/550
f 550/550/550 549/549/549 548/548/548
f 551/551/551 544/544/544 550/550/550
f 552/552/552 551/551/551 550/550/550
f 545/545/545 540/540/540 553/553/553
f 545/545/545 553/553/553 546/546/546
f 546/546/546 553/553/553 554/554/554
f 540/540/540 554/554/554 553/553/553
f 555/555/555 547/547/547 546/546/546
f 555/555/555 546/546/546 554/554/554
f 555/555/555 554/554/554 556/556/556
f 556/556/556 547/547/547 555/555/555
f 554/554/554 540/540/540 557/557/557
f 554/554/554 557/557/557 556/556/556
f 556/556/556 557/557/557 558/558/558
f 540/540/540 559/559/559 557/557/557
f 557/557/557 559/559/559 558/558/558
f 540/540/540 541/541/541 559/559/559
f 541/541/541 560/560/560 559/559/559
f 559/559/559 560/560/560 558/558/558
f 561/561/561 560/560/560 541/541/541
f 558/558/558 560/560/560 561/561/561
f 538/538/538 561/561/561 541/541/541
f 542/542/542 561/561/561 538/538/538
f 562/562/562 561/561/561 542/542/542
f 562/562/562 558/558/558 561/561/561
f 563/563/563 562/562/562 542/542/542
f 563/563/563 542/542/542 532/532/532
f 564/564/564 563/563/563 532/532/532
f 564/564/564 532/532/532 533/533/533
f 565/565/565 564/564/564 533/533/533
f 565/565/565 566/566/566 564/564/564
f 562/562/562 563/563/563 567/567/567
f 567/567/567 563/563/563 564/564/564
f 566/566/566 568/568/568 564/564/564
f 568/568/568 567/567/567 564/564/564
f 566/566/566 569/569/569 568/568/568
f 558/558/558 562/562/562 570/570/570
f 570/570/570 562/562/562 567/567/567
f 568/568/568 571/571/571 567/567/567
f 569/569/569 571/571/571 568/568/568
f 572/572/572 558/558/558 570/570/570
f 572/572/572 556/556/556 558/558/558
f 567/567/567 573/573/573 570/570/570
f 571/571/571 573/573/573 567/567/567
f 571/571/571 569/569/569 574/574/574
f 569/569/569 575/575/575 574/574/574
f 575/575/575 576/576/576 574/574/574
f 577/577/577 556/556/556 572/572/572
f 577/577/577 547/547/547 556/556/556
f 570/570/570 578/578/578 572/572/572
f 573/573/573 578/578/578 570/570/570
f 573/573/573 571/571/571 579/579/579
f 571/571/571 574/574/574 579/579/579
f 576/576/576 580/580/580 574/574/574
f 576/576/576 581/581/581 580/580/580
f 580/580/580 582/582/582 574/574/574
f 582/582/582 579/579/579 574/574/574
f 581/581/581 583/583/583 580/580/580
f 582/582/582 580/580/580 583/583/583
f 581/581/581 584/584/584 583/583/583
f 573/573/573 579/579/579 585/585/585
f 578/578/578 573/573/573 585/585/585
f 578/578/578 586/586/586 572/572/572
f 586/586/586 577/577/577 572/572/572
f 586/586/586 578/578/578 587/587/587
f 578/578/578 585/585/585 587/587/587
f 586/586/586 587/587/587 577/577/577
f 582/582/582 588/588/588 579/579/579
f 588/588/588 585/585/585 579/579/579
f 589/589/589 582/582/582 583/583/583
f 588/588/588 582/582/582 589/589/589
f 584/584/584 590/590/590 583/583/583
f 589/589/589 583/583/583 590/590/590
f 588/588/588 591/591/591 585/585/585
f 591/591/591 587/587/587 585/585/585
f 592/592/592 588/588/588 589/589/589
f 591/591/591 588/588/588 592/592/592
f 593/593/593 590/590/590 584/584/584
f 594/594/594 593/593/593 584/584/584
f 595/595/595 589/589/589 590/590/590
f 592/592/592 589/589/589 595/595/595
f 593/593/593 596/596/596 590/590/590
f 596/596/596 595/595/595 590/590/590
f 597/597/597 593/593/593 594/594/594
f 596/596/596 593/593/593 597/597/597
f 598/598/598 597/597/597 594/594/594
f 598/598/598 599/599/599 597/597/597
f 591/591/591 600/600/600 587/587/587
f 601/601/601 591/591/591 592/592/592
f 600/600/600 591/591/591 601/601/601
f 602/602/602 600/600/600 601/601/601
f 600/600/600 602/602/602 603/603/603
f 600/600/600 603/603/603 587/587/587
f 587/587/587 603/603/603 577/577/577
f 604/604/604 592/592/592 595/595/595
f 601/601/601 592/592/592 604/604/604
f 596/596/596 605/605/605 595/595/595
f 605/605/605 604/604/604 595/595/595
f 605/605/605 606/606/606 604/604/604
f 607/607/607 601/601/601 604/604/604
f 602/602/602 601/601/601 607/607/607
f 606/606/606 607/607/607 604/604/604
f 577/577/577 603/603/603 608/608/608
f 547/547/547 577/577/577 608/608/608
f 605/605/605 596/596/596 609/609/609
f 609/609/609 596/596/596 597/597/597
f 610/610/610 602/602/602 607/607/607
f 610/610/610 607/607/607 606/606/606
f 602/602/602 611/611/611 603/603/603
f 603/603/603 611/611/611 608/608/608
f 606/606/606 605/605/605 612/612/612
f 612/612/612 605/605/605 609/609/609
f 597/597/597 613/613/613 609/609/609
f 599/599/599 613/613/613 597/597/597
f 613/613/613 599/599/599 614/614/614
f 599/599/599 615/615/615 614/614/614
f 615/615/615 616/616/616 614/614/614
f 613/613/613 617/617/617 609/609/609
f 609/609/609 617/617/617 612/612/612
f 613/613/613 614/614/614 617/617/617
f 602/602/602 610/610/610 618/618/618
f 618/618/618 610/610/610 606/606/606
f 616/616/616 619/619/619 614/614/614
f 616/616/616 620/620/620 619/619/619
f 620/620/620 621/621/621 619/619/619
f 620/620/620 622/622/622 621/621/621
f 619/619/619 623/623/623 614/614/614
f 619/619/619 621/621/621 623/623/623
f 614/614/614 624/624/624 617/617/617
f 623/623/623 624/624/624 614/614/614
f 617/617/617 625/625/625 612/612/612
f 617/617/617 624/624/624 625/625/625
f 626/626/626 606/606/606 612/612/612
f 612/612/612 625/625/625 626/626/626
f 627/627/627 618/618/618 606/606/606
f 626/626/626 627/627/627 606/606/606
f 628/628/628 618/618/618 627/627/627
f 628/628/628 602/602/602 618/618/618
f 628/628/628 629/629/629 602/602/602
f 611/611/611 602/602/602 629/629/629
f 611/611/611 629/629/629 630/630/630
f 630/630/630 629/629/629 628/628/628
f 608/608/608 611/611/611 630/630/630
f 631/631/631 630/630/630 628/628/628
f 631/631/631 628/628/628 627/627/627
f 627/627/627 632/632/632 631/631/631
f 631/631/631 632/632/632 633/633/633
f 630/630/630 631/631/631 633/633/633
f 630/630/630 633/633/633 608/608/608
f 633/633/633 547/547/547 608/608/608
f 634/634/634 627/627/627 626/626/626
f 627/627/627 634/634/634 632/632/632
f 633/633/633 635/635/635 547/547/547
f 635/635/635 548/548/548 547/547/547
f 636/636/636 634/634/634 626/626/626
f 625/625/625 636/636/636 626/626/626
f 625/625/625 637/637/637 636/636/636
f 624/624/624 637/637/637 625/625/625
f 632/632/632 638/638/638 633/633/633
f 638/638/638 635/635/635 633/633/633
f 636/636/636 639/639/639 634/634/634
f 637/637/637 639/639/639 636/636/636
f 640/640/640 637/637/637 624/624/624
f 623/623/623 640/640/640 624/624/624
f 641/641/641 639/639/639 637/637/637
f 640/640/640 641/641/641 637/637/637
f 623/623/623 642/642/642 640/640/640
f 621/621/621 642/642/642 623/623/623
f 640/640/640 643/643/643 641/641/641
f 642/642/642 643/643/643 640/640/640
f 621/621/621 644/644/644 642/642/642
f 622/622/622 644/644/644 621/621/621
f 642/642/642 645/645/645 643/643/643
f 644/644/644 645/645/645 642/642/642
f 646/646/646 644/644/644 622/622/622
f 647/647/647 646/646/646 622/622/622
f 647/647/647 648/648/648 646/646/646
f 646/646/646 649/649/649 644/644/644
f 649/649/649 645/645/645 644/644/644
f 648/648/648 650/650/650 646/646/646
f 649/649/649 646/646/646 650/650/650
f 650/650/650 648/648/648 651/651/651
f 648/648/648 652/652/652 651/651/651
f 652/652/652 653/653/653 651/651/651
f 653/653/653 654/654/654 651/651/651
f 653/653/653 655/655/655 654/654/654
f 650/650/650 651/651/651 656/656/656
f 656/656/656 651/651/651 654/654/654
f 657/657/657 649/649/649 650/650/650
f 657/657/657 650/650/650 656/656/656
f 649/649/649 658/658/658 645/645/645
f 658/658/658 649/649/649 657/657/657
f 655/655/655 659/659/659 654/654/654
f 655/655/655 660/660/660 659/659/659
f 661/661/661 656/656/656 654/654/654
f 661/661/661 654/654/654 659/659/659
f 657/657/657 656/656/656 662/662/662
f 662/662/662 658/658/658 657/657/657
f 658/658/658 663/663/663 645/645/645
f 645/645/645 663/663/663 643/643/643
f 660/660/660 664/664/664 659/659/659
f 660/660/660 665/665/665 664/664/664
f 666/666/666 656/656/656 661/661/661
f 656/656/656 666/666/666 662/662/662
f 667/667/667 658/658/658 662/662/662
f 658/658/658 667/667/667 663/663/663
f 643/643/643 663/663/663 668/668/668
f 643/643/643 668/668/668 641/641/641
f 669/669/669 661/661/661 659/659/659
f 669/669/669 659/659/659 664/664/664
f 665/665/665 670/670/670 664/664/664
f 665/665/665 671/671/671 670/670/670
f 662/662/662 666/666/666 672/672/672
f 672/672/672 667/667/667 662/662/662
f 673/673/673 666/666/666 661/661/661
f 673/673/673 661/661/661 669/669/669
f 674/674/674 669/669/669 664/664/664
f 674/674/674 664/664/664 670/670/670
f 641/641/641 668/668/668 675/675/675
f 668/668/668 676/676/676 675/675/675
f 668/668/668 677/677/677 676/676/676
f 663/663/663 677/677/677 668/668/668
f 667/667/667 677/677/677 663/663/663
f 641/641/641 675/675/675 639/639/639
f 675/675/675 678/678/678 639/639/639
f 675/675/675 676/676/676 678/678/678
f 639/639/639 678/678/678 634/634/634
f 679/679/679 677/677/677 667/667/667
f 677/677/677 679/679/679 676/676/676
f 680/680/680 679/679/679 667/667/667
f 676/676/676 679/679/679 680/680/680
f 680/680/680 667/667/667 672/672/672
f 634/634/634 678/678/678 681/681/681
f 634/634/634 681/681/681 632/632/632
f 681/681/681 682/682/682 632/632/632
f 678/678/678 683/683/683 681/681/681
f 676/676/676 683/683/683 678/678/678
f 681/681/681 683/683/683 682/682/682
f 683/683/683 676/676/676 684/684/684
f 683/683/683 684/684/684 682/682/682
f 676/676/676 685/685/685 684/684/684
f 685/685/685 676/676/676 680/680/680
f 682/682/682 684/684/684 685/685/685
f 686/686/686 685/685/685 680/680/680
f 686/686/686 682/682/682 685/685/685
f 686/686/686 687/687/687 682/682/682
f 687/687/687 688/688/688 682/682/682
f 682/682/682 688/688/688 632/632/632
f 689/689/689 686/686/686 680/680/680
f 689/689/689 680/680/680 672/672/672
f 687/687/687 686/686/686 689/689/689
f 689/689/689 672/672/672 687/687/687
f 688/688/688 690/690/690 632/632/632
f 690/690/690 638/638/638 632/632/632
f 687/687/687 691/691/691 688/688/688
f 691/691/691 690/690/690 688/688/688
f 672/672/672 692/692/692 687/687/687
f 666/666/666 692/692/692 672/672/672
f 692/692/692 666/666/666 673/673/673
f 687/687/687 692/692/692 693/693/693
f 693/693/693 692/692/692 673/673/673
f 638/638/638 690/690/690 694/694/694
f 638/638/638 694/694/694 635/635/635
f 691/691/691 687/687/687 695/695/695
f 695/695/695 687/687/687 693/693/693
f 693/693/693 673/673/673 696/696/696
f 696/696/696 673/673/673 669/669/669
f 696/696/696 669/669/669 674/674/674
f 697/697/697 693/693/693 696/696/696
f 695/695/695 693/693/693 697/697/697
f 698/698/698 696/696/696 674/674/674
f 697/697/697 696/696/696 698/698/698
f 694/694/694 699/699/699 635/635/635
f 635/635/635 699/699/699 548/548/548
f 698/698/698 674/674/674 700/700/700
f 700/700/700 674/674/674 670/670/670
f 699/699/699 701/701/701 548/548/548
f 701/701/701 550/550/550 548/548/548
f 550/550/550 701/701/701 702/702/702
f 701/701/701 699/699/699 702/702/702
f 670/670/670 703/703/703 700/700/700
f 671/671/671 703/703/703 670/670/670
f 704/704/704 550/550/550 702/702/702
f 702/702/702 705/705/705 704/704/704
f 704/704/704 552/552/552 550/550/550
f 552/552/552 704/704/704 706/706/706
f 704/704/704 707/707/707 706/706/706
f 705/705/705 707/707/707 704/704/704
f 708/708/708 706/706/706 707/707/707
f 699/699/699 709/709/709 702/702/702
f 702/702/702 709/709/709 705/705/705
f 710/710/710 708/708/708 707/707/707
f 710/710/710 707/707/707 705/705/705
f 710/710/710 711/711/711 708/708/708
f 711/711/711 712/712/712 708/708/708
f 713/713/713 711/711/711 710/710/710
f 714/714/714 713/713/713 710/710/710
f 714/714/714 710/710/710 705/705/705
f 713/713/713 714/714/714 715/715/715
f 714/714/714 716/716/716 715/715/715
f 714/714/714 705/705/705 716/716/716
f 717/717/717 715/715/715 716/716/716
f 699/699/699 718/718/718 709/709/709
f 718/718/718 719/719/719 709/709/709
f 699/699/699 694/694/694 718/718/718
f 709/709/709 720/720/720 705/705/705
f 705/705/705 720/720/720 716/716/716
f 719/719/719 720/720/720 709/709/709
f 716/716/716 720/720/720 719/719/719
f 721/721/721 717/717/717 716/716/716
f 721/721/721 716/716/716 719/719/719
f 717/717/717 721/721/721 722/722/722
f 721/721/721 723/723/723 722/722/722
f 721/721/721 719/719/719 723/723/723
f 724/724/724 722/722/722 723/723/723
f 718/718/718 694/694/694 725/725/725
f 690/690/690 725/725/725 694/694/694
f 718/718/718 726/726/726 719/719/719
f 726/726/726 718/718/718 725/725/725
f 725/725/725 690/690/690 727/727/727
f 690/690/690 691/691/691 727/727/727
f 728/728/728 725/725/725 727/727/727
f 728/728/728 726/726/726 725/725/725
f 728/728/728 729/729/729 726/726/726
f 726/726/726 730/730/730 719/719/719
f 719/719/719 730/730/730 723/723/723
f 729/729/729 730/730/730 726/726/726
f 723/723/723 730/730/730 729/729/729
f 731/731/731 724/724/724 723/723/723
f 731/731/731 723/723/723 729/729/729
f 724/724/724 731/731/731 732/732/732
f 731/731/731 733/733/733 732/732/732
f 731/731/731 729/729/729 733/733/733
f 734/734/734 732/732/732 733/733/733
f 735/735/735 727/727/727 691/691/691
f 728/728/728 727/727/727 735/735/735
f 729/729/729 728/728/728 736/736/736
f 736/736/736 728/728/728 735/735/735
f 737/737/737 729/729/729 736/736/736
f 729/729/729 737/737/737 733/733/733
f 738/738/738 734/734/734 733/733/733
f 739/739/739 734/734/734 738/738/738
f 737/737/737 736/736/736 740/740/740
f 740/740/740 736/736/736 735/735/735
f 733/733/733 737/737/737 741/741/741
f 738/738/738 733/733/733 741/741/741
f 741/741/741 737/737/737 740/740/740
f 742/742/742 735/735/735 691/691/691
f 742/742/742 691/691/691 695/695/695
f 743/743/743 738/738/738 741/741/741
f 743/743/743 739/739/739 738/738/738
f 740/740/740 735/735/735 744/744/744
f 744/744/744 735/735/735 742/742/742
f 745/745/745 740/740/740 744/744/744
f 746/746/746 741/741/741 740/740/740
f 741/741/741 746/746/746 743/743/743
f 740/740/740 745/745/745 746/746/746
f 742/742/742 695/695/695 747/747/747
f 747/747/747 695/695/695 697/697/697
f 748/748/748 744/744/744 742/742/742
f 748/748/748 742/742/742 747/747/747
f 747/747/747 697/697/697 749/749/749
f 749/749/749 697/697/697 698/698/698
f 744/744/744 748/748/748 750/750/750
f 744/744/744 750/750/750 745/745/745
f 751/751/751 748/748/748 747/747/747
f 749/749/749 751/751/751 747/747/747
f 748/748/748 751/751/751 750/750/750
f 752/752/752 749/749/749 698/698/698
f 749/749/749 752/752/752 751/751/751
f 750/750/750 751/751/751 753/753/753
f 751/751/751 752/752/752 753/753/753
f 754/754/754 752/752/752 698/698/698
f 754/754/754 698/698/698 700/700/700
f 752/752/752 754/754/754 755/755/755
f 753/753/753 752/752/752 755/755/755
f 754/754/754 700/700/700 756/756/756
f 755/755/755 754/754/754 756/756/756
f 703/703/703 756/756/756 700/700/700
f 750/750/750 753/753/753 757/757/757
f 757/757/757 745/745/745 750/750/750
f 753/753/753 755/755/755 758/758/758
f 757/757/757 753/753/753 758/758/758
f 755/755/755 756/756/756 759/759/759
f 758/758/758 755/755/755 759/759/759
f 756/756/756 703/703/703 760/760/760
f 759/759/759 756/756/756 760/760/760
f 703/703/703 761/761/761 760/760/760
f 703/703/703 671/671/671 761/761/761
f 671/671/671 762/762/762 761/761/761
f 763/763/763 761/761/761 762/762/762
f 764/764/764 763/763/763 762/762/762
f 765/765/765 760/760/760 761/761/761
f 763/763/763 765/765/765 761/761/761
f 766/766/766 763/763/763 764/764/764
f 767/767/767 766/766/766 764/764/764
f 765/765/765 768/768/768 760/760/760
f 759/759/759 760/760/760 768/768/768
f 769/769/769 765/765/765 763/763/763
f 766/766/766 769/769/769 763/763/763
f 769/769/769 768/768/768 765/765/765
f 770/770/770 766/766/766 767/767/767
f 766/766/766 770/770/770 769/769/769
f 771/771/771 770/770/770 767/767/767
f 768/768/768 769/769/769 772/772/772
f 770/770/770 772/772/772 769/769/769
f 773/773/773 770/770/770 771/771/771
f 774/774/774 773/773/773 771/771/771
f 775/775/775 772/772/772 770/770/770
f 773/773/773 775/775/775 770/770/770
f 776/776/776 773/773/773 774/774/774
f 773/773/773 776/776/776 775/775/775
f 777/777/777 776/776/776 774/774/774
f 778/778/778 768/768/768 772/772/772
f 775/775/775 778/778/778 772/772/772
f 779/779/779 759/759/759 768/768/768
f 768/768/768 778/778/778 779/779/779
f 776/776/776 780/780/780 775/775/775
f 778/778/778 775/775/775 780/780/780
f 776/776/776 777/777/777 781/781/781
f 776/776/776 781/781/781 780/780/780
f 777/777/777 782/782/782 781/781/781
f 779/779/779 783/783/783 759/759/759
f 758/758/758 759/759/759 783/783/783
f 778/778/778 784/784/784 779/779/779
f 783/783/783 779/779/779 784/784/784
f 785/785/785 778/778/778 780/780/780
f 778/778/778 785/785/785 784/784/784
f 781/781/781 786/786/786 780/780/780
f 785/785/785 780/780/780 786/786/786
f 781/781/781 782/782/782 787/787/787
f 781/781/781 787/787/787 786/786/786
f 782/782/782 788/788/788 787/787/787
f 789/789/789 758/758/758 783/783/783
f 757/757/757 758/758/758 789/789/789
f 790/790/790 783/783/783 784/784/784
f 789/789/789 783/783/783 790/790/790
f 791/791/791 757/757/757 789/789/789
f 745/745/745 757/757/757 791/791/791
f 789/789/789 792/792/792 791/791/791
f 792/792/792 789/789/789 790/790/790
f 790/790/790 784/784/784 793/793/793
f 785/785/785 793/793/793 784/784/784
f 785/785/785 786/786/786 794/794/794
f 787/787/787 794/794/794 786/786/786
f 787/787/787 788/788/788 795/795/795
f 788/788/788 796/796/796 795/795/795
f 745/745/745 791/791/791 797/797/797
f 792/792/792 797/797/797 791/791/791
f 792/792/792 790/790/790 798/798/798
f 798/798/798 790/790/790 793/793/793
f 793/793/793 785/785/785 799/799/799
f 799/799/799 785/785/785 794/794/794
f 794/794/794 787/787/787 800/800/800
f 787/787/787 795/795/795 800/800/800
f 800/800/800 799/799/799 794/794/794
f 801/801/801 795/795/795 796/796/796
f 795/795/795 801/801/801 800/800/800
f 802/802/802 801/801/801 796/796/796
f 802/802/802 803/803/803 801/801/801
f 797/797/797 792/792/792 804/804/804
f 804/804/804 792/792/792 798/798/798
f 798/798/798 793/793/793 805/805/805
f 805/805/805 793/793/793 799/799/799
f 799/799/799 800/800/800 806/806/806
f 801/801/801 806/806/806 800/800/800
f 803/803/803 807/807/807 801/801/801
f 801/801/801 807/807/807 806/806/806
f 803/803/803 808/808/808 807/807/807
f 809/809/809 799/799/799 806/806/806
f 805/805/805 799/799/799 809/809/809
f 810/810/810 798/798/798 805/805/805
f 804/804/804 798/798/798 810/810/810
f 811/811/811 797/797/797 804/804/804
f 745/745/745 797/797/797 811/811/811
f 746/746/746 745/745/745 811/811/811
f 807/807/807 812/812/812 806/806/806
f 812/812/812 809/809/809 806/806/806
f 808/808/808 813/813/813 807/807/807
f 807/807/807 813/813/813 812/812/812
f 808/808/808 814/814/814 813/813/813
f 811/811/811 804/804/804 815/815/815
f 815/815/815 804/804/804 810/810/810
f 810/810/810 805/805/805 816/816/816
f 816/816/816 805/805/805 809/809/809
f 817/817/817 746/746/746 811/811/811
f 817/817/817 811/811/811 815/815/815
f 809/809/809 812/812/812 818/818/818
f 813/813/813 818/818/818 812/812/812
f 814/814/814 819/819/819 813/813/813
f 814/814/814 820/820/820 819/819/819
f 810/810/810 821/821/821 815/815/815
f 821/821/821 810/810/810 816/816/816
f 746/746/746 817/817/817 822/822/822
f 746/746/746 822/822/822 743/743/743
f 817/817/817 815/815/815 823/823/823
f 821/821/821 823/823/823 815/815/815
f 822/822/822 817/817/817 823/823/823
f 809/809/809 824/824/824 816/816/816
f 824/824/824 809/809/809 818/818/818
f 825/825/825 818/818/818 813/813/813
f 825/825/825 824/824/824 818/818/818
f 819/819/819 825/825/825 813/813/813
f 816/816/816 826/826/826 821/821/821
f 824/824/824 826/826/826 816/816/816
f 824/824/824 827/827/827 826/826/826
f 821/821/821 828/828/828 823/823/823
f 826/826/826 828/828/828 821/821/821
f 823/823/823 829/829/829 822/822/822
f 828/828/828 829/829/829 823/823/823
f 824/824/824 825/825/825 830/830/830
f 827/827/827 824/824/824 830/830/830
f 819/819/819 831/831/831 825/825/825
f 831/831/831 830/830/830 825/825/825
f 820/820/820 831/831/831 819/819/819
f 820/820/820 832/832/832 831/831/831
f 832/832/832 833/833/833 831/831/831
f 831/831/831 833/833/833 830/830/830
f 832/832/832 834/834/834 833/833/833
f 828/828/828 826/826/826 835/835/835
f 827/827/827 835/835/835 826/826/826
f 829/829/829 836/836/836 822/822/822
f 822/822/822 836/836/836 743/743/743
f 828/828/828 837/837/837 829/829/829
f 837/837/837 828/828/828 835/835/835
f 743/743/743 836/836/836 838/838/838
f 739/739/739 743/743/743 838/838/838
f 829/829/829 839/839/839 836/836/836
f 837/837/837 839/839/839 829/829/829
f 839/839/839 838/838/838 836/836/836
f 739/739/739 838/838/838 840/840/840
f 838/838/838 839/839/839 840/840/840
f 840/840/840 841/841/841 739/739/739
f 841/841/841 840/840/840 842/842/842
f 840/840/840 843/843/843 842/842/842
f 839/839/839 843/843/843 840/840/840
f 842/842/842 843/843/843 844/844/844
f 837/837/837 845/845/845 839/839/839
f 845/845/845 843/843/843 839/839/839
f 845/845/845 837/837/837 835/835/835
f 843/843/843 845/845/845 844/844/844
f 846/846/846 845/845/845 835/835/835
f 845/845/845 846/846/846 844/844/844
f 846/846/846 847/847/847 844/844/844
f 847/847/847 846/846/846 848/848/848
f 846/846/846 835/835/835 827/827/827
f 846/846/846 849/849/849 848/848/848
f 849/849/849 846/846/846 827/827/827
f 850/850/850 848/848/848 849/849/849
f 851/851/851 850/850/850 849/849/849
f 850/850/850 851/851/851 852/852/852
f 849/849/849 827/827/827 853/853/853
f 849/849/849 853/853/853 851/851/851
f 851/851/851 854/854/854 852/852/852
f 855/855/855 852/852/852 854/854/854
f 856/856/856 855/855/855 854/854/854
f 857/857/857 854/854/854 851/851/851
f 854/854/854 857/857/857 856/856/856
f 853/853/853 857/857/857 851/851/851
f 857/857/857 834/834/834 856/856/856
f 834/834/834 857/857/857 833/833/833
f 857/857/857 853/853/853 833/833/833
f 827/827/827 858/858/858 853/853/853
f 853/853/853 858/858/858 833/833/833
f 827/827/827 830/830/830 858/858/858
f 833/833/833 858/858/858 830/830/830
f 861/861/861 860/860/860 859/859/859
f 862/862/862 861/861/861 859/859/859
f 862/862/862 859/859/859 863/863/863
f 864/864/864 861/861/861 862/862/862
f 865/865/865 862/862/862 863/863/863
f 865/865/865 863/863/863 866/866/866
f 867/867/867 864/864/864 862/862/862
f 867/867/867 862/862/862 865/865/865
f 864/864/864 867/867/867 868/868/868
f 867/867/867 869/869/869 868/868/868
f 867/867/867 870/870/870 869/869/869
f 870/870/870 867/867/867 865/865/865
f 870/870/870 871/871/871 869/869/869
f 870/870/870 872/872/872 871/871/871
f 870/870/870 865/865/865 872/872/872
f 872/872/872 873/873/873 871/871/871
f 874/874/874 865/865/865 866/866/866
f 865/865/865 874/874/874 872/872/872
f 874/874/874 866/866/866 875/875/875
f 876/876/876 874/874/874 875/875/875
f 872/872/872 874/874/874 876/876/876
f 876/876/876 875/875/875 877/877/877
f 872/872/872 878/878/878 873/873/873
f 878/878/878 872/872/872 876/876/876
f 878/878/878 879/879/879 873/873/873
f 878/878/878 880/880/880 879/879/879
f 878/878/878 876/876/876 880/880/880
f 880/880/880 881/881/881 879/879/879
f 882/882/882 876/876/876 877/877/877
f 876/876/876 882/882/882 880/880/880
f 882/882/882 877/877/877 883/883/883
f 884/884/884 882/882/882 883/883/883
f 880/880/880 882/882/882 884/884/884
f 884/884/884 883/883/883 885/885/885
f 880/880/880 886/886/886 881/881/881
f 886/886/886 880/880/880 884/884/884
f 886/886/886 887/887/887 881/881/881
f 888/888/888 884/884/884 885/885/885
f 884/884/884 888/888/888 886/886/886
f 888/888/888 885/885/885 889/889/889
f 886/886/886 890/890/890 887/887/887
f 888/888/888 890/890/890 886/886/886
f 890/890/890 891/891/891 887/887/887
f 892/892/892 888/888/888 889/889/889
f 888/888/888 892/892/892 890/890/890
f 892/892/892 889/889/889 893/893/893
f 890/890/890 894/894/894 891/891/891
f 892/892/892 894/894/894 890/890/890
f 894/894/894 895/895/895 891/891/891
f 896/896/896 892/892/892 893/893/893
f 892/892/892 896/896/896 894/894/894
f 896/896/896 893/893/893 897/897/897
f 894/894/894 898/898/898 895/895/895
f 896/896/896 898/898/898 894/894/894
f 898/898/898 899/899/899 895/895/895
f 900/900/900 896/896/896 897/897/897
f 898/898/898 896/896/896 900/900/900
f 900/900/900 897/897/897 901/901/901
f 898/898/898 902/902/902 899/899/899
f 902/902/902 898/898/898 900/900/900
f 902/902/902 903/903/903 899/899/899
f 904/904/904 900/900/900 901/901/901
f 902/902/902 900/900/900 904/904/904
f 904/904/904 901/901/901 905/905/905
f 902/902/902 906/906/906 903/903/903
f 904/904/904 906/906/906 902/902/902
f 906/906/906 907/907/907 903/903/903
f 908/908/908 904/904/904 905/905/905
f 906/906/906 904/904/904 908/908/908
f 908/908/908 905/905/905 909/909/909
f 906/906/906 910/910/910 907/907/907
f 910/910/910 906/906/906 908/908/908
f 910/910/910 911/911/911 907/907/907
f 912/912/912 908/908/908 909/909/909
f 910/910/910 908/908/908 912/912/912
f 912/912/912 909/909/909 913/913/913
f 914/914/914 912/912/912 913/913/913
f 914/914/914 910/910/910 912/912/912
f 914/914/914 913/913/913 915/915/915
f 910/910/910 916/916/916 911/911/911
f 914/914/914 916/916/916 910/910/910
f 916/916/916 917/917/917 911/911/911
f 918/918/918 914/914/914 915/915/915
f 914/914/914 918/918/918 916/916/916
f 918/918/918 915/915/915 919/919/919
f 916/916/916 920/920/920 917/917/917
f 918/918/918 920/920/920 916/916/916
f 920/920/920 921/921/921 917/917/917
f 922/922/922 918/918/918 919/919/919
f 922/922/922 920/920/920 918/918/918
f 922/922/922 919/919/919 923/923/923
f 924/924/924 922/922/922 923/923/923
f 922/922/922 924/924/924 925/925/925
f 921/921/921 920/920/920 926/926/926
f 922/922/922 926/926/926 920/920/920
f 926/926/926 922/922/922 925/925/925
f 926/926/926 927/927/927 921/921/921
f 926/926/926 925/925/925 927/927/927
f 930/930/930 929/929/929 928/928/928
f 931/931/931 930/930/930 928/928/928
f 931/931/931 928/928/928 932/932/932
f 933/933/933 931/931/931 932/932/932
f 933/933/933 932/932/932 934/934/934
f 935/935/935 933/933/933 934/934/934
f 935/935/935 934/934/934 936/936/936
f 935/935/935 936/936/936 937/937/937
f 934/934/934 938/938/938 936/936/936
f 936/936/936 939/939/939 937/937/937
f 940/940/940 936/936/936 938/938/938
f 936/936/936 940/940/940 939/939/939
f 940/940/940 941/941/941 939/939/939
f 942/942/942 940/940/940 938/938/938
f 943/943/943 940/940/940 942/942/942
f 944/944/944 943/943/943 942/942/942
f 944/944/944 945/945/945 943/943/943
f 945/945/945 946/946/946 943/943/943
f 943/943/943 946/946/946 947/947/947
f 946/946/946 945/945/945 948/948/948
f 946/946/946 949/949/949 947/947/947
f 950/950/950 946/946/946 948/948/948
f 946/946/946 950/950/950 949/949/949
f 950/950/950 948/948/948 951/951/951
f 950/950/950 952/952/952 949/949/949
f 955/955/955 954/954/954 953/953/953
f 956/956/956 955/955/955 953/953/953
f 956/956/956 957/957/957 955/955/955
f 958/958/958 955/955/955 957/957/957
f 959/959/959 958/958/958 957/957/957
f 958/958/958 959/959/959 960/960/960
f 959/959/959 961/961/961 960/960/960
f 962/962/962 960/960/960 961/961/961
f 960/960/960 962/962/962 963/963/963
f 964/964/964 962/962/962 961/961/961
f 962/962/962 965/965/965 963/963/963
f 962/962/962 964/964/964 966/966/966
f 962/962/962 966/966/966 965/965/965
f 964/964/964 967/967/967 966/966/966
f 967/967/967 968/968/968 966/966/966
f 966/966/966 969/969/969 965/965/965
f 968/968/968 970/970/970 966/966/966
f 966/966/966 970/970/970 969/969/969
f 970/970/970 971/971/971 969/969/969
f 974/974/974 973/973/973 972/972/972
f 975/975/975 974/974/974 972/972/972
f 975/975/975 972/972/972 976/976/976
f 977/977/977 975/975/975 976/976/976
f 977/977/977 976/976/976 978/978/978
f 979/979/979 977/977/977 978/978/978
f 979/979/979 978/978/978 980/980/980
f 981/981/981 979/979/979 980/980/980
f 981/981/981 980/980/980 982/982/982
f 983/983/983 981/981/981 982/982/982
f 983/983/983 982/982/982 984/984/984
f 985/985/985 983/983/983 984/984/984
f 985/985/985 984/984/984 986/986/986
f 987/987/987 985/985/985 986/986/986
f 987/987/987 986/986/986 988/988/988
f 989/989/989 987/987/987 988/988/988
f 989/989/989 988/988/988 990/990/990
f 991/991/991 989/989/989 990/990/990
f 991/991/991 990/990/990 992/992/992
f 993/993/993 991/991/991 992/992/992
f 993/993/993 992/992/992 994/994/994
f 995/995/995 993/993/993 994/994/994
f 995/995/995 994/994/994 996/996/996
f 996/996/996 994/994/994 997/997/997
f 998/998/998 995/995/995 996/996/996
f 996/996/996 997/997/997 999/999/999
f 998/998/998 996/996/996 999/999/999
f 997/997/997 1000/1000/1000 999/999/999
f 999/999/999 1000/1000/1000 1001/1001/1001
f 998/998/998 999/999/999 1002/1002/1002
f 1002/1002/1002 999/999/999 1001/1001/1001
f 1002/1002/1002 1003/1003/1003 998/998/998
f 1002/1002/1002 1001/1001/1001 1003/1003/1003
f 1001/1001/1001 1004/1004/1004 1003/1003/1003
f 1007/1007/1007 1006/1006/1006 1005/1005/1005
f 1006/1006/1006 1008/1008/1008 1005/1005/1005
f 1008/1008/1008 1009/1009/1009 1005/1005/1005
f 1009/1009/1009 1010/1010/1010 1005/1005/1005
f 1008/1008/1008 1006/1006/1006 1011/1011/1011
f 1006/1006/1006 1012/1012/1012 1011/1011/1011
f 1012/1012/1012 1013/1013/1013 1011/1011/1011
f 1009/1009/1009 1014/1014/1014 1010/1010/1010
f 1014/1014/1014 1015/1015/1015 1010/1010/1010
f 1009/1009/1009 1008/1008/1008 1016/1016/1016
f 1008/1008/1008 1011/1011/1011 1016/1016/1016
f 1013/1013/1013 1017/1017/1017 1011/1011/1011
f 1013/1013/1013 1018/1018/1018 1017/1017/1017
f 1017/1017/1017 1019/1019/1019 1011/1011/1011
f 1019/1019/1019 1016/1016/1016 1011/1011/1011
f 1009/1009/1009 1016/1016/1016 1020/1020/1020
f 1014/1014/1014 1009/1009/1009 1020/1020/1020
f 1014/1014/1014 1021/1021/1021 1015/1015/1015
f 1021/1021/1021 1022/1022/1022 1015/1015/1015
f 1018/1018/1018 1023/1023/1023 1017/1017/1017
f 1017/1017/1017 1023/1023/1023 1019/1019/1019
f 1019/1019/1019 1024/1024/1024 1016/1016/1016
f 1024/1024/1024 1020/1020/1020 1016/1016/1016
f 1014/1014/1014 1020/1020/1020 1025/1025/1025
f 1021/1021/1021 1014/1014/1014 1025/1025/1025
f 1021/1021/1021 1026/1026/1026 1022/1022/1022
f 1026/1026/1026 1027/1027/1027 1022/1022/1022
f 1023/1023/1023 1018/1018/1018 1028/1028/1028
f 1018/1018/1018 1029/1029/1029 1028/1028/1028
f 1023/1023/1023 1030/1030/1030 1019/1019/1019
f 1019/1019/1019 1030/1030/1030 1024/1024/1024
f 1023/1023/1023 1028/1028/1028 1030/1030/1030
f 1024/1024/1024 1031/1031/1031 1020/1020/1020
f 1031/1031/1031 1025/1025/1025 1020/1020/1020
f 1021/1021/1021 1025/1025/1025 1032/1032/1032
f 1026/1026/1026 1021/1021/1021 1032/1032/1032
f 1027/1027/1027 1026/1026/1026 1033/1033/1033
f 1026/1026/1026 1032/1032/1032 1033/1033/1033
f 1030/1030/1030 1034/1034/1034 1024/1024/1024
f 1024/1024/1024 1034/1034/1034 1031/1031/1031
f 1031/1031/1031 1035/1035/1035 1025/1025/1025
f 1035/1035/1035 1032/1032/1032 1025/1025/1025
f 1035/1035/1035 1036/1036/1036 1032/1032/1032
f 1031/1031/1031 1037/1037/1037 1035/1035/1035
f 1034/1034/1034 1037/1037/1037 1031/1031/1031
f 1037/1037/1037 1036/1036/1036 1035/1035/1035
f 1030/1030/1030 1038/1038/1038 1034/1034/1034
f 1028/1028/1028 1038/1038/1038 1030/1030/1030
f 1039/1039/1039 1027/1027/1027 1033/1033/1033
f 1027/1027/1027 1039/1039/1039 1040/1040/1040
f 1032/1032/1032 1041/1041/1041 1033/1033/1033
f 1036/1036/1036 1041/1041/1041 1032/1032/1032
f 1033/1033/1033 1041/1041/1041 1042/1042/1042
f 1042/1042/1042 1039/1039/1039 1033/1033/1033
f 1043/1043/1043 1039/1039/1039 1042/1042/1042
f 1039/1039/1039 1043/1043/1043 1044/1044/1044
f 1039/1039/1039 1045/1045/1045 1040/1040/1040
f 1045/1045/1045 1039/1039/1039 1044/1044/1044
f 1040/1040/1040 1045/1045/1045 1046/1046/1046
f 1046/1046/1046 1045/1045/1045 1044/1044/1044
f 1047/1047/1047 1040/1040/1040 1046/1046/1046
f 1048/1048/1048 1047/1047/1047 1046/1046/1046
f 1041/1041/1041 1036/1036/1036 1049/1049/1049
f 1041/1041/1041 1049/1049/1049 1042/1042/1042
f 1042/1042/1042 1049/1049/1049 1050/1050/1050
f 1036/1036/1036 1050/1050/1050 1049/1049/1049
f 1051/1051/1051 1043/1043/1043 1042/1042/1042
f 1051/1051/1051 1042/1042/1042 1050/1050/1050
f 1051/1051/1051 1050/1050/1050 1052/1052/1052
f 1052/1052/1052 1043/1043/1043 1051/1051/1051
f 1050/1050/1050 1036/1036/1036 1053/1053/1053
f 1050/1050/1050 1053/1053/1053 1052/1052/1052
f 1052/1052/1052 1053/1053/1053 1054/1054/1054
f 1036/1036/1036 1055/1055/1055 1053/1053/1053
f 1053/1053/1053 1055/1055/1055 1054/1054/1054
f 1036/1036/1036 1037/1037/1037 1055/1055/1055
f 1037/1037/1037 1056/1056/1056 1055/1055/1055
f 1055/1055/1055 1056/1056/1056 1054/1054/1054
f 1057/1057/1057 1056/1056/1056 1037/1037/1037
f 1054/1054/1054 1056/1056/1056 1057/1057/1057
f 1034/1034/1034 1057/1057/1057 1037/1037/1037
f 1038/1038/1038 1057/1057/1057 1034/1034/1034
f 1058/1058/1058 1057/1057/1057 1038/1038/1038
f 1058/1058/1058 1054/1054/1054 1057/1057/1057
f 1059/1059/1059 1058/1058/1058 1038/1038/1038
f 1059/1059/1059 1038/1038/1038 1028/1028/1028
f 1060/1060/1060 1059/1059/1059 1028/1028/1028
f 1060/1060/1060 1028/1028/1028 1029/1029/1029
f 1061/1061/1061 1060/1060/1060 1029/1029/1029
f 1061/1061/1061 1062/1062/1062 1060/1060/1060
f 1058/1058/1058 1059/1059/1059 1063/1063/1063
f 1063/1063/1063 1059/1059/1059 1060/1060/1060
f 1062/1062/1062 1064/1064/1064 1060/1060/1060
f 1064/1064/1064 1063/1063/1063 1060/1060/1060
f 1062/1062/1062 1065/1065/1065 1064/1064/1064
f 1054/1054/1054 1058/1058/1058 1066/1066/1066
f 1066/1066/1066 1058/1058/1058 1063/1063/1063
f 1064/1064/1064 1067/1067/1067 1063/1063/1063
f 1065/1065/1065 1067/1067/1067 1064/1064/1064
f 1068/1068/1068 1054/1054/1054 1066/1066/1066
f 1068/1068/1068 1052/1052/1052 1054/1054/1054
f 1063/1063/1063 1069/1069/1069 1066/1066/1066
f 1067/1067/1067 1069/1069/1069 1063/1063/1063
f 1067/1067/1067 1065/1065/1065 1070/1070/1070
f 1065/1065/1065 1071/1071/1071 1070/1070/1070
f 1071/1071/1071 1072/1072/1072 1070/1070/1070
f 1073/1073/1073 1052/1052/1052 1068/1068/1068
f 1073/1073/1073 1043/1043/1043 1052/1052/1052
f 1066/1066/1066 1074/1074/1074 1068/1068/1068
f 1069/1069/1069 1074/1074/1074 1066/1066/1066
f 1069/1069/1069 1067/1067/1067 1075/1075/1075
f 1067/1067/1067 1070/1070/1070 1075/1075/1075
f 1072/1072/1072 1076/1076/1076 1070/1070/1070
f 1072/1072/1072 1077/1077/1077 1076/1076/1076
f 1076/1076/1076 1078/1078/1078 1070/1070/1070
f 1078/1078/1078 1075/1075/1075 1070/1070/1070
f 1077/1077/1077 1079/1079/1079 1076/1076/1076
f 1078/1078/1078 1076/1076/1076 1079/1079/1079
f 1077/1077/1077 1080/1080/1080 1079/1079/1079
f 1069/1069/1069 1075/1075/1075 1081/1081/1081
f 1074/1074/1074 1069/1069/1069 1081/1081/1081
f 1074/1074/1074 1082/1082/1082 1068/1068/1068
f 1082/1082/1082 1073/1073/1073 1068/1068/1068
f 1082/1082/1082 1074/1074/1074 1083/1083/1083
f 1074/1074/1074 1081/1081/1081 1083/1083/1083
f 1082/1082/1082 1083/1083/1083 1073/1073/1073
f 1078/1078/1078 1084/1084/1084 1075/1075/1075
f 1084/1084/1084 1081/1081/1081 1075/1075/1075
f 1085/1085/1085 1078/1078/1078 1079/1079/1079
f 1084/1084/1084 1078/1078/1078 1085/1085/1085
f 1080/1080/1080 1086/1086/1086 1079/1079/1079
f 1085/1085/1085 1079/1079/1079 1086/1086/1086
f 1084/1084/1084 1087/1087/1087 1081/1081/1081
f 1087/1087/1087 1083/1083/1083 1081/1081/1081
f 1088/1088/1088 1084/1084/1084 1085/1085/1085
f 1087/1087/1087 1084/1084/1084 1088/1088/1088
f 1089/1089/1089 1086/1086/1086 1080/1080/1080
f 1090/1090/1090 1089/1089/1089 1080/1080/1080
f 1091/1091/1091 1085/1085/1085 1086/1086/1086
f 1088/1088/1088 1085/1085/1085 1091/1091/1091
f 1089/1089/1089 1092/1092/1092 1086/1086/1086
f 1092/1092/1092 1091/1091/1091 1086/1086/1086
f 1093/1093/1093 1089/1089/1089 1090/1090/1090
f 1092/1092/1092 1089/1089/1089 1093/1093/1093
f 1094/1094/1094 1093/1093/1093 1090/1090/1090
f 1094/1094/1094 1095/1095/1095 1093/1093/1093
f 1087/1087/1087 1096/1096/1096 1083/1083/1083
f 1097/1097/1097 1087/1087/1087 1088/1088/1088
f 1096/1096/1096 1087/1087/1087 1097/1097/1097
f 1098/1098/1098 1096/1096/1096 1097/1097/1097
f 1096/1096/1096 1098/1098/1098 1099/1099/1099
f 1096/1096/1096 1099/1099/1099 1083/1083/1083
f 1083/1083/1083 1099/1099/1099 1073/1073/1073
f 1100/1100/1100 1088/1088/1088 1091/1091/1091
f 1097/1097/1097 1088/1088/1088 1100/1100/1100
f 1092/1092/1092 1101/1101/1101 1091/1091/1091
f 1101/1101/1101 1100/1100/1100 1091/1091/1091
f 1101/1101/1101 1102/1102/1102 1100/1100/1100
f 1103/1103/1103 1097/1097/1097 1100/1100/1100
f 1098/1098/1098 1097/1097/1097 1103/1103/1103
f 1102/1102/1102 1103/1103/1103 1100/1100/1100
f 1073/1073/1073 1099/1099/1099 1104/1104/1104
f 1043/1043/1043 1073/1073/1073 1104/1104/1104
f 1101/1101/1101 1092/1092/1092 1105/1105/1105
f 1105/1105/1105 1092/1092/1092 1093/1093/1093
f 1106/1106/1106 1098/1098/1098 1103/1103/1103
f 1106/1106/1106 1103/1103/1103 1102/1102/1102
f 1098/1098/1098 1107/1107/1107 1099/1099/1099
f 1099/1099/1099 1107/1107/1107 1104/1104/1104
f 1102/1102/1102 1101/1101/1101 1108/1108/1108
f 1108/1108/1108 1101/1101/1101 1105/1105/1105
f 1093/1093/1093 1109/1109/1109 1105/1105/1105
f 1095/1095/1095 1109/1109/1109 1093/1093/1093
f 1109/1109/1109 1095/1095/1095 1110/1110/1110
f 1095/1095/1095 1111/1111/1111 1110/1110/1110
f 1111/1111/1111 1112/1112/1112 1110/1110/1110
f 1109/1109/1109 1113/1113/1113 1105/1105/1105
f 1105/1105/1105 1113/1113/1113 1108/1108/1108
f 1109/1109/1109 1110/1110/1110 1113/1113/1113
f 1098/1098/1098 1106/1106/1106 1114/1114/1114
f 1114/1114/1114 1106/1106/1106 1102/1102/1102
f 1112/1112/1112 1115/1115/1115 1110/1110/1110
f 1112/1112/1112 1116/1116/1116 1115/1115/1115
f 1116/1116/1116 1117/1117/1117 1115/1115/1115
f 1116/1116/1116 1118/1118/1118 1117/1117/1117
f 1115/1115/1115 1119/1119/1119 1110/1110/1110
f 1115/1115/1115 1117/1117/1117 1119/1119/1119
f 1110/1110/1110 1120/1120/1120 1113/1113/1113
f 1119/1119/1119 1120/1120/1120 1110/1110/1110
f 1113/1113/1113 1121/1121/1121 1108/1108/1108
f 1113/1113/1113 1120/1120/1120 1121/1121/1121
f 1122/1122/1122 1102/1102/1102 1108/1108/1108
f 1108/1108/1108 1121/1121/1121 1122/1122/1122
f 1123/1123/1123 1114/1114/1114 1102/1102/1102
f 1122/1122/1122 1123/1123/1123 1102/1102/1102
f 1124/1124/1124 1114/1114/1114 1123/1123/1123
f 1124/1124/1124 1098/1098/1098 1114/1114/1114
f 1124/1124/1124 1125/1125/1125 1098/1098/1098
f 1107/1107/1107 1098/1098/1098 1125/1125/1125
f 1107/1107/1107 1125/1125/1125 1126/1126/1126
f 1126/1126/1126 1125/1125/1125 1124/1124/1124
f 1104/1104/1104 1107/1107/1107 1126/1126/1126
f 1127/1127/1127 1126/1126/1126 1124/1124/1124
f 1127/1127/1127 1124/1124/1124 1123/1123/1123
f 1123/1123/1123 1128/1128/1128 1127/1127/1127
f 1127/1127/1127 1128/1128/1128 1129/1129/1129
f 1126/1126/1126 1127/1127/1127 1129/1129/1129
f 1126/1126/1126 1129/1129/1129 1104/1104/1104
f 1129/1129/1129 1043/1043/1043 1104/1104/1104
f 1130/1130/1130 1123/1123/1123 1122/1122/1122
f 1123/1123/1123 1130/1130/1130 1128/1128/1128
f 1129/1129/1129 1131/1131/1131 1043/1043/1043
f 1131/1131/1131 1044/1044/1044 1043/1043/1043
f 1132/1132/1132 1130/1130/1130 1122/1122/1122
f 1121/1121/1121 1132/1132/1132 1122/1122/1122
f 1121/1121/1121 1133/1133/1133 1132/1132/1132
f 1120/1120/1120 1133/1133/1133 1121/1121/1121
f 1128/1128/1128 1134/1134/1134 1129/1129/1129
f 1134/1134/1134 1131/1131/1131 1129/1129/1129
f 1132/1132/1132 1135/1135/1135 1130/1130/1130
f 1133/1133/1133 1135/1135/1135 1132/1132/1132
f 1136/1136/1136 1133/1133/1133 1120/1120/1120
f 1119/1119/1119 1136/1136/1136 1120/1120/1120
f 1137/1137/1137 1135/1135/1135 1133/1133/1133
f 1136/1136/1136 1137/1137/1137 1133/1133/1133
f 1119/1119/1119 1138/1138/1138 1136/1136/1136
f 1117/1117/1117 1138/1138/1138 1119/1119/1119
f 1136/1136/1136 1139/1139/1139 1137/1137/1137
f 1138/1138/1138 1139/1139/1139 1136/1136/1136
f 1117/1117/1117 1140/1140/1140 1138/1138/1138
f 1118/1118/1118 1140/1140/1140 1117/1117/1117
f 1138/1138/1138 1141/1141/1141 1139/1139/1139
f 1140/1140/1140 1141/1141/1141 1138/1138/1138
f 1142/1142/1142 1140/1140/1140 1118/1118/1118
f 1143/1143/1143 1142/1142/1142 1118/1118/1118
f 1143/1143/1143 1144/1144/1144 1142/1142/1142
f 1142/1142/1142 1145/1145/1145 1140/1140/1140
f 1145/1145/1145 1141/1141/1141 1140/1140/1140
f 1144/1144/1144 1146/1146/1146 1142/1142/1142
f 1145/1145/1145 1142/1142/1142 1146/1146/1146
f 1146/1146/1146 1144/1144/1144 1147/1147/1147
f 1144/1144/1144 1148/1148/1148 1147/1147/1147
f 1148/1148/1148 1149/1149/1149 1147/1147/1147
f 1149/1149/1149 1150/1150/1150 1147/1147/1147
f 1149/1149/1149 1151/1151/1151 1150/1150/1150
f 1146/1146/1146 1147/1147/1147 1152/1152/1152
f 1152/1152/1152 1147/1147/1147 1150/1150/1150
f 1153/1153/1153 1145/1145/1145 1146/1146/1146
f 1153/1153/1153 1146/1146/1146 1152/1152/1152
f 1145/1145/1145 1154/1154/1154 1141/1141/1141
f 1154/1154/1154 1145/1145/1145 1153/1153/1153
f 1151/1151/1151 1155/1155/1155 1150/1150/1150
f 1151/1151/1151 1156/1156/1156 1155/1155/1155
f 1157/1157/1157 1152/1152/1152 1150/1150/1150
f 1157/1157/1157 1150/1150/1150 1155/1155/1155
f 1153/1153/1153 1152/1152/1152 1158/1158/1158
f 1158/1158/1158 1154/1154/1154 1153/1153/1153
f 1154/1154/1154 1159/1159/1159 1141/1141/1141
f 1141/1141/1141 1159/1159/1159 1139/1139/1139
f 1156/1156/1156 1160/1160/1160 1155/1155/1155
f 1156/1156/1156 1161/1161/1161 1160/1160/1160
f 1162/1162/1162 1152/1152/1152 1157/1157/1157
f 1152/1152/1152 1162/1162/1162 1158/1158/1158
f 1163/1163/1163 1154/1154/1154 1158/1158/1158
f 1154/1154/1154 1163/1163/1163 1159/1159/1159
f 1139/1139/1139 1159/1159/1159 1164/1164/1164
f 1139/1139/1139 1164/1164/1164 1137/1137/1137
f 1165/1165/1165 1157/1157/1157 1155/1155/1155
f 1165/1165/1165 1155/1155/1155 1160/1160/1160
f 1161/1161/1161 1166/1166/1166 1160/1160/1160
f 1161/1161/1161 1167/1167/1167 1166/1166/1166
f 1158/1158/1158 1162/1162/1162 1168/1168/1168
f 1168/1168/1168 1163/1163/1163 1158/1158/1158
f 1169/1169/1169 1162/1162/1162 1157/1157/1157
f 1169/1169/1169 1157/1157/1157 1165/1165/1165
f 1170/1170/1170 1165/1165/1165 1160/1160/1160
f 1170/1170/1170 1160/1160/1160 1166/1166/1166
f 1137/1137/1137 1164/1164/1164 1171/1171/1171
f 1164/1164/1164 1172/1172/1172 1171/1171/1171
f 1164/1164/1164 1173/1173/1173 1172/1172/1172
f 1159/1159/1159 1173/1173/1173 1164/1164/1164
f 1163/1163/1163 1173/1173/1173 1159/1159/1159
f 1137/1137/1137 1171/1171/1171 1135/1135/1135
f 1171/1171/1171 1174/1174/1174 1135/1135/1135
f 1171/1171/1171 1172/1172/1172 1174/1174/1174
f 1135/1135/1135 1174/1174/1174 1130/1130/1130
f 1175/1175/1175 1173/1173/1173 1163/1163/1163
f 1173/1173/1173 1175/1175/1175 1172/1172/1172
f 1176/1176/1176 1175/1175/1175 1163/1163/1163
f 1172/1172/1172 1175/1175/1175 1176/1176/1176
f 1176/1176/1176 1163/1163/1163 1168/1168/1168
f 1130/1130/1130 1174/1174/1174 1177/1177/1177
f 1130/1130/1130 1177/1177/1177 1128/1128/1128
f 1177/1177/1177 1178/1178/1178 1128/1128/1128
f 1174/1174/1174 1179/1179/1179 1177/1177/1177
f 1172/1172/1172 1179/1179/1179 1174/1174/1174
f 1177/1177/1177 1179/1179/1179 1178/1178/1178
f 1179/1179/1179 1172/1172/1172 1180/1180/1180
f 1179/1179/1179 1180/1180/1180 1178/1178/1178
f 1172/1172/1172 1181/1181/1181 1180/1180/1180
f 1181/1181/1181 1172/1172/1172 1176/1176/1176
f 1178/1178/1178 1180/1180/1180 1181/1181/1181
f 1182/1182/1182 1181/1181/1181 1176/1176/1176
f 1182/1182/1182 1178/1178/1178 1181/1181/1181
f 1182/1182/1182 1183/1183/1183 1178/1178/1178
f 1183/1183/1183 1184/1184/1184 1178/1178/1178
f 1178/1178/1178 1184/1184/1184 1128/1128/1128
f 1185/1185/1185 1182/1182/1182 1176/1176/1176
f 1185/1185/1185 1176/1176/1176 1168/1168/1168
f 1183/1183/1183 1182/1182/1182 1185/1185/1185
f 1185/1185/1185 1168/1168/1168 1183/1183/1183
f 1184/1184/1184 1186/1186/1186 1128/1128/1128
f 1186/1186/1186 1134/1134/1134 1128/1128/1128
f 1183/1183/1183 1187/1187/1187 1184/1184/1184
f 1187/1187/1187 1186/1186/1186 1184/1184/1184
f 1168/1168/1168 1188/1188/1188 1183/1183/1183
f 1162/1162/1162 1188/1188/1188 1168/1168/1168
f 1188/1188/1188 1162/1162/1162 1169/1169/1169
f 1183/1183/1183 1188/1188/1188 1189/1189/1189
f 1189/1189/1189 1188/1188/1188 1169/1169/1169
f 1134/1134/1134 1186/1186/1186 1190/1190/1190
f 1134/1134/1134 1190/1190/1190 1131/1131/1131
f 1187/1187/1187 1183/1183/1183 1191/1191/1191
f 1191/1191/1191 1183/1183/1183 1189/1189/1189
f 1189/1189/1189 1169/1169/1169 1192/1192/1192
f 1192/1192/1192 1169/1169/1169 1165/1165/1165
f 1192/1192/1192 1165/1165/1165 1170/1170/1170
f 1193/1193/1193 1189/1189/1189 1192/1192/1192
f 1191/1191/1191 1189/1189/1189 1193/1193/1193
f 1194/1194/1194 1192/1192/1192 1170/1170/1170
f 1193/1193/1193 1192/1192/1192 1194/1194/1194
f 1190/1190/1190 1195/1195/1195 1131/1131/1131
f 1131/1131/1131 1195/1195/1195 1044/1044/1044
f 1194/1194/1194 1170/1170/1170 1196/1196/1196
f 1196/1196/1196 1170/1170/1170 1166/1166/1166
f 1195/1195/1195 1197/1197/1197 1044/1044/1044
f 1197/1197/1197 1046/1046/1046 1044/1044/1044
f 1046/1046/1046 1197/1197/1197 1198/1198/1198
f 1197/1197/1197 1195/1195/1195 1198/1198/1198
f 1166/1166/1166 1199/1199/1199 1196/1196/1196
f 1167/1167/1167 1199/1199/1199 1166/1166/1166
f 1200/1200/1200 1046/1046/1046 1198/1198/1198
f 1198/1198/1198 1201/1201/1201 1200/1200/1200
f 1200/1200/1200 1048/1048/1048 1046/1046/1046
f 1048/1048/1048 1200/1200/1200 1202/1202/1202
f 1200/1200/1200 1203/1203/1203 1202/1202/1202
f 1201/1201/1201 1203/1203/1203 1200/1200/1200
f 1204/1204/1204 1202/1202/1202 1203/1203/1203
f 1195/1195/1195 1205/1205/1205 1198/1198/1198
f 1198/1198/1198 1205/1205/1205 1201/1201/1201
f 1206/1206/1206 1204/1204/1204 1203/1203/1203
f 1206/1206/1206 1203/1203/1203 1201/1201/1201
f 1206/1206/1206 1207/1207/1207 1204/1204/1204
f 1207/1207/1207 1208/1208/1208 1204/1204/1204
f 1209/1209/1209 1207/1207/1207 1206/1206/1206
f 1210/1210/1210 1209/1209/1209 1206/1206/1206
f 1210/1210/1210 1206/1206/1206 1201/1201/1201
f 1209/1209/1209 1210/1210/1210 1211/1211/1211
f 1210/1210/1210 1212/1212/1212 1211/1211/1211
f 1210/1210/1210 1201/1201/1201 1212/1212/1212
f 1213/1213/1213 1211/1211/1211 1212/1212/1212
f 1195/1195/1195 1214/1214/1214 1205/1205/1205
f 1214/1214/1214 1215/1215/1215 1205/1205/1205
f 1195/1195/1195 1190/1190/1190 1214/1214/1214
f 1205/1205/1205 1216/1216/1216 1201/1201/1201
f 1201/1201/1201 1216/1216/1216 1212/1212/1212
f 1215/1215/1215 1216/1216/1216 1205/1205/1205
f 1212/1212/1212 1216/1216/1216 1215/1215/1215
f 1217/1217/1217 1213/1213/1213 1212/1212/1212
f 1217/1217/1217 1212/1212/1212 1215/1215/1215
f 1213/1213/1213 1217/1217/1217 1218/1218/1218
f 1217/1217/1217 1219/1219/1219 1218/1218/1218
f 1217/1217/1217 1215/1215/1215 1219/1219/1219
f 1220/1220/1220 1218/1218/1218 1219/1219/1219
f 1214/1214/1214 1190/1190/1190 1221/1221/1221
f 1186/1186/1186 1221/1221/1221 1190/1190/1190
f 1214/1214/1214 1222/1222/1222 1215/1215/1215
f 1222/1222/1222 1214/1214/1214 1221/1221/1221
f 1221/1221/1221 1186/1186/1186 1223/1223/1223
f 1186/1186/1186 1187/1187/1187 1223/1223/1223
f 1224/1224/1224 1221/1221/1221 1223/1223/1223
f 1224/1224/1224 1222/1222/1222 1221/1221/1221
f 1224/1224/1224 1225/1225/1225 1222/1222/1222
f 1222/1222/1222 1226/1226/1226 1215/1215/1215
f 1215/1215/1215 1226/1226/1226 1219/1219/1219
f 1225/1225/1225 1226/1226/1226 1222/1222/1222
f 1219/1219/1219 1226/1226/1226 1225/1225/1225
f 1227/1227/1227 1220/1220/1220 1219/1219/1219
f 1227/1227/1227 1219/1219/1219 1225/1225/1225
f 1220/1220/1220 1227/1227/1227 1228/1228/1228
f 1227/1227/1227 1229/1229/1229 1228/1228/1228
f 1227/1227/1227 1225/1225/1225 1229/1229/1229
f 1230/1230/1230 1228/1228/1228 1229/1229/1229
f 1231/1231/1231 1223/1223/1223 1187/1187/1187
f 1224/1224/1224 1223/1223/1223 1231/1231/1231
f 1225/1225/1225 1224/1224/1224 1232/1232/1232
f 1232/1232/1232 1224/1224/1224 1231/1231/1231
f 1233/1233/1233 1225/1225/1225 1232/1232/1232
f 1225/1225/1225 1233/1233/1233 1229/1229/1229
f 1234/1234/1234 1230/1230/1230 1229/1229/1229
f 1235/1235/1235 1230/1230/1230 1234/1234/1234
f 1233/1233/1233 1232/1232/1232 1236/1236/1236
f 1236/1236/1236 1232/1232/1232 1231/1231/1231
f 1229/1229/1229 1233/1233/1233 1237/1237/1237
f 1234/1234/1234 1229/1229/1229 1237/1237/1237
f 1237/1237/1237 1233/1233/1233 1236/1236/1236
f 1238/1238/1238 1231/1231/1231 1187/1187/1187
f 1238/1238/1238 1187/1187/1187 1191/1191/1191
f 1239/1239/1239 1234/1234/1234 1237/1237/1237
f 1239/1239/1239 1235/1235/1235 1234/1234/1234
f 1236/1236/1236 1231/1231/1231 1240/1240/1240
f 1240/1240/1240 1231/1231/1231 1238/1238/1238
f 1241/1241/1241 1236/1236/1236 1240/1240/1240
f 1242/1242/1242 1237/1237/1237 1236/1236/1236
f 1237/1237/1237 1242/1242/1242 1239/1239/1239
f 1236/1236/1236 1241/1241/1241 1242/1242/1242
f 1238/1238/1238 1191/1191/1191 1243/1243/1243
f 1243/1243/1243 1191/1191/1191 1193/1193/1193
f 1244/1244/1244 1240/1240/1240 1238/1238/1238
f 1244/1244/1244 1238/1238/1238 1243/1243/1243
f 1243/1243/1243 1193/1193/1193 1245/1245/1245
f 1245/1245/1245 1193/1193/1193 1194/1194/1194
f 1240/1240/1240 1244/1244/1244 1246/1246/1246
f 1240/1240/1240 1246/1246/1246 1241/1241/1241
f 1247/1247/1247 1244/1244/1244 1243/1243/1243
f 1245/1245/1245 1247/1247/1247 1243/1243/1243
f 1244/1244/1244 1247/1247/1247 1246/1246/1246
f 1248/1248/1248 1245/1245/1245 1194/1194/1194
f 1245/1245/1245 1248/1248/1248 1247/1247/1247
f 1246/1246/1246 1247/1247/1247 1249/1249/1249
f 1247/1247/1247 1248/1248/1248 1249/1249/1249
f 1250/1250/1250 1248/1248/1248 1194/1194/1194
f 1250/1250/1250 1194/1194/1194 1196/1196/1196
f 1248/1248/1248 1250/1250/1250 1251/1251/1251
f 1249/1249/1249 1248/1248/1248 1251/1251/1251
f 1250/1250/1250 1196/1196/1196 1252/1252/1252
f 1251/1251/1251 1250/1250/1250 1252/1252/1252
f 1199/1199/1199 1252/1252/1252 1196/1196/1196
f 1246/1246/1246 1249/1249/1249 1253/1253/1253
f 1253/1253/1253 1241/1241/1241 1246/1246/1246
f 1249/1249/1249 1251/1251/1251 1254/1254/1254
f 1253/1253/1253 1249/1249/1249 1254/1254/1254
f 1251/1251/1251 1252/1252/1252 1255/1255/1255
f 1254/1254/1254 1251/1251/1251 1255/1255/1255
f 1252/1252/1252 1199/1199/1199 1256/1256/1256
f 1255/1255/1255 1252/1252/1252 1256/1256/1256
f 1199/1199/1199 1257/1257/1257 1256/1256/1256
f 1199/1199/1199 1167/1167/1167 1257/1257/1257
f 1167/1167/1167 1258/1258/1258 1257/1257/1257
f 1259/1259/1259 1257/1257/1257 1258/1258/1258
f 1260/1260/1260 1259/1259/1259 1258/1258/1258
f 1261/1261/1261 1256/1256/1256 1257/1257/1257
f 1259/1259/1259 1261/1261/1261 1257/1257/1257
f 1262/1262/1262 1259/1259/1259 1260/1260/1260
f 1263/1263/1263 1262/1262/1262 1260/1260/1260
f 1261/1261/1261 1264/1264/1264 1256/1256/1256
f 1255/1255/1255 1256/1256/1256 1264/1264/1264
f 1265/1265/1265 1261/1261/1261 1259/1259/1259
f 1262/1262/1262 1265/1265/1265 1259/1259/1259
f 1265/1265/1265 1264/1264/1264 1261/1261/1261
f 1266/1266/1266 1262/1262/1262 1263/1263/1263
f 1262/1262/1262 1266/1266/1266 1265/1265/1265
f 1267/1267/1267 1266/1266/1266 1263/1263/1263
f 1264/1264/1264 1265/1265/1265 1268/1268/1268
f 1266/1266/1266 1268/1268/1268 1265/1265/1265
f 1269/1269/1269 1266/1266/1266 1267/1267/1267
f 1270/1270/1270 1269/1269/1269 1267/1267/1267
f 1271/1271/1271 1268/1268/1268 1266/1266/1266
f 1269/1269/1269 1271/1271/1271 1266/1266/1266
f 1272/1272/1272 1269/1269/1269 1270/1270/1270
f 1269/1269/1269 1272/1272/1272 1271/1271/1271
f 1273/1273/1273 1272/1272/1272 1270/1270/1270
f 1274/1274/1274 1264/1264/1264 1268/1268/1268
f 1271/1271/1271 1274/1274/1274 1268/1268/1268
f 1275/1275/1275 1255/1255/1255 1264/1264/1264
f 1264/1264/1264 1274/1274/1274 1275/1275/1275
f 1272/1272/1272 1276/1276/1276 1271/1271/1271
f 1274/1274/1274 1271/1271/1271 1276/1276/1276
f 1272/1272/1272 1273/1273/1273 1277/1277/1277
f 1272/1272/1272 1277/1277/1277 1276/1276/1276
f 1273/1273/1273 1278/1278/1278 1277/1277/1277
f 1275/1275/1275 1279/1279/1279 1255/1255/1255
f 1254/1254/1254 1255/1255/1255 1279/1279/1279
f 1274/1274/1274 1280/1280/1280 1275/1275/1275
f 1279/1279/1279 1275/1275/1275 1280/1280/1280
f 1281/1281/1281 1274/1274/1274 1276/1276/1276
f 1274/1274/1274 1281/1281/1281 1280/1280/1280
f 1277/1277/1277 1282/1282/1282 1276/1276/1276
f 1281/1281/1281 1276/1276/1276 1282/1282/1282
f 1277/1277/1277 1278/1278/1278 1283/1283/1283
f 1277/1277/1277 1283/1283/1283 1282/1282/1282
f 1278/1278/1278 1284/1284/1284 1283/1283/1283
f 1285/1285/1285 1254/1254/1254 1279/1279/1279
f 1253/1253/1253 1254/1254/1254 1285/1285/1285
f 1286/1286/1286 1279/1279/1279 1280/1280/1280
f 1285/1285/1285 1279/1279/1279 1286/1286/1286
f 1287/1287/1287 1253/1253/1253 1285/1285/1285
f 1241/1241/1241 1253/1253/1253 1287/1287/1287
f 1285/1285/1285 1288/1288/1288 1287/1287/1287
f 1288/1288/1288 1285/1285/1285 1286/1286/1286
f 1286/1286/1286 1280/1280/1280 1289/1289/1289
f 1281/1281/1281 1289/1289/1289 1280/1280/1280
f 1281/1281/1281 1282/1282/1282 1290/1290/1290
f 1283/1283/1283 1290/1290/1290 1282/1282/1282
f 1283/1283/1283 1284/1284/1284 1291/1291/1291
f 1284/1284/1284 1292/1292/1292 1291/1291/1291
f 1241/1241/1241 1287/1287/1287 1293/1293/1293
f 1288/1288/1288 1293/1293/1293 1287/1287/1287
f 1288/1288/1288 1286/1286/1286 1294/1294/1294
f 1294/1294/1294 1286/1286/1286 1289/1289/1289
f 1289/1289/1289 1281/1281/1281 1295/1295/1295
f 1295/1295/1295 1281/1281/1281 1290/1290/1290
f 1290/1290/1290 1283/1283/1283 1296/1296/1296
f 1283/1283/1283 1291/1291/1291 1296/1296/1296
f 1296/1296/1296 1295/1295/1295 1290/1290/1290
f 1297/1297/1297 1291/1291/1291 1292/1292/1292
f 1291/1291/1291 1297/1297/1297 1296/1296/1296
f 1298/1298/1298 1297/1297/1297 1292/1292/1292
f 1298/1298/1298 1299/1299/1299 1297/1297/1297
f 1293/1293/1293 1288/1288/1288 1300/1300/1300
f 1300/1300/1300 1288/1288/1288 1294/1294/1294
f 1294/1294/1294 1289/1289/1289 1301/1301/1301
f 1301/1301/1301 1289/1289/1289 1295/1295/1295
f 1295/1295/1295 1296/1296/1296 1302/1302/1302
f 1297/1297/1297 1302/1302/1302 1296/1296/1296
f 1299/1299/1299 1303/1303/1303 1297/1297/1297
f 1297/1297/1297 1303/1303/1303 1302/1302/1302
f 1299/1299/1299 1304/1304/1304 1303/1303/1303
f 1305/1305/1305 1295/1295/1295 1302/1302/1302
f 1301/1301/1301 1295/1295/1295 1305/1305/1305
f 1306/1306/1306 1294/1294/1294 1301/1301/1301
f 1300/1300/1300 1294/1294/1294 1306/1306/1306
f 1307/1307/1307 1293/1293/1293 1300/1300/1300
f 1241/1241/1241 1293/1293/1293 1307/1307/1307
f 1242/1242/1242 1241/1241/1241 1307/1307/1307
f 1303/1303/1303 1308/1308/1308 1302/1302/1302
f 1308/1308/1308 1305/1305/1305 1302/1302/1302
f 1304/1304/1304 1309/1309/1309 1303/1303/1303
f 1303/1303/1303 1309/1309/1309 1308/1308/1308
f 1304/1304/1304 1310/1310/1310 1309/1309/1309
f 1307/1307/1307 1300/1300/1300 1311/1311/1311
f 1311/1311/1311 1300/1300/1300 1306/1306/1306
f 1306/1306/1306 1301/1301/1301 1312/1312/1312
f 1312/1312/1312 1301/1301/1301 1305/1305/1305
f 1313/1313/1313 1242/1242/1242 1307/1307/1307
f 1313/1313/1313 1307/1307/1307 1311/1311/1311
f 1305/1305/1305 1308/1308/1308 1314/1314/1314
f 1309/1309/1309 1314/1314/1314 1308/1308/1308
f 1310/1310/1310 1315/1315/1315 1309/1309/1309
f 1310/1310/1310 1316/1316/1316 1315/1315/1315
f 1306/1306/1306 1317/1317/1317 1311/1311/1311
f 1317/1317/1317 1306/1306/1306 1312/1312/1312
f 1242/1242/1242 1313/1313/1313 1318/1318/1318
f 1242/1242/1242 1318/1318/1318 1239/1239/1239
f 1313/1313/1313 1311/1311/1311 1319/1319/1319
f 1317/1317/1317 1319/1319/1319 1311/1311/1311
f 1318/1318/1318 1313/1313/1313 1319/1319/1319
f 1305/1305/1305 1320/1320/1320 1312/1312/1312
f 1320/1320/1320 1305/1305/1305 1314/1314/1314
f 1321/1321/1321 1314/1314/1314 1309/1309/1309
f 1321/1321/1321 1320/1320/1320 1314/1314/1314
f 1315/1315/1315 1321/1321/1321 1309/1309/1309
f 1312/1312/1312 1322/1322/1322 1317/1317/1317
f 1320/1320/1320 1322/1322/1322 1312/1312/1312
f 1320/1320/1320 1323/1323/1323 1322/1322/1322
f 1317/1317/1317 1324/1324/1324 1319/1319/1319
f 1322/1322/1322 1324/1324/1324 1317/1317/1317
f 1319/1319/1319 1325/1325/1325 1318/1318/1318
f 1324/1324/1324 1325/1325/1325 1319/1319/1319
f 1320/1320/1320 1321/1321/1321 1326/1326/1326
f 1323/1323/1323 1320/1320/1320 1326/1326/1326
f 1315/1315/1315 1327/1327/1327 1321/1321/1321
f 1327/1327/1327 1326/1326/1326 1321/1321/1321
f 1316/1316/1316 1327/1327/1327 1315/1315/1315
f 1316/1316/1316 1328/1328/1328 1327/1327/1327
f 1328/1328/1328 1329/1329/1329 1327/1327/1327
f 1327/1327/1327 1329/1329/1329 1326/1326/1326
f 1328/1328/1328 1330/1330/1330 1329/1329/1329
f 1324/1324/1324 1322/1322/1322 1331/1331/1331
f 1323/1323/1323 1331/1331/1331 1322/1322/1322
f 1325/1325/1325 1332/1332/1332 1318/1318/1318
f 1318/1318/1318 1332/1332/1332 1239/1239/1239
f 1324/1324/1324 1333/1333/1333 1325/1325/1325
f 1333/1333/1333 1324/1324/1324 1331/1331/1331
f 1239/1239/1239 1332/1332/1332 1334/1334/1334
f 1235/1235/1235 1239/1239/1239 1334/1334/1334
f 1325/1325/1325 1335/1335/1335 1332/1332/1332
f 1333/1333/1333 1335/1335/1335 1325/1325/1325
f 1335/1335/1335 1334/1334/1334 1332/1332/1332
f 1235/1235/1235 1334/1334/1334 1336/1336/1336
f 1334/1334/1334 1335/1335/1335 1336/1336/1336
f 1336/1336/1336 1337/1337/1337 1235/1235/1235
f 1337/1337/1337 1336/1336/1336 1338/1338/1338
f 1336/1336/1336 1339/1339/1339 1338/1338/1338
f 1335/1335/1335 1339/1339/1339 1336/1336/1336
f 1338/1338/1338 1339/1339/1339 1340/1340/1340
f 1333/1333/1333 1341/1341/1341 1335/1335/1335
f 1341/1341/1341 1339/1339/1339 1335/1335/1335
f 1341/1341/1341 1333/1333/1333 1331/1331/1331
f 1339/1339/1339 1341/1341/1341 1340/1340/1340
f 1342/1342/1342 1341/1341/1341 1331/1331/1331
f 1341/1341/1341 1342/1342/1342 1340/1340/1340
f 1342/1342/1342 1343/1343/1343 1340/1340/1340
f 1343/1343/1343 1342/1342/1342 1344/1344/1344
f 1342/1342/1342 1331/1331/1331 1323/1323/1323
f 1342/1342/1342 1345/1345/1345 1344/1344/1344
f 1345/1345/1345 1342/1342/1342 1323/1323/1323
f 1346/1346/1346 1344/1344/1344 1345/1345/1345
f 1347/1347/1347 1346/1346/1346 1345/1345/1345
f 1346/1346/1346 1347/1347/1347 1348/1348/1348
f 1345/1345/1345 1323/1323/1323 1349/1349/1349
f 1345/1345/1345 1349/1349/1349 1347/1347/1347
f 1347/1347/1347 1350/1350/1350 1348/1348/1348
f 1351/1351/1351 1348/1348/1348 1350/1350/1350
f 1352/1352/1352 1351/1351/1351 1350/1350/1350
f 1353/1353/1353 1350/1350/1350 1347/1347/1347
f 1350/1350/1350 1353/1353/1353 1352/1352/1352
f 1349/1349/1349 1353/1353/1353 1347/1347/1347
f 1353/1353/1353 1330/1330/1330 1352/1352/1352
f 1330/1330/1330 1353/1353/1353 1329/1329/1329
f 1353/1353/1353 1349/1349/1349 1329/1329/1329
f 1323/1323/1323 1354/1354/1354 1349/1349/1349
f 1349/1349/1349 1354/1354/1354 1329/1329/1329
f 1323/1323/1323 1326/1326/1326 1354/1354/1354
f 1329/1329/1329 1354/1354/1354 1326/1326/1326
f 1357/1357/1357 1356/1356/1356 1355/1355/1355
f 1358/1358/1358 1357/1357/1357 1355/1355/1355
f 1358/1358/1358 1355/1355/1355 1359/1359/1359
f 1360/1360/1360 1357/1357/1357 1358/1358/1358
f 1361/1361/1361 1358/1358/1358 1359/1359/1359
f 1361/1361/1361 1359/1359/1359 1362/1362/1362
f 1363/1363/1363 1360/1360/1360 1358/1358/1358
f 1363/1363/1363 1358/1358/1358 1361/1361/1361
f 1360/1360/1360 1363/1363/1363 1364/1364/1364
f 1363/1363/1363 1365/1365/1365 1364/1364/1364
f 1363/1363/1363 1366/1366/1366 1365/1365/1365
f 1366/1366/1366 1363/1363/1363 1361/1361/1361
f 1366/1366/1366 1367/1367/1367 1365/1365/1365
f 1366/1366/1366 1368/1368/1368 1367/1367/1367
f 1366/1366/1366 1361/1361/1361 1368/1368/1368
f 1368/1368/1368 1369/1369/1369 1367/1367/1367
f 1370/1370/1370 1361/1361/1361 1362/1362/1362
f 1361/1361/1361 1370/1370/1370 1368/1368/1368
f 1370/1370/1370 1362/1362/1362 1371/1371/1371
f 1372/1372/1372 1370/1370/1370 1371/1371/1371
f 1368/1368/1368 1370/1370/1370 1372/1372/1372
f 1372/1372/1372 1371/1371/1371 1373/1373/1373
f 1368/1368/1368 1374/1374/1374 1369/1369/1369
f 1374/1374/1374 1368/1368/1368 1372/1372/1372
f 1374/1374/1374 1375/1375/1375 1369/1369/1369
f 1374/1374/1374 1376/1376/1376 1375/1375/1375
f 1374/1374/1374 1372/1372/1372 1376/1376/1376
f 1376/1376/1376 1377/1377/1377 1375/1375/1375
f 1378/1378/1378 1372/1372/1372 1373/1373/1373
f 1372/1372/1372 1378/1378/1378 1376/1376/1376
f 1378/1378/1378 1373/1373/1373 1379/1379/1379
f 1380/1380/1380 1378/1378/1378 1379/1379/1379
f 1376/1376/1376 1378/1378/1378 1380/1380/1380
f 1380/1380/1380 1379/1379/1379 1381/1381/1381
f 1376/1376/1376 1382/1382/1382 1377/1377/1377
f 1382/1382/1382 1376/1376/1376 1380/1380/1380
f 1382/1382/1382 1383/1383/1383 1377/1377/1377
f 1384/1384/1384 1380/1380/1380 1381/1381/1381
f 1380/1380/1380 1384/1384/1384 1382/1382/1382
f 1384/1384/1384 1381/1381/1381 1385/1385/1385
f 1382/1382/1382 1386/1386/1386 1383/1383/1383
f 1384/1384/1384 1386/1386/1386 1382/1382/1382
f 1386/1386/1386 1387/1387/1387 1383/1383/1383
f 1388/1388/1388 1384/1384/1384 1385/1385/1385
f 1384/1384/1384 1388/1388/1388 1386/1386/1386
f 1388/1388/1388 1385/1385/1385 1389/1389/1389
f 1386/1386/1386 1390/1390/1390 1387/1387/1387
f 1388/1388/1388 1390/1390/1390 1386/1386/1386
f 1390/1390/1390 1391/1391/1391 1387/1387/1387
f 1392/1392/1392 1388/1388/1388 1389/1389/1389
f 1388/1388/1388 1392/1392/1392 1390/1390/1390
f 1392/1392/1392 1389/1389/1389 1393/1393/1393
f 1390/1390/1390 1394/1394/1394 1391/1391/1391
f 1392/1392/1392 1394/1394/1394 1390/1390/1390
f 1394/1394/1394 1395/1395/1395 1391/1391/1391
f 1396/1396/1396 1392/1392/1392 1393/1393/1393
f 1394/1394/1394 1392/1392/1392 1396/1396/1396
f 1396/1396/1396 1393/1393/1393 1397/1397/1397
f 1394/1394/1394 1398/1398/1398 1395/1395/1395
f 1398/1398/1398 1394/1394/1394 1396/1396/1396
f 1398/1398/1398 1399/1399/1399 1395/1395/1395
f 1400/1400/1400 1396/1396/1396 1397/1397/1397
f 1398/1398/1398 1396/1396/1396 1400/1400/1400
f 1400/1400/1400 1397/1397/1397 1401/1401/1401
f 1398/1398/1398 1402/1402/1402 1399/1399/1399
f 1400/1400/1400 1402/1402/1402 1398/1398/1398
f 1402/1402/1402 1403/1403/1403 1399/1399/1399
f 1404/1404/1404 1400/1400/1400 1401/1401/1401
f 1402/1402/1402 1400/1400/1400 1404/1404/1404
f 1404/1404/1404 1401/1401/1401 1405/1405/1405
f 1402/1402/1402 1406/1406/1406 1403/1403/1403
f 1406/1406/1406 1402/1402/1402 1404/1404/1404
f 1406/1406/1406 1407/1407/1407 1403/1403/1403
f 1408/1408/1408 1404/1404/1404 1405/1405/1405
f 1406/1406/1406 1404/1404/1404 1408/1408/1408
f 1408/1408/1408 1405/1405/1405 1409/1409/1409
f 1410/1410/1410 1408/1408/1408 1409/1409/1409
f 1410/1410/1410 1406/1406/1406 1408/1408/1408
f 1410/1410/1410 1409/1409/1409 1411/1411/1411
f 1406/1406/1406 1412/1412/1412 1407/1407/1407
f 1410/1410/1410 1412/1412/1412 1406/1406/1406
f 1412/1412/1412 1413/1413/1413 1407/1407/1407
f 1414/1414/1414 1410/1410/1410 1411/1411/1411
f 1410/1410/1410 1414/1414/1414 1412/1412/1412
f 1414/1414/1414 1411/1411/1411 1415/1415/1415
f 1412/1412/1412 1416/1416/1416 1413/1413/1413
f 1414/1414/1414 1416/1416/1416 1412/1412/1412
f 1416/1416/1416 1417/1417/1417 1413/1413/1413
f 1418/1418/1418 1414/1414/1414 1415/1415/1415
f 1418/1418/1418 1416/1416/1416 1414/1414/1414
f 1418/1418/1418 1415/1415/1415 1419/1419/1419
f 1420/1420/1420 1418/1418/1418 1419/1419/1419
f 1418/1418/1418 1420/1420/1420 1421/1421/1421
f 1417/1417/1417 1416/1416/1416 1422/1422/1422
f 1418/1418/1418 1422/1422/1422 1416/1416/1416
f 1422/1422/1422 1418/1418/1418 1421/1421/1421
f 1422/1422/1422 1423/1423/1423 1417/1417/1417
f 1422/1422/1422 1421/1421/1421 1423/1423/1423
f 1426/1426/1426 1425/1425/1425 1424/1424/1424
f 1427/1427/1427 1426/1426/1426 1424/1424/1424
f 1427/1427/1427 1424/1424/1424 1428/1428/1428
f 1429/1429/1429 1427/1427/1427 1428/1428/1428
f 1429/1429/1429 1428/1428/1428 1430/1430/1430
f 1431/1431/1431 1429/1429/1429 1430/1430/1430
f 1431/1431/1431 1430/1430/1430 1432/1432/1432
f 1431/1431/1431 1432/1432/1432 1433/1433/1433
f 1430/1430/1430 1434/1434/1434 1432/1432/1432
f 1432/1432/1432 1435/1435/1435 1433/1433/1433
f 1436/1436/1436 1432/1432/1432 1434/1434/1434
f 1432/1432/1432 1436/1436/1436 1435/1435/1435
f 1436/1436/1436 1437/1437/1437 1435/1435/1435
f 1438/1438/1438 1436/1436/1436 1434/1434/1434
f 1439/1439/1439 1436/1436/1436 1438/1438/1438
f 1440/1440/1440 1439/1439/1439 1438/1438/1438
f 1440/1440/1440 1441/1441/1441 1439/1439/1439
f 1441/1441/1441 1442/1442/1442 1439/1439/1439
f 1439/1439/1439 1442/1442/1442 1443/1443/1443
f 1442/1442/1442 1441/1441/1441 1444/1444/1444
f 1442/1442/1442 1445/1445/1445 1443/1443/1443
f 1446/1446/1446 1442/1442/1442 1444/1444/1444
f 1442/1442/1442 1446/1446/1446 1445/1445/1445
f 1446/1446/1446 1444/1444/1444 1447/1447/1447
f 1446/1446/1446 1448/1448/1448 1445/1445/1445
f 1451/1451/1451 1450/1450/1450 1449/1449/1449
f 1452/1452/1452 1451/1451/1451 1449/1449/1449
f 1452/1452/1452 1453/1453/1453 1451/1451/1451
f 1454/1454/1454 1451/1451/1451 1453/1453/1453
f 1455/1455/1455 1454/1454/1454 1453/1453/1453
f 1454/1454/1454 1455/1455/1455 1456/1456/1456
f 1455/1455/1455 1457/1457/1457 1456/1456/1456
f 1458/1458/1458 1456/1456/1456 1457/1457/1457
f 1456/1456/1456 1458/1458/1458 1459/1459/1459
f 1460/1460/1460 1458/1458/1458 1457/1457/1457
f 1458/1458/1458 1461/1461/1461 1459/1459/1459
f 1458/1458/1458 1460/1460/1460 1462/1462/1462
f 1458/1458/1458 1462/1462/1462 1461/1461/1461
f 1460/1460/1460 1463/1463/1463 1462/1462/1462
f 1463/1463/1463 1464/1464/1464 1462/1462/1462
f 1462/1462/1462 1465/1465/1465 1461/1461/1461
f 1464/1464/1464 1466/1466/1466 1462/1462/1462
f 1462/1462/1462 1466/1466/1466 1465/1465/1465
f 1466/1466/1466 1467/1467/1467 1465/1465/1465
f 1470/1470/1470 1469/1469/1469 1468/1468/1468
f 1471/1471/1471 1470/1470/1470 1468/1468/1468
f 1471/1471/1471 1468/1468/1468 1472/1472/1472
f 1473/1473/1473 1471/1471/1471 1472/1472/1472
f 1473/1473/1473 1472/1472/1472 1474/1474/1474
f 1475/1475/1475 1473/1473/1473 1474/1474/1474
f 1475/1475/1475 1474/1474/1474 1476/1476/1476
f 1477/1477/1477 1475/1475/1475 1476/1476/1476
f 1477/1477/1477 1476/1476/1476 1478/1478/1478
f 1479/1479/1479 1477/1477/1477 1478/1478/1478
f 1479/1479/1479 1478/1478/1478 1480/1480/1480
f 1481/1481/1481 1479/1479/1479 1480/1480/1480
f 1481/1481/1481 1480/1480/1480 1482/1482/1482
f 1483/1483/1483 1481/1481/1481 1482/1482/1482
f 1483/1483/1483 1482/1482/1482 1484/1484/1484
f 1485/1485/1485 1483/1483/1483 1484/1484/1484
f 1485/1485/1485 1484/1484/1484 1486/1486/1486
f 1487/1487/1487 1485/1485/1485 1486/1486/1486
f 1487/1487/1487 1486/1486/1486 1488/1488/1488
f 1489/1489/1489 1487/1487/1487 1488/1488/1488
f 1489/1489/1489 1488/1488/1488 1490/1490/1490
f 1491/1491/1491 1489/1489/1489 1490/1490/1490
f 1491/1491/1491 1490/1490/1490 1492/1492/1492
f 1492/1492/1492 1490/1490/1490 1493/1493/1493
f 1494/1494/1494 1491/1491/1491 1492/1492/1492
f 1492/1492/1492 1493/1493/1493 1495/1495/1495
f 1494/1494/1494 1492/1492/1492 1495/1495/1495
f 1493/1493/1493 1496/1496/1496 1495/1495/1495
f 1495/1495/1495 1496/1496/1496 1497/1497/1497
f 1494/1494/1494 1495/1495/1495 1498/1498/1498
f 1498/1498/1498 1495/1495/1495 1497/1497/1497
f 1498/1498/1498 1499/1499/1499 1494/1494/1494
f 1498/1498/1498 1497/1497/1497 1499/1499/1499
f 1497/1497/1497 1500/1500/1500 1499/1499/1499
f 1503/1503/1503 1502/1502/1502 1501/1501/1501
f 1504/1504/1504 1503/1503/1503 1501/1501/1501
f 1505/1505/1505 1504/1504/1504 1501/1501/1501
f 1506/1506/1506 1505/1505/1505 1501/1501/1501
f 1503/1503/1503 1504/1504/1504 1507/1507/1507
f 1508/1508/1508 1503/1503/1503 1507/1507/1507
f 1509/1509/1509 1508/1508/1508 1507/1507/1507
f 1510/1510/1510 1505/1505/1505 1506/1506/1506
f 1511/1511/1511 1510/1510/1510 1506/1506/1506
f 1504/1504/1504 1505/1505/1505 1512/1512/1512
f 1507/1507/1507 1504/1504/1504 1512/1512/1512
f 1513/1513/1513 1509/1509/1509 1507/1507/1507
f 1514/1514/1514 1509/1509/1509 1513/1513/1513
f 1515/1515/1515 1513/1513/1513 1507/1507/1507
f 1512/1512/1512 1515/1515/1515 1507/1507/1507
f 1512/1512/1512 1505/1505/1505 1516/1516/1516
f 1505/1505/1505 1510/1510/1510 1516/1516/1516
f 1517/1517/1517 1510/1510/1510 1511/1511/1511
f 1518/1518/1518 1517/1517/1517 1511/1511/1511
f 1519/1519/1519 1514/1514/1514 1513/1513/1513
f 1519/1519/1519 1513/1513/1513 1515/1515/1515
f 1520/1520/1520 1515/1515/1515 1512/1512/1512
f 1516/1516/1516 1520/1520/1520 1512/1512/1512
f 1516/1516/1516 1510/1510/1510 1521/1521/1521
f 1510/1510/1510 1517/1517/1517 1521/1521/1521
f 1522/1522/1522 1517/1517/1517 1518/1518/1518
f 1523/1523/1523 1522/1522/1522 1518/1518/1518
f 1514/1514/1514 1519/1519/1519 1524/1524/1524
f 1525/1525/1525 1514/1514/1514 1524/1524/1524
f 1526/1526/1526 1519/1519/1519 1515/1515/1515
f 1526/1526/1526 1515/1515/1515 1520/1520/1520
f 1524/1524/1524 1519/1519/1519 1526/1526/1526
f 1527/1527/1527 1520/1520/1520 1516/1516/1516
f 1521/1521/1521 1527/1527/1527 1516/1516/1516
f 1517/1517/1517 1522/1522/1522 1528/1528/1528
f 1521/1521/1521 1517/1517/1517 1528/1528/1528
f 1522/1522/1522 1523/1523/1523 1529/1529/1529
f 1528/1528/1528 1522/1522/1522 1529/1529/1529
f 1530/1530/1530 1526/1526/1526 1520/1520/1520
f 1530/1530/1530 1520/1520/1520 1527/1527/1527
f 1531/1531/1531 1527/1527/1527 1521/1521/1521
f 1528/1528/1528 1531/1531/1531 1521/1521/1521
f 1532/1532/1532 1531/1531/1531 1528/1528/1528
f 1533/1533/1533 1527/1527/1527 1531/1531/1531
f 1533/1533/1533 1530/1530/1530 1527/1527/1527
f 1532/1532/1532 1533/1533/1533 1531/1531/1531
f 1534/1534/1534 1526/1526/1526 1530/1530/1530
f 1534/1534/1534 1524/1524/1524 1526/1526/1526
f 1523/1523/1523 1535/1535/1535 1529/1529/1529
f 1535/1535/1535 1523/1523/1523 1536/1536/1536
f 1537/1537/1537 1528/1528/1528 1529/1529/1529
f 1537/1537/1537 1532/1532/1532 1528/1528/1528
f 1537/1537/1537 1529/1529/1529 1538/1538/1538
f 1535/1535/1535 1538/1538/1538 1529/1529/1529
f 1535/1535/1535 1539/1539/1539 1538/1538/1538
f 1539/1539/1539 1535/1535/1535 1540/1540/1540
f 1541/1541/1541 1535/1535/1535 1536/1536/1536
f 1535/1535/1535 1541/1541/1541 1540/1540/1540
f 1541/1541/1541 1536/1536/1536 1542/1542/1542
f 1541/1541/1541 1542/1542/1542 1540/1540/1540
f 1536/1536/1536 1543/1543/1543 1542/1542/1542
f 1543/1543/1543 1544/1544/1544 1542/1542/1542
f 1532/1532/1532 1537/1537/1537 1545/1545/1545
f 1545/1545/1545 1537/1537/1537 1538/1538/1538
f 1545/1545/1545 1538/1538/1538 1546/1546/1546
f 1546/1546/1546 1532/1532/1532 1545/1545/1545
f 1539/1539/1539 1547/1547/1547 1538/1538/1538
f 1538/1538/1538 1547/1547/1547 1546/1546/1546
f 1546/1546/1546 1547/1547/1547 1548/1548/1548
f 1539/1539/1539 1548/1548/1548 1547/1547/1547
f 1532/1532/1532 1546/1546/1546 1549/1549/1549
f 1549/1549/1549 1546/1546/1546 1548/1548/1548
f 1549/1549/1549 1548/1548/1548 1550/1550/1550
f 1551/1551/1551 1532/1532/1532 1549/1549/1549
f 1551/1551/1551 1549/1549/1549 1550/1550/1550
f 1533/1533/1533 1532/1532/1532 1551/1551/1551
f 1552/1552/1552 1533/1533/1533 1551/1551/1551
f 1552/1552/1552 1551/1551/1551 1550/1550/1550
f 1552/1552/1552 1553/1553/1553 1533/1533/1533
f 1552/1552/1552 1550/1550/1550 1553/1553/1553
f 1553/1553/1553 1530/1530/1530 1533/1533/1533
f 1553/1553/1553 1534/1534/1534 1530/1530/1530
f 1553/1553/1553 1554/1554/1554 1534/1534/1534
f 1550/1550/1550 1554/1554/1554 1553/1553/1553
f 1554/1554/1554 1555/1555/1555 1534/1534/1534
f 1534/1534/1534 1555/1555/1555 1524/1524/1524
f 1555/1555/1555 1556/1556/1556 1524/1524/1524
f 1524/1524/1524 1556/1556/1556 1525/1525/1525
f 1556/1556/1556 1557/1557/1557 1525/1525/1525
f 1558/1558/1558 1557/1557/1557 1556/1556/1556
f 1555/1555/1555 1554/1554/1554 1559/1559/1559
f 1555/1555/1555 1559/1559/1559 1556/1556/1556
f 1560/1560/1560 1558/1558/1558 1556/1556/1556
f 1559/1559/1559 1560/1560/1560 1556/1556/1556
f 1561/1561/1561 1558/1558/1558 1560/1560/1560
f 1554/1554/1554 1550/1550/1550 1562/1562/1562
f 1554/1554/1554 1562/1562/1562 1559/1559/1559
f 1563/1563/1563 1560/1560/1560 1559/1559/1559
f 1563/1563/1563 1561/1561/1561 1560/1560/1560
f 1550/1550/1550 1564/1564/1564 1562/1562/1562
f 1548/1548/1548 1564/1564/1564 1550/1550/1550
f 1565/1565/1565 1559/1559/1559 1562/1562/1562
f 1565/1565/1565 1563/1563/1563 1559/1559/1559
f 1561/1561/1561 1563/1563/1563 1566/1566/1566
f 1567/1567/1567 1561/1561/1561 1566/1566/1566
f 1568/1568/1568 1567/1567/1567 1566/1566/1566
f 1548/1548/1548 1569/1569/1569 1564/1564/1564
f 1539/1539/1539 1569/1569/1569 1548/1548/1548
f 1570/1570/1570 1562/1562/1562 1564/1564/1564
f 1570/1570/1570 1565/1565/1565 1562/1562/1562
f 1563/1563/1563 1565/1565/1565 1571/1571/1571
f 1566/1566/1566 1563/1563/1563 1571/1571/1571
f 1572/1572/1572 1568/1568/1568 1566/1566/1566
f 1573/1573/1573 1568/1568/1568 1572/1572/1572
f 1574/1574/1574 1572/1572/1572 1566/1566/1566
f 1571/1571/1571 1574/1574/1574 1566/1566/1566
f 1575/1575/1575 1573/1573/1573 1572/1572/1572
f 1572/1572/1572 1574/1574/1574 1575/1575/1575
f 1576/1576/1576 1573/1573/1573 1575/1575/1575
f 1571/1571/1571 1565/1565/1565 1577/1577/1577
f 1565/1565/1565 1570/1570/1570 1577/1577/1577
f 1578/1578/1578 1570/1570/1570 1564/1564/1564
f 1569/1569/1569 1578/1578/1578 1564/1564/1564
f 1570/1570/1570 1578/1578/1578 1579/1579/1579
f 1577/1577/1577 1570/1570/1570 1579/1579/1579
f 1579/1579/1579 1578/1578/1578 1569/1569/1569
f 1580/1580/1580 1574/1574/1574 1571/1571/1571
f 1577/1577/1577 1580/1580/1580 1571/1571/1571
f 1574/1574/1574 1581/1581/1581 1575/1575/1575
f 1574/1574/1574 1580/1580/1580 1581/1581/1581
f 1582/1582/1582 1576/1576/1576 1575/1575/1575
f 1575/1575/1575 1581/1581/1581 1582/1582/1582
f 1583/1583/1583 1580/1580/1580 1577/1577/1577
f 1579/1579/1579 1583/1583/1583 1577/1577/1577
f 1580/1580/1580 1584/1584/1584 1581/1581/1581
f 1580/1580/1580 1583/1583/1583 1584/1584/1584
f 1582/1582/1582 1585/1585/1585 1576/1576/1576
f 1585/1585/1585 1586/1586/1586 1576/1576/1576
f 1581/1581/1581 1587/1587/1587 1582/1582/1582
f 1581/1581/1581 1584/1584/1584 1587/1587/1587
f 1585/1585/1585 1588/1588/1588 1586/1586/1586
f 1588/1588/1588 1589/1589/1589 1586/1586/1586
f 1590/1590/1590 1589/1589/1589 1588/1588/1588
f 1591/1591/1591 1585/1585/1585 1582/1582/1582
f 1587/1587/1587 1591/1591/1591 1582/1582/1582
f 1585/1585/1585 1591/1591/1591 1588/1588/1588
f 1592/1592/1592 1583/1583/1583 1579/1579/1579
f 1583/1583/1583 1593/1593/1593 1584/1584/1584
f 1583/1583/1583 1592/1592/1592 1593/1593/1593
f 1592/1592/1592 1594/1594/1594 1593/1593/1593
f 1594/1594/1594 1592/1592/1592 1595/1595/1595
f 1595/1595/1595 1592/1592/1592 1579/1579/1579
f 1595/1595/1595 1579/1579/1579 1569/1569/1569
f 1584/1584/1584 1596/1596/1596 1587/1587/1587
f 1584/1584/1584 1593/1593/1593 1596/1596/1596
f 1597/1597/1597 1591/1591/1591 1587/1587/1587
f 1596/1596/1596 1597/1597/1597 1587/1587/1587
f 1598/1598/1598 1597/1597/1597 1596/1596/1596
f 1593/1593/1593 1599/1599/1599 1596/1596/1596
f 1593/1593/1593 1594/1594/1594 1599/1599/1599
f 1599/1599/1599 1598/1598/1598 1596/1596/1596
f 1591/1591/1591 1600/1600/1600 1588/1588/1588
f 1591/1591/1591 1597/1597/1597 1600/1600/1600
f 1595/1595/1595 1569/1569/1569 1601/1601/1601
f 1569/1569/1569 1539/1539/1539 1601/1601/1601
f 1594/1594/1594 1602/1602/1602 1599/1599/1599
f 1599/1599/1599 1602/1602/1602 1598/1598/1598
f 1603/1603/1603 1588/1588/1588 1600/1600/1600
f 1603/1603/1603 1590/1590/1590 1588/1588/1588
f 1590/1590/1590 1603/1603/1603 1604/1604/1604
f 1605/1605/1605 1590/1590/1590 1604/1604/1604
f 1606/1606/1606 1605/1605/1605 1604/1604/1604
f 1607/1607/1607 1603/1603/1603 1600/1600/1600
f 1604/1604/1604 1603/1603/1603 1607/1607/1607
f 1608/1608/1608 1594/1594/1594 1595/1595/1595
f 1608/1608/1608 1595/1595/1595 1601/1601/1601
f 1602/1602/1602 1609/1609/1609 1598/1598/1598
f 1602/1602/1602 1594/1594/1594 1609/1609/1609
f 1610/1610/1610 1606/1606/1606 1604/1604/1604
f 1611/1611/1611 1606/1606/1606 1610/1610/1610
f 1612/1612/1612 1611/1611/1611 1610/1610/1610
f 1613/1613/1613 1611/1611/1611 1612/1612/1612
f 1614/1614/1614 1610/1610/1610 1604/1604/1604
f 1612/1612/1612 1610/1610/1610 1614/1614/1614
f 1615/1615/1615 1604/1604/1604 1607/1607/1607
f 1615/1615/1615 1614/1614/1614 1604/1604/1604
f 1608/1608/1608 1601/1601/1601 1616/1616/1616
f 1594/1594/1594 1608/1608/1608 1617/1617/1617
f 1617/1617/1617 1608/1608/1608 1616/1616/1616
f 1617/1617/1617 1618/1618/1618 1594/1594/1594
f 1617/1617/1617 1616/1616/1616 1618/1618/1618
f 1594/1594/1594 1618/1618/1618 1609/1609/1609
f 1619/1619/1619 1616/1616/1616 1601/1601/1601
f 1539/1539/1539 1619/1619/1619 1601/1601/1601
f 1609/1609/1609 1618/1618/1618 1620/1620/1620
f 1609/1609/1609 1620/1620/1620 1598/1598/1598
f 1616/1616/1616 1621/1621/1621 1618/1618/1618
f 1621/1621/1621 1616/1616/1616 1619/1619/1619
f 1618/1618/1618 1621/1621/1621 1620/1620/1620
f 1622/1622/1622 1621/1621/1621 1619/1619/1619
f 1622/1622/1622 1620/1620/1620 1621/1621/1621
f 1623/1623/1623 1619/1619/1619 1539/1539/1539
f 1540/1540/1540 1623/1623/1623 1539/1539/1539
f 1624/1624/1624 1622/1622/1622 1619/1619/1619
f 1623/1623/1623 1624/1624/1624 1619/1619/1619
f 1620/1620/1620 1625/1625/1625 1598/1598/1598
f 1626/1626/1626 1620/1620/1620 1622/1622/1622
f 1620/1620/1620 1626/1626/1626 1625/1625/1625
f 1598/1598/1598 1625/1625/1625 1627/1627/1627
f 1597/1597/1597 1598/1598/1598 1627/1627/1627
f 1597/1597/1597 1627/1627/1627 1600/1600/1600
f 1607/1607/1607 1600/1600/1600 1627/1627/1627
f 1628/1628/1628 1607/1607/1607 1627/1627/1627
f 1628/1628/1628 1627/1627/1627 1625/1625/1625
f 1615/1615/1615 1607/1607/1607 1628/1628/1628
f 1629/1629/1629 1628/1628/1628 1625/1625/1625
f 1626/1626/1626 1629/1629/1629 1625/1625/1625
f 1630/1630/1630 1615/1615/1615 1628/1628/1628
f 1630/1630/1630 1628/1628/1628 1629/1629/1629
f 1631/1631/1631 1629/1629/1629 1626/1626/1626
f 1631/1631/1631 1630/1630/1630 1629/1629/1629
f 1630/1630/1630 1632/1632/1632 1615/1615/1615
f 1632/1632/1632 1614/1614/1614 1615/1615/1615
f 1631/1631/1631 1633/1633/1633 1630/1630/1630
f 1633/1633/1633 1632/1632/1632 1630/1630/1630
f 1634/1634/1634 1614/1614/1614 1632/1632/1632
f 1634/1634/1634 1612/1612/1612 1614/1614/1614
f 1635/1635/1635 1632/1632/1632 1633/1633/1633
f 1635/1635/1635 1634/1634/1634 1632/1632/1632
f 1636/1636/1636 1612/1612/1612 1634/1634/1634
f 1636/1636/1636 1613/1613/1613 1612/1612/1612
f 1637/1637/1637 1634/1634/1634 1635/1635/1635
f 1637/1637/1637 1636/1636/1636 1634/1634/1634
f 1636/1636/1636 1638/1638/1638 1613/1613/1613
f 1638/1638/1638 1639/1639/1639 1613/1613/1613
f 1640/1640/1640 1639/1639/1639 1638/1638/1638
f 1641/1641/1641 1638/1638/1638 1636/1636/1636
f 1637/1637/1637 1641/1641/1641 1636/1636/1636
f 1642/1642/1642 1640/1640/1640 1638/1638/1638
f 1638/1638/1638 1641/1641/1641 1642/1642/1642
f 1640/1640/1640 1642/1642/1642 1643/1643/1643
f 1644/1644/1644 1640/1640/1640 1643/1643/1643
f 1645/1645/1645 1644/1644/1644 1643/1643/1643
f 1646/1646/1646 1645/1645/1645 1643/1643/1643
f 1647/1647/1647 1645/1645/1645 1646/1646/1646
f 1643/1643/1643 1642/1642/1642 1648/1648/1648
f 1643/1643/1643 1648/1648/1648 1646/1646/1646
f 1641/1641/1641 1649/1649/1649 1642/1642/1642
f 1642/1642/1642 1649/1649/1649 1648/1648/1648
f 1650/1650/1650 1641/1641/1641 1637/1637/1637
f 1641/1641/1641 1650/1650/1650 1649/1649/1649
f 1651/1651/1651 1647/1647/1647 1646/1646/1646
f 1652/1652/1652 1647/1647/1647 1651/1651/1651
f 1648/1648/1648 1653/1653/1653 1646/1646/1646
f 1646/1646/1646 1653/1653/1653 1651/1651/1651
f 1648/1648/1648 1649/1649/1649 1654/1654/1654
f 1650/1650/1650 1654/1654/1654 1649/1649/1649
f 1655/1655/1655 1650/1650/1650 1637/1637/1637
f 1655/1655/1655 1637/1637/1637 1635/1635/1635
f 1656/1656/1656 1652/1652/1652 1651/1651/1651
f 1657/1657/1657 1652/1652/1652 1656/1656/1656
f 1648/1648/1648 1658/1658/1658 1653/1653/1653
f 1658/1658/1658 1648/1648/1648 1654/1654/1654
f 1650/1650/1650 1659/1659/1659 1654/1654/1654
f 1659/1659/1659 1650/1650/1650 1655/1655/1655
f 1655/1655/1655 1635/1635/1635 1660/1660/1660
f 1660/1660/1660 1635/1635/1635 1633/1633/1633
f 1653/1653/1653 1661/1661/1661 1651/1651/1651
f 1651/1651/1651 1661/1661/1661 1656/1656/1656
f 1662/1662/1662 1657/1657/1657 1656/1656/1656
f 1663/1663/1663 1657/1657/1657 1662/1662/1662
f 1658/1658/1658 1654/1654/1654 1664/1664/1664
f 1659/1659/1659 1664/1664/1664 1654/1654/1654
f 1658/1658/1658 1665/1665/1665 1653/1653/1653
f 1653/1653/1653 1665/1665/1665 1661/1661/1661
f 1661/1661/1661 1666/1666/1666 1656/1656/1656
f 1656/1656/1656 1666/1666/1666 1662/1662/1662
f 1660/1660/1660 1633/1633/1633 1667/1667/1667
f 1668/1668/1668 1660/1660/1660 1667/1667/1667
f 1669/1669/1669 1660/1660/1660 1668/1668/1668
f 1669/1669/1669 1655/1655/1655 1660/1660/1660
f 1669/1669/1669 1659/1659/1659 1655/1655/1655
f 1667/1667/1667 1633/1633/1633 1631/1631/1631
f 1670/1670/1670 1667/1667/1667 1631/1631/1631
f 1668/1668/1668 1667/1667/1667 1670/1670/1670
f 1670/1670/1670 1631/1631/1631 1626/1626/1626
f 1669/1669/1669 1671/1671/1671 1659/1659/1659
f 1671/1671/1671 1669/1669/1669 1668/1668/1668
f 1671/1671/1671 1672/1672/1672 1659/1659/1659
f 1671/1671/1671 1668/1668/1668 1672/1672/1672
f 1659/1659/1659 1672/1672/1672 1664/1664/1664
f 1670/1670/1670 1626/1626/1626 1673/1673/1673
f 1673/1673/1673 1626/1626/1626 1622/1622/1622
f 1674/1674/1674 1673/1673/1673 1622/1622/1622
f 1675/1675/1675 1670/1670/1670 1673/1673/1673
f 1675/1675/1675 1668/1668/1668 1670/1670/1670
f 1675/1675/1675 1673/1673/1673 1674/1674/1674
f 1668/1668/1668 1675/1675/1675 1676/1676/1676
f 1676/1676/1676 1675/1675/1675 1674/1674/1674
f 1677/1677/1677 1668/1668/1668 1676/1676/1676
f 1668/1668/1668 1677/1677/1677 1672/1672/1672
f 1676/1676/1676 1674/1674/1674 1677/1677/1677
f 1677/1677/1677 1678/1678/1678 1672/1672/1672
f 1674/1674/1674 1678/1678/1678 1677/1677/1677
f 1679/1679/1679 1678/1678/1678 1674/1674/1674
f 1680/1680/1680 1679/1679/1679 1674/1674/1674
f 1680/1680/1680 1674/1674/1674 1622/1622/1622
f 1678/1678/1678 1681/1681/1681 1672/1672/1672
f 1672/1672/1672 1681/1681/1681 1664/1664/1664
f 1678/1678/1678 1679/1679/1679 1681/1681/1681
f 1664/1664/1664 1681/1681/1681 1679/1679/1679
f 1682/1682/1682 1680/1680/1680 1622/1622/1622
f 1624/1624/1624 1682/1682/1682 1622/1622/1622
f 1683/1683/1683 1679/1679/1679 1680/1680/1680
f 1682/1682/1682 1683/1683/1683 1680/1680/1680
f 1684/1684/1684 1664/1664/1664 1679/1679/1679
f 1684/1684/1684 1658/1658/1658 1664/1664/1664
f 1658/1658/1658 1684/1684/1684 1665/1665/1665
f 1684/1684/1684 1679/1679/1679 1685/1685/1685
f 1684/1684/1684 1685/1685/1685 1665/1665/1665
f 1682/1682/1682 1624/1624/1624 1686/1686/1686
f 1686/1686/1686 1624/1624/1624 1623/1623/1623
f 1679/1679/1679 1683/1683/1683 1687/1687/1687
f 1679/1679/1679 1687/1687/1687 1685/1685/1685
f 1665/1665/1665 1685/1685/1685 1688/1688/1688
f 1665/1665/1665 1688/1688/1688 1661/1661/1661
f 1661/1661/1661 1688/1688/1688 1666/1666/1666
f 1685/1685/1685 1689/1689/1689 1688/1688/1688
f 1685/1685/1685 1687/1687/1687 1689/1689/1689
f 1688/1688/1688 1690/1690/1690 1666/1666/1666
f 1688/1688/1688 1689/1689/1689 1690/1690/1690
f 1691/1691/1691 1686/1686/1686 1623/1623/1623
f 1691/1691/1691 1623/1623/1623 1540/1540/1540
f 1666/1666/1666 1690/1690/1690 1692/1692/1692
f 1666/1666/1666 1692/1692/1692 1662/1662/1662
f 1693/1693/1693 1691/1691/1691 1540/1540/1540
f 1542/1542/1542 1693/1693/1693 1540/1540/1540
f 1693/1693/1693 1542/1542/1542 1694/1694/1694
f 1691/1691/1691 1693/1693/1693 1694/1694/1694
f 1695/1695/1695 1662/1662/1662 1692/1692/1692
f 1695/1695/1695 1663/1663/1663 1662/1662/1662
f 1542/1542/1542 1696/1696/1696 1694/1694/1694
f 1697/1697/1697 1694/1694/1694 1696/1696/1696
f 1544/1544/1544 1696/1696/1696 1542/1542/1542
f 1696/1696/1696 1544/1544/1544 1698/1698/1698
f 1699/1699/1699 1696/1696/1696 1698/1698/1698
f 1699/1699/1699 1697/1697/1697 1696/1696/1696
f 1698/1698/1698 1700/1700/1700 1699/1699/1699
f 1701/1701/1701 1691/1691/1691 1694/1694/1694
f 1701/1701/1701 1694/1694/1694 1697/1697/1697
f 1700/1700/1700 1702/1702/1702 1699/1699/1699
f 1699/1699/1699 1702/1702/1702 1697/1697/1697
f 1703/1703/1703 1702/1702/1702 1700/1700/1700
f 1704/1704/1704 1703/1703/1703 1700/1700/1700
f 1703/1703/1703 1705/1705/1705 1702/1702/1702
f 1705/1705/1705 1706/1706/1706 1702/1702/1702
f 1702/1702/1702 1706/1706/1706 1697/1697/1697
f 1706/1706/1706 1705/1705/1705 1707/1707/1707
f 1708/1708/1708 1706/1706/1706 1707/1707/1707
f 1697/1697/1697 1706/1706/1706 1708/1708/1708
f 1707/1707/1707 1709/1709/1709 1708/1708/1708
f 1710/1710/1710 1691/1691/1691 1701/1701/1701
f 1711/1711/1711 1710/1710/1710 1701/1701/1701
f 1686/1686/1686 1691/1691/1691 1710/1710/1710
f 1712/1712/1712 1701/1701/1701 1697/1697/1697
f 1712/1712/1712 1697/1697/1697 1708/1708/1708
f 1712/1712/1712 1711/1711/1711 1701/1701/1701
f 1712/1712/1712 1708/1708/1708 1711/1711/1711
f 1709/1709/1709 1713/1713/1713 1708/1708/1708
f 1708/1708/1708 1713/1713/1713 1711/1711/1711
f 1713/1713/1713 1709/1709/1709 1714/1714/1714
f 1715/1715/1715 1713/1713/1713 1714/1714/1714
f 1711/1711/1711 1713/1713/1713 1715/1715/1715
f 1714/1714/1714 1716/1716/1716 1715/1715/1715
f 1686/1686/1686 1710/1710/1710 1717/1717/1717
f 1717/1717/1717 1682/1682/1682 1686/1686/1686
f 1718/1718/1718 1710/1710/1710 1711/1711/1711
f 1710/1710/1710 1718/1718/1718 1717/1717/1717
f 1682/1682/1682 1717/1717/1717 1719/1719/1719
f 1683/1683/1683 1682/1682/1682 1719/1719/1719
f 1717/1717/1717 1720/1720/1720 1719/1719/1719
f 1718/1718/1718 1720/1720/1720 1717/1717/1717
f 1721/1721/1721 1720/1720/1720 1718/1718/1718
f 1722/1722/1722 1718/1718/1718 1711/1711/1711
f 1722/1722/1722 1711/1711/1711 1715/1715/1715
f 1722/1722/1722 1721/1721/1721 1718/1718/1718
f 1722/1722/1722 1715/1715/1715 1721/1721/1721
f 1716/1716/1716 1723/1723/1723 1715/1715/1715
f 1715/1715/1715 1723/1723/1723 1721/1721/1721
f 1723/1723/1723 1716/1716/1716 1724/1724/1724
f 1725/1725/1725 1723/1723/1723 1724/1724/1724
f 1721/1721/1721 1723/1723/1723 1725/1725/1725
f 1724/1724/1724 1726/1726/1726 1725/1725/1725
f 1719/1719/1719 1727/1727/1727 1683/1683/1683
f 1719/1719/1719 1720/1720/1720 1727/1727/1727
f 1720/1720/1720 1721/1721/1721 1728/1728/1728
f 1720/1720/1720 1728/1728/1728 1727/1727/1727
f 1721/1721/1721 1729/1729/1729 1728/1728/1728
f 1729/1729/1729 1721/1721/1721 1725/1725/1725
f 1726/1726/1726 1730/1730/1730 1725/1725/1725
f 1726/1726/1726 1731/1731/1731 1730/1730/1730
f 1728/1728/1728 1729/1729/1729 1732/1732/1732
f 1728/1728/1728 1732/1732/1732 1727/1727/1727
f 1729/1729/1729 1725/1725/1725 1733/1733/1733
f 1725/1725/1725 1730/1730/1730 1733/1733/1733
f 1729/1729/1729 1733/1733/1733 1732/1732/1732
f 1727/1727/1727 1734/1734/1734 1683/1683/1683
f 1683/1683/1683 1734/1734/1734 1687/1687/1687
f 1730/1730/1730 1735/1735/1735 1733/1733/1733
f 1731/1731/1731 1735/1735/1735 1730/1730/1730
f 1727/1727/1727 1732/1732/1732 1736/1736/1736
f 1727/1727/1727 1736/1736/1736 1734/1734/1734
f 1732/1732/1732 1737/1737/1737 1736/1736/1736
f 1733/1733/1733 1738/1738/1738 1732/1732/1732
f 1738/1738/1738 1733/1733/1733 1735/1735/1735
f 1737/1737/1737 1732/1732/1732 1738/1738/1738
f 1687/1687/1687 1734/1734/1734 1739/1739/1739
f 1687/1687/1687 1739/1739/1739 1689/1689/1689
f 1736/1736/1736 1740/1740/1740 1734/1734/1734
f 1734/1734/1734 1740/1740/1740 1739/1739/1739
f 1689/1689/1689 1739/1739/1739 1741/1741/1741
f 1689/1689/1689 1741/1741/1741 1690/1690/1690
f 1740/1740/1740 1736/1736/1736 1742/1742/1742
f 1742/1742/1742 1736/1736/1736 1737/1737/1737
f 1740/1740/1740 1743/1743/1743 1739/1739/1739
f 1743/1743/1743 1741/1741/1741 1739/1739/1739
f 1743/1743/1743 1740/1740/1740 1742/1742/1742
f 1741/1741/1741 1744/1744/1744 1690/1690/1690
f 1744/1744/1744 1741/1741/1741 1743/1743/1743
f 1743/1743/1743 1742/1742/1742 1745/1745/1745
f 1744/1744/1744 1743/1743/1743 1745/1745/1745
f 1744/1744/1744 1746/1746/1746 1690/1690/1690
f 1690/1690/1690 1746/1746/1746 1692/1692/1692
f 1746/1746/1746 1744/1744/1744 1747/1747/1747
f 1744/1744/1744 1745/1745/1745 1747/1747/1747
f 1692/1692/1692 1746/1746/1746 1748/1748/1748
f 1746/1746/1746 1747/1747/1747 1748/1748/1748
f 1748/1748/1748 1695/1695/1695 1692/1692/1692
f 1745/1745/1745 1742/1742/1742 1749/1749/1749
f 1737/1737/1737 1749/1749/1749 1742/1742/1742
f 1747/1747/1747 1745/1745/1745 1750/1750/1750
f 1745/1745/1745 1749/1749/1749 1750/1750/1750
f 1748/1748/1748 1747/1747/1747 1751/1751/1751
f 1747/1747/1747 1750/1750/1750 1751/1751/1751
f 1695/1695/1695 1748/1748/1748 1752/1752/1752
f 1748/1748/1748 1751/1751/1751 1752/1752/1752
f 1753/1753/1753 1695/1695/1695 1752/1752/1752
f 1663/1663/1663 1695/1695/1695 1753/1753/1753
f 1754/1754/1754 1663/1663/1663 1753/1753/1753
f 1753/1753/1753 1755/1755/1755 1754/1754/1754
f 1755/1755/1755 1756/1756/1756 1754/1754/1754
f 1752/1752/1752 1757/1757/1757 1753/1753/1753
f 1757/1757/1757 1755/1755/1755 1753/1753/1753
f 1755/1755/1755 1758/1758/1758 1756/1756/1756
f 1758/1758/1758 1759/1759/1759 1756/1756/1756
f 1760/1760/1760 1757/1757/1757 1752/1752/1752
f 1752/1752/1752 1751/1751/1751 1760/1760/1760
f 1757/1757/1757 1761/1761/1761 1755/1755/1755
f 1761/1761/1761 1758/1758/1758 1755/1755/1755
f 1760/1760/1760 1761/1761/1761 1757/1757/1757
f 1758/1758/1758 1762/1762/1762 1759/1759/1759
f 1762/1762/1762 1758/1758/1758 1761/1761/1761
f 1762/1762/1762 1763/1763/1763 1759/1759/1759
f 1761/1761/1761 1760/1760/1760 1764/1764/1764
f 1764/1764/1764 1762/1762/1762 1761/1761/1761
f 1762/1762/1762 1765/1765/1765 1763/1763/1763
f 1765/1765/1765 1766/1766/1766 1763/1763/1763
f 1764/1764/1764 1767/1767/1767 1762/1762/1762
f 1767/1767/1767 1765/1765/1765 1762/1762/1762
f 1765/1765/1765 1768/1768/1768 1766/1766/1766
f 1768/1768/1768 1765/1765/1765 1767/1767/1767
f 1768/1768/1768 1769/1769/1769 1766/1766/1766
f 1760/1760/1760 1770/1770/1770 1764/1764/1764
f 1770/1770/1770 1767/1767/1767 1764/1764/1764
f 1769/1769/1769 1768/1768/1768 1771/1771/1771
f 1772/1772/1772 1769/1769/1769 1771/1771/1771
f 1773/1773/1773 1768/1768/1768 1767/1767/1767
f 1767/1767/1767 1770/1770/1770 1773/1773/1773
f 1771/1771/1771 1768/1768/1768 1773/1773/1773
f 1772/1772/1772 1771/1771/1771 1774/1774/1774
f 1775/1775/1775 1772/1772/1772 1774/1774/1774
f 1776/1776/1776 1771/1771/1771 1773/1773/1773
f 1774/1774/1774 1771/1771/1771 1776/1776/1776
f 1773/1773/1773 1777/1777/1777 1776/1776/1776
f 1770/1770/1770 1777/1777/1777 1773/1773/1773
f 1770/1770/1770 1760/1760/1760 1778/1778/1778
f 1751/1751/1751 1778/1778/1778 1760/1760/1760
f 1779/1779/1779 1770/1770/1770 1778/1778/1778
f 1777/1777/1777 1770/1770/1770 1779/1779/1779
f 1780/1780/1780 1778/1778/1778 1751/1751/1751
f 1778/1778/1778 1780/1780/1780 1779/1779/1779
f 1751/1751/1751 1750/1750/1750 1780/1780/1780
f 1750/1750/1750 1781/1781/1781 1780/1780/1780
f 1750/1750/1750 1749/1749/1749 1781/1781/1781
f 1780/1780/1780 1782/1782/1782 1779/1779/1779
f 1780/1780/1780 1781/1781/1781 1782/1782/1782
f 1749/1749/1749 1783/1783/1783 1781/1781/1781
f 1749/1749/1749 1737/1737/1737 1783/1783/1783
f 1784/1784/1784 1781/1781/1781 1783/1783/1783
f 1781/1781/1781 1784/1784/1784 1782/1782/1782
f 1779/1779/1779 1782/1782/1782 1785/1785/1785
f 1785/1785/1785 1777/1777/1777 1779/1779/1779
f 1783/1783/1783 1737/1737/1737 1786/1786/1786
f 1786/1786/1786 1784/1784/1784 1783/1783/1783
f 1782/1782/1782 1784/1784/1784 1787/1787/1787
f 1782/1782/1782 1787/1787/1787 1785/1785/1785
f 1786/1786/1786 1737/1737/1737 1788/1788/1788
f 1737/1737/1737 1738/1738/1738 1788/1788/1788
f 1784/1784/1784 1786/1786/1786 1789/1789/1789
f 1784/1784/1784 1789/1789/1789 1787/1787/1787
f 1786/1786/1786 1788/1788/1788 1789/1789/1789
f 1777/1777/1777 1785/1785/1785 1790/1790/1790
f 1785/1785/1785 1787/1787/1787 1791/1791/1791
f 1785/1785/1785 1791/1791/1791 1790/1790/1790
f 1787/1787/1787 1789/1789/1789 1792/1792/1792
f 1787/1787/1787 1792/1792/1792 1791/1791/1791
f 1789/1789/1789 1788/1788/1788 1793/1793/1793
f 1789/1789/1789 1793/1793/1793 1792/1792/1792
f 1738/1738/1738 1794/1794/1794 1788/1788/1788
f 1788/1788/1788 1794/1794/1794 1793/1793/1793
f 1794/1794/1794 1738/1738/1738 1795/1795/1795
f 1795/1795/1795 1738/1738/1738 1735/1735/1735
f 1793/1793/1793 1794/1794/1794 1796/1796/1796
f 1794/1794/1794 1795/1795/1795 1796/1796/1796
f 1797/1797/1797 1792/1792/1792 1793/1793/1793
f 1796/1796/1796 1797/1797/1797 1793/1793/1793
f 1791/1791/1791 1792/1792/1792 1798/1798/1798
f 1792/1792/1792 1797/1797/1797 1798/1798/1798
f 1777/1777/1777 1790/1790/1790 1799/1799/1799
f 1776/1776/1776 1777/1777/1777 1799/1799/1799
f 1799/1799/1799 1774/1774/1774 1776/1776/1776
f 1774/1774/1774 1799/1799/1799 1800/1800/1800
f 1790/1790/1790 1800/1800/1800 1799/1799/1799
f 1790/1790/1790 1791/1791/1791 1801/1801/1801
f 1791/1791/1791 1798/1798/1798 1801/1801/1801
f 1802/1802/1802 1774/1774/1774 1800/1800/1800
f 1775/1775/1775 1774/1774/1774 1802/1802/1802
f 1803/1803/1803 1775/1775/1775 1802/1802/1802
f 1802/1802/1802 1804/1804/1804 1803/1803/1803
f 1804/1804/1804 1802/1802/1802 1800/1800/1800
f 1804/1804/1804 1805/1805/1805 1803/1803/1803
f 1806/1806/1806 1805/1805/1805 1804/1804/1804
f 1800/1800/1800 1790/1790/1790 1807/1807/1807
f 1807/1807/1807 1804/1804/1804 1800/1800/1800
f 1790/1790/1790 1801/1801/1801 1807/1807/1807
f 1808/1808/1808 1806/1806/1806 1804/1804/1804
f 1808/1808/1808 1804/1804/1804 1807/1807/1807
f 1809/1809/1809 1806/1806/1806 1808/1808/1808
f 1810/1810/1810 1808/1808/1808 1807/1807/1807
f 1801/1801/1801 1810/1810/1810 1807/1807/1807
f 1811/1811/1811 1809/1809/1809 1808/1808/1808
f 1811/1811/1811 1808/1808/1808 1810/1810/1810
f 1812/1812/1812 1809/1809/1809 1811/1811/1811
f 1810/1810/1810 1801/1801/1801 1813/1813/1813
f 1813/1813/1813 1811/1811/1811 1810/1810/1810
f 1814/1814/1814 1812/1812/1812 1811/1811/1811
f 1815/1815/1815 1812/1812/1812 1814/1814/1814
f 1801/1801/1801 1816/1816/1816 1813/1813/1813
f 1816/1816/1816 1801/1801/1801 1798/1798/1798
f 1813/1813/1813 1817/1817/1817 1811/1811/1811
f 1817/1817/1817 1814/1814/1814 1811/1811/1811
f 1816/1816/1816 1817/1817/1817 1813/1813/1813
f 1818/1818/1818 1815/1815/1815 1814/1814/1814
f 1818/1818/1818 1814/1814/1814 1817/1817/1817
f 1819/1819/1819 1815/1815/1815 1818/1818/1818
f 1820/1820/1820 1818/1818/1818 1817/1817/1817
f 1817/1817/1817 1816/1816/1816 1820/1820/1820
f 1816/1816/1816 1821/1821/1821 1820/1820/1820
f 1822/1822/1822 1816/1816/1816 1798/1798/1798
f 1821/1821/1821 1816/1816/1816 1822/1822/1822
f 1822/1822/1822 1798/1798/1798 1797/1797/1797
f 1823/1823/1823 1819/1819/1819 1818/1818/1818
f 1823/1823/1823 1818/1818/1818 1820/1820/1820
f 1824/1824/1824 1819/1819/1819 1823/1823/1823
f 1825/1825/1825 1822/1822/1822 1797/1797/1797
f 1825/1825/1825 1797/1797/1797 1796/1796/1796
f 1826/1826/1826 1821/1821/1821 1822/1822/1822
f 1822/1822/1822 1825/1825/1825 1826/1826/1826
f 1827/1827/1827 1825/1825/1825 1796/1796/1796
f 1827/1827/1827 1796/1796/1796 1795/1795/1795
f 1820/1820/1820 1821/1821/1821 1828/1828/1828
f 1828/1828/1828 1823/1823/1823 1820/1820/1820
f 1829/1829/1829 1824/1824/1824 1823/1823/1823
f 1824/1824/1824 1829/1829/1829 1830/1830/1830
f 1828/1828/1828 1831/1831/1831 1823/1823/1823
f 1828/1828/1828 1821/1821/1821 1831/1831/1831
f 1831/1831/1831 1829/1829/1829 1823/1823/1823
f 1829/1829/1829 1832/1832/1832 1830/1830/1830
f 1833/1833/1833 1830/1830/1830 1832/1832/1832
f 1834/1834/1834 1833/1833/1833 1832/1832/1832
f 1832/1832/1832 1829/1829/1829 1835/1835/1835
f 1832/1832/1832 1835/1835/1835 1834/1834/1834
f 1829/1829/1829 1831/1831/1831 1835/1835/1835
f 1835/1835/1835 1836/1836/1836 1834/1834/1834
f 1831/1831/1831 1837/1837/1837 1835/1835/1835
f 1836/1836/1836 1835/1835/1835 1837/1837/1837
f 1821/1821/1821 1837/1837/1837 1831/1831/1831
f 1838/1838/1838 1836/1836/1836 1837/1837/1837
f 1839/1839/1839 1837/1837/1837 1821/1821/1821
f 1837/1837/1837 1839/1839/1839 1838/1838/1838
f 1839/1839/1839 1840/1840/1840 1838/1838/1838
f 1826/1826/1826 1839/1839/1839 1821/1821/1821
f 1840/1840/1840 1839/1839/1839 1841/1841/1841
f 1842/1842/1842 1839/1839/1839 1826/1826/1826
f 1839/1839/1839 1842/1842/1842 1841/1841/1841
f 1843/1843/1843 1842/1842/1842 1826/1826/1826
f 1825/1825/1825 1843/1843/1843 1826/1826/1826
f 1843/1843/1843 1825/1825/1825 1827/1827/1827
f 1842/1842/1842 1844/1844/1844 1841/1841/1841
f 1844/1844/1844 1845/1845/1845 1841/1841/1841
f 1842/1842/1842 1843/1843/1843 1846/1846/1846
f 1846/1846/1846 1843/1843/1843 1827/1827/1827
f 1844/1844/1844 1842/1842/1842 1846/1846/1846
f 1844/1844/1844 1847/1847/1847 1845/1845/1845
f 1844/1844/1844 1846/1846/1846 1847/1847/1847
f 1847/1847/1847 1848/1848/1848 1845/1845/1845
f 1848/1848/1848 1847/1847/1847 1731/1731/1731
f 1849/1849/1849 1731/1731/1731 1847/1847/1847
f 1846/1846/1846 1849/1849/1849 1847/1847/1847
f 1735/1735/1735 1731/1731/1731 1849/1849/1849
f 1846/1846/1846 1827/1827/1827 1850/1850/1850
f 1849/1849/1849 1846/1846/1846 1850/1850/1850
f 1850/1850/1850 1735/1735/1735 1849/1849/1849
f 1850/1850/1850 1827/1827/1827 1795/1795/1795
f 1850/1850/1850 1795/1795/1795 1735/1735/1735
f 1853/1853/1853 1852/1852/1852 1851/1851/1851
f 1852/1852/1852 1854/1854/1854 1851/1851/1851
f 1851/1851/1851 1854/1854/1854 1855/1855/1855
f 1852/1852/1852 1856/1856/1856 1854/1854/1854
f 1854/1854/1854 1857/1857/1857 1855/1855/1855
f 1855/1855/1855 1857/1857/1857 1858/1858/1858
f 1856/1856/1856 1859/1859/1859 1854/1854/1854
f 1854/1854/1854 1859/1859/1859 1857/1857/1857
f 1859/1859/1859 1856/1856/1856 1860/1860/1860
f 1861/1861/1861 1859/1859/1859 1860/1860/1860
f 1862/1862/1862 1859/1859/1859 1861/1861/1861
f 1859/1859/1859 1862/1862/1862 1857/1857/1857
f 1863/1863/1863 1862/1862/1862 1861/1861/1861
f 1864/1864/1864 1862/1862/1862 1863/1863/1863
f 1857/1857/1857 1862/1862/1862 1864/1864/1864
f 1865/1865/1865 1864/1864/1864 1863/1863/1863
f 1857/1857/1857 1866/1866/1866 1858/1858/1858
f 1866/1866/1866 1857/1857/1857 1864/1864/1864
f 1858/1858/1858 1866/1866/1866 1867/1867/1867
f 1866/1866/1866 1868/1868/1868 1867/1867/1867
f 1866/1866/1866 1864/1864/1864 1868/1868/1868
f 1867/1867/1867 1868/1868/1868 1869/1869/1869
f 1870/1870/1870 1864/1864/1864 1865/1865/1865
f 1864/1864/1864 1870/1870/1870 1868/1868/1868
f 1871/1871/1871 1870/1870/1870 1865/1865/1865
f 1872/1872/1872 1870/1870/1870 1871/1871/1871
f 1868/1868/1868 1870/1870/1870 1872/1872/1872
f 1873/1873/1873 1872/1872/1872 1871/1871/1871
f 1868/1868/1868 1874/1874/1874 1869/1869/1869
f 1874/1874/1874 1868/1868/1868 1872/1872/1872
f 1869/1869/1869 1874/1874/1874 1875/1875/1875
f 1874/1874/1874 1876/1876/1876 1875/1875/1875
f 1874/1874/1874 1872/1872/1872 1876/1876/1876
f 1875/1875/1875 1876/1876/1876 1877/1877/1877
f 1878/1878/1878 1872/1872/1872 1873/1873/1873
f 1872/1872/1872 1878/1878/1878 1876/1876/1876
f 1879/1879/1879 1878/1878/1878 1873/1873/1873
f 1876/1876/1876 1880/1880/1880 1877/1877/1877
f 1880/1880/1880 1876/1876/1876 1878/1878/1878
f 1877/1877/1877 1880/1880/1880 1881/1881/1881
f 1882/1882/1882 1878/1878/1878 1879/1879/1879
f 1882/1882/1882 1880/1880/1880 1878/1878/1878
f 1883/1883/1883 1882/1882/1882 1879/1879/1879
f 1880/1880/1880 1884/1884/1884 1881/1881/1881
f 1884/1884/1884 1880/1880/1880 1882/1882/1882
f 1881/1881/1881 1884/1884/1884 1885/1885/1885
f 1886/1886/1886 1882/1882/1882 1883/1883/1883
f 1886/1886/1886 1884/1884/1884 1882/1882/1882
f 1887/1887/1887 1886/1886/1886 1883/1883/1883
f 1884/1884/1884 1888/1888/1888 1885/1885/1885
f 1888/1888/1888 1884/1884/1884 1886/1886/1886
f 1885/1885/1885 1888/1888/1888 1889/1889/1889
f 1890/1890/1890 1886/1886/1886 1887/1887/1887
f 1890/1890/1890 1888/1888/1888 1886/1886/1886
f 1891/1891/1891 1890/1890/1890 1887/1887/1887
f 1888/1888/1888 1892/1892/1892 1889/1889/1889
f 1888/1888/1888 1890/1890/1890 1892/1892/1892
f 1889/1889/1889 1892/1892/1892 1893/1893/1893
f 1894/1894/1894 1890/1890/1890 1891/1891/1891
f 1890/1890/1890 1894/1894/1894 1892/1892/1892
f 1895/1895/1895 1894/1894/1894 1891/1891/1891
f 1892/1892/1892 1896/1896/1896 1893/1893/1893
f 1892/1892/1892 1894/1894/1894 1896/1896/1896
f 1893/1893/1893 1896/1896/1896 1897/1897/1897
f 1898/1898/1898 1894/1894/1894 1895/1895/1895
f 1898/1898/1898 1896/1896/1896 1894/1894/1894
f 1899/1899/1899 1898/1898/1898 1895/1895/1895
f 1896/1896/1896 1900/1900/1900 1897/1897/1897
f 1896/1896/1896 1898/1898/1898 1900/1900/1900
f 1897/1897/1897 1900/1900/1900 1901/1901/1901
f 1902/1902/1902 1898/1898/1898 1899/1899/1899
f 1898/1898/1898 1902/1902/1902 1900/1900/1900
f 1903/1903/1903 1902/1902/1902 1899/1899/1899
f 1900/1900/1900 1904/1904/1904 1901/1901/1901
f 1900/1900/1900 1902/1902/1902 1904/1904/1904
f 1901/1901/1901 1904/1904/1904 1905/1905/1905
f 1904/1904/1904 1906/1906/1906 1905/1905/1905
f 1902/1902/1902 1906/1906/1906 1904/1904/1904
f 1905/1905/1905 1906/1906/1906 1907/1907/1907
f 1908/1908/1908 1902/1902/1902 1903/1903/1903
f 1908/1908/1908 1906/1906/1906 1902/1902/1902
f 1909/1909/1909 1908/1908/1908 1903/1903/1903
f 1906/1906/1906 1910/1910/1910 1907/1907/1907
f 1910/1910/1910 1906/1906/1906 1908/1908/1908
f 1907/1907/1907 1910/1910/1910 1911/1911/1911
f 1912/1912/1912 1908/1908/1908 1909/1909/1909
f 1912/1912/1912 1910/1910/1910 1908/1908/1908
f 1913/1913/1913 1912/1912/1912 1909/1909/1909
f 1910/1910/1910 1914/1914/1914 1911/1911/1911
f 1912/1912/1912 1914/1914/1914 1910/1910/1910
f 1911/1911/1911 1914/1914/1914 1915/1915/1915
f 1914/1914/1914 1916/1916/1916 1915/1915/1915
f 1916/1916/1916 1914/1914/1914 1917/1917/1917
f 1912/1912/1912 1913/1913/1913 1918/1918/1918
f 1918/1918/1918 1914/1914/1914 1912/1912/1912
f 1914/1914/1914 1918/1918/1918 1917/1917/1917
f 1919/1919/1919 1918/1918/1918 1913/1913/1913
f 1917/1917/1917 1918/1918/1918 1919/1919/1919
f 1922/1922/1922 1921/1921/1921 1920/1920/1920
f 1921/1921/1921 1923/1923/1923 1920/1920/1920
f 1920/1920/1920 1923/1923/1923 1924/1924/1924
f 1923/1923/1923 1925/1925/1925 1924/1924/1924
f 1924/1924/1924 1925/1925/1925 1926/1926/1926
f 1925/1925/1925 1927/1927/1927 1926/1926/1926
f 1926/1926/1926 1927/1927/1927 1928/1928/1928
f 1928/1928/1928 1927/1927/1927 1929/1929/1929
f 1930/1930/1930 1926/1926/1926 1928/1928/1928
f 1931/1931/1931 1928/1928/1928 1929/1929/1929
f 1928/1928/1928 1932/1932/1932 1930/1930/1930
f 1932/1932/1932 1928/1928/1928 1931/1931/1931
f 1933/1933/1933 1932/1932/1932 1931/1931/1931
f 1932/1932/1932 1934/1934/1934 1930/1930/1930
f 1932/1932/1932 1935/1935/1935 1934/1934/1934
f 1935/1935/1935 1936/1936/1936 1934/1934/1934
f 1937/1937/1937 1936/1936/1936 1935/1935/1935
f 1938/1938/1938 1937/1937/1937 1935/1935/1935
f 1938/1938/1938 1935/1935/1935 1939/1939/1939
f 1937/1937/1937 1938/1938/1938 1940/1940/1940
f 1941/1941/1941 1938/1938/1938 1939/1939/1939
f 1938/1938/1938 1942/1942/1942 1940/1940/1940
f 1942/1942/1942 1938/1938/1938 1941/1941/1941
f 1940/1940/1940 1942/1942/1942 1943/1943/1943
f 1944/1944/1944 1942/1942/1942 1941/1941/1941
f 1947/1947/1947 1946/1946/1946 1945/1945/1945
f 1946/1946/1946 1948/1948/1948 1945/1945/1945
f 1949/1949/1949 1948/1948/1948 1946/1946/1946
f 1946/1946/1946 1950/1950/1950 1949/1949/1949
f 1950/1950/1950 1951/1951/1951 1949/1949/1949
f 1951/1951/1951 1950/1950/1950 1952/1952/1952
f 1953/1953/1953 1951/1951/1951 1952/1952/1952
f 1952/1952/1952 1954/1954/1954 1953/1953/1953
f 1954/1954/1954 1952/1952/1952 1955/1955/1955
f 1954/1954/1954 1956/1956/1956 1953/1953/1953
f 1957/1957/1957 1954/1954/1954 1955/1955/1955
f 1956/1956/1956 1954/1954/1954 1958/1958/1958
f 1958/1958/1958 1954/1954/1954 1957/1957/1957
f 1959/1959/1959 1956/1956/1956 1958/1958/1958
f 1960/1960/1960 1959/1959/1959 1958/1958/1958
f 1961/1961/1961 1958/1958/1958 1957/1957/1957
f 1962/1962/1962 1960/1960/1960 1958/1958/1958
f 1962/1962/1962 1958/1958/1958 1961/1961/1961
f 1963/1963/1963 1962/1962/1962 1961/1961/1961
f 1966/1966/1966 1965/1965/1965 1964/1964/1964
f 1965/1965/1965 1967/1967/1967 1964/1964/1964
f 1964/1964/1964 1967/1967/1967 1968/1968/1968
f 1967/1967/1967 1969/1969/1969 1968/1968/1968
f 1968/1968/1968 1969/1969/1969 1970/1970/1970
f 1969/1969/1969 1971/1971/1971 1970/1970/1970
f 1970/1970/1970 1971/1971/1971 1972/1972/1972
f 1971/1971/1971 1973/1973/1973 1972/1972/1972
f 1972/1972/1972 1973/1973/1973 1974/1974/1974
f 1973/1973/1973 1975/1975/1975 1974/1974/1974
f 1974/1974/1974 1975/1975/1975 1976/1976/1976
f 1975/1975/1975 1977/1977/1977 1976/1976/1976
f 1976/1976/1976 1977/1977/1977 1978/1978/1978
f 1977/1977/1977 1979/1979/1979 1978/1978/1978
f 1978/1978/1978 1979/1979/1979 1980/1980/1980
f 1979/1979/1979 1981/1981/1981 1980/1980/1980
f 1980/1980/1980 1981/1981/1981 1982/1982/1982
f 1981/1981/1981 1983/1983/1983 1982/1982/1982
f 1982/1982/1982 1983/1983/1983 1984/1984/1984
f 1983/1983/1983 1985/1985/1985 1984/1984/1984
f 1984/1984/1984 1985/1985/1985 1986/1986/1986
f 1985/1985/1985 1987/1987/1987 1986/1986/1986
f 1986/1986/1986 1987/1987/1987 1988/1988/1988
f 1986/1986/1986 1988/1988/1988 1989/1989/1989
f 1987/1987/1987 1990/1990/1990 1988/1988/1988
f 1989/1989/1989 1988/1988/1988 1991/1991/1991
f 1988/1988/1988 1990/1990/1990 1991/1991/1991
f 1992/1992/1992 1989/1989/1989 1991/1991/1991
f 1992/1992/1992 1991/1991/1991 1993/1993/1993
f 1991/1991/1991 1990/1990/1990 1994/1994/1994
f 1991/1991/1991 1994/1994/1994 1993/1993/1993
f 1995/1995/1995 1994/1994/1994 1990/1990/1990
f 1993/1993/1993 1994/1994/1994 1995/1995/1995
f 1996/1996/1996 1993/1993/1993 1995/1995/1995
f 1999/1999/1999 1998/1998/1998 1997/1997/1997
f 2000/2000/2000 1999/1999/1999 1997/1997/1997
f 2001/2001/2001 2000/2000/2000 1997/1997/1997
f 2002/2002/2002 2000/2000/2000 2001/2001/2001
f 2003/2003/2003 2002/2002/2002 2001/2001/2001
f 2004/2004/2004 2002/2002/2002 2003/2003/2003
f 2005/2005/2005 2001/2001/2001 1997/1997/1997
f 2003/2003/2003 2001/2001/2001 2005/2005/2005
f 2006/2006/2006 2004/2004/2004 2003/2003/2003
f 2006/2006/2006 2003/2003/2003 2005/2005/2005
f 2007/2007/2007 2004/2004/2004 2006/2006/2006
f 1998/1998/1998 2008/2008/2008 1997/1997/1997
f 1997/1997/1997 2008/2008/2008 2005/2005/2005
f 2009/2009/2009 2006/2006/2006 2005/2005/2005
f 2009/2009/2009 2007/2007/2007 2006/2006/2006
f 2005/2005/2005 2008/2008/2008 2010/2010/2010
f 2010/2010/2010 2008/2008/2008 1998/1998/1998
f 2011/2011/2011 2009/2009/2009 2005/2005/2005
f 2007/2007/2007 2009/2009/2009 2011/2011/2011
f 2012/2012/2012 2007/2007/2007 2011/2011/2011
f 2013/2013/2013 2010/2010/2010 1998/1998/1998
f 2012/2012/2012 2011/2011/2011 2014/2014/2014
f 2010/2010/2010 2013/2013/2013 2015/2015/2015
f 2013/2013/2013 2016/2016/2016 2015/2015/2015
f 2011/2011/2011 2017/2017/2017 2014/2014/2014
f 2017/2017/2017 2011/2011/2011 2005/2005/2005
f 2014/2014/2014 2017/2017/2017 2018/2018/2018
f 2018/2018/2018 2017/2017/2017 2005/2005/2005
f 2019/2019/2019 2014/2014/2014 2018/2018/2018
f 2019/2019/2019 2018/2018/2018 2020/2020/2020
f 2018/2018/2018 2021/2021/2021 2020/2020/2020
f 2021/2021/2021 2018/2018/2018 2005/2005/2005
f 2022/2022/2022 2020/2020/2020 2021/2021/2021
f 2010/2010/2010 2015/2015/2015 2023/2023/2023
f 2023/2023/2023 2005/2005/2005 2010/2010/2010
f 2024/2024/2024 2015/2015/2015 2016/2016/2016
f 2015/2015/2015 2024/2024/2024 2023/2023/2023
f 2025/2025/2025 2024/2024/2024 2016/2016/2016
f 2023/2023/2023 2026/2026/2026 2005/2005/2005
f 2027/2027/2027 2023/2023/2023 2024/2024/2024
f 2025/2025/2025 2028/2028/2028 2024/2024/2024
f 2028/2028/2028 2027/2027/2027 2024/2024/2024
f 2021/2021/2021 2005/2005/2005 2029/2029/2029
f 2029/2029/2029 2022/2022/2022 2021/2021/2021
f 2026/2026/2026 2029/2029/2029 2005/2005/2005
f 2029/2029/2029 2026/2026/2026 2022/2022/2022
f 2026/2026/2026 2030/2030/2030 2022/2022/2022
f 2031/2031/2031 2027/2027/2027 2028/2028/2028
f 2027/2027/2027 2031/2031/2031 2023/2023/2023
f 2032/2032/2032 2031/2031/2031 2028/2028/2028
f 2032/2032/2032 2033/2033/2033 2031/2031/2031
f 2030/2030/2030 2026/2026/2026 2034/2034/2034
f 2026/2026/2026 2023/2023/2023 2034/2034/2034
f 2035/2035/2035 2030/2030/2030 2034/2034/2034
f 2036/2036/2036 2035/2035/2035 2034/2034/2034
f 2037/2037/2037 2036/2036/2036 2034/2034/2034
f 2034/2034/2034 2023/2023/2023 2037/2037/2037
f 2038/2038/2038 2036/2036/2036 2037/2037/2037
f 2039/2039/2039 2038/2038/2038 2037/2037/2037
f 2039/2039/2039 2037/2037/2037 2023/2023/2023
f 2040/2040/2040 2038/2038/2038 2039/2039/2039
f 2041/2041/2041 2040/2040/2040 2039/2039/2039
f 2033/2033/2033 2040/2040/2040 2041/2041/2041
f 2039/2039/2039 2023/2023/2023 2041/2041/2041
f 2033/2033/2033 2042/2042/2042 2031/2031/2031
f 2042/2042/2042 2033/2033/2033 2041/2041/2041
f 2042/2042/2042 2023/2023/2023 2031/2031/2031
f 2042/2042/2042 2041/2041/2041 2023/2023/2023
f 2045/2045/2045 2044/2044/2044 2043/2043/2043
f 2044/2044/2044 2046/2046/2046 2043/2043/2043
f 2046/2046/2046 2047/2047/2047 2043/2043/2043
f 2046/2046/2046 2048/2048/2048 2047/2047/2047
f 2048/2048/2048 2049/2049/2049 2047/2047/2047
f 2048/2048/2048 2050/2050/2050 2049/2049/2049
f 2043/2043/2043 2047/2047/2047 2051/2051/2051
f 2047/2047/2047 2049/2049/2049 2051/2051/2051
f 2050/2050/2050 2052/2052/2052 2049/2049/2049
f 2050/2050/2050 2053/2053/2053 2052/2052/2052
f 2053/2053/2053 2054/2054/2054 2052/2052/2052
f 2053/2053/2053 2055/2055/2055 2054/2054/2054
f 2055/2055/2055 2056/2056/2056 2054/2054/2054
f 2055/2055/2055 2057/2057/2057 2056/2056/2056
f 2057/2057/2057 2058/2058/2058 2056/2056/2056
f 2057/2057/2057 2059/2059/2059 2058/2058/2058
f 2059/2059/2059 2060/2060/2060 2058/2058/2058
f 2059/2059/2059 2061/2061/2061 2060/2060/2060
f 2061/2061/2061 2062/2062/2062 2060/2060/2060
f 2061/2061/2061 2063/2063/2063 2062/2062/2062
f 2063/2063/2063 2064/2064/2064 2062/2062/2062
f 2063/2063/2063 2065/2065/2065 2064/2064/2064
f 2065/2065/2065 2066/2066/2066 2064/2064/2064
f 2065/2065/2065 2067/2067/2067 2066/2066/2066
f 2067/2067/2067 2068/2068/2068 2066/2066/2066
f 2067/2067/2067 2069/2069/2069 2068/2068/2068
f 2069/2069/2069 2070/2070/2070 2068/2068/2068
f 2069/2069/2069 2071/2071/2071 2070/2070/2070
f 2071/2071/2071 2072/2072/2072 2070/2070/2070
f 2071/2071/2071 2073/2073/2073 2072/2072/2072
f 2073/2073/2073 2074/2074/2074 2072/2072/2072
f 2073/2073/2073 2075/2075/2075 2074/2074/2074
f 2075/2075/2075 2076/2076/2076 2074/2074/2074
f 2075/2075/2075 2077/2077/2077 2076/2076/2076
f 2077/2077/2077 2078/2078/2078 2076/2076/2076
f 2077/2077/2077 2079/2079/2079 2078/2078/2078
f 2079/2079/2079 2080/2080/2080 2078/2078/2078
f 2079/2079/2079 2081/2081/2081 2080/2080/2080
f 2081/2081/2081 2082/2082/2082 2080/2080/2080
f 2081/2081/2081 2083/2083/2083 2082/2082/2082
f 2083/2083/2083 2084/2084/2084 2082/2082/2082
f 2083/2083/2083 2085/2085/2085 2084/2084/2084
f 2085/2085/2085 2086/2086/2086 2084/2084/2084
f 2085/2085/2085 2087/2087/2087 2086/2086/2086
f 2087/2087/2087 2088/2088/2088 2086/2086/2086
f 2087/2087/2087 2089/2089/2089 2088/2088/2088
f 2089/2089/2089 2090/2090/2090 2088/2088/2088
f 2089/2089/2089 2045/2045/2045 2090/2090/2090
f 2045/2045/2045 2091/2091/2091 2090/2090/2090
f 2091/2091/2091 2045/2045/2045 2043/2043/2043
f 2091/2091/2091 2043/2043/2043 2092/2092/2092
f 2092/2092/2092 2043/2043/2043 2051/2051/2051
f 2090/2090/2090 2091/2091/2091 2093/2093/2093
f 2093/2093/2093 2091/2091/2091 2092/2092/2092
f 2088/2088/2088 2090/2090/2090 2094/2094/2094
f 2094/2094/2094 2090/2090/2090 2093/2093/2093
f 2086/2086/2086 2088/2088/2088 2095/2095/2095
f 2095/2095/2095 2088/2088/2088 2094/2094/2094
f 2084/2084/2084 2086/2086/2086 2096/2096/2096
f 2096/2096/2096 2086/2086/2086 2095/2095/2095
f 2097/2097/2097 2084/2084/2084 2096/2096/2096
f 2082/2082/2082 2084/2084/2084 2097/2097/2097
f 2098/2098/2098 2082/2082/2082 2097/2097/2097
f 2080/2080/2080 2082/2082/2082 2098/2098/2098
f 2099/2099/2099 2080/2080/2080 2098/2098/2098
f 2078/2078/2078 2080/2080/2080 2099/2099/2099
f 2100/2100/2100 2078/2078/2078 2099/2099/2099
f 2076/2076/2076 2078/2078/2078 2100/2100/2100
f 2101/2101/2101 2076/2076/2076 2100/2100/2100
f 2074/2074/2074 2076/2076/2076 2101/2101/2101
f 2102/2102/2102 2074/2074/2074 2101/2101/2101
f 2072/2072/2072 2074/2074/2074 2102/2102/2102
f 2103/2103/2103 2072/2072/2072 2102/2102/2102
f 2070/2070/2070 2072/2072/2072 2103/2103/2103
f 2104/2104/2104 2070/2070/2070 2103/2103/2103
f 2068/2068/2068 2070/2070/2070 2104/2104/2104
f 2105/2105/2105 2068/2068/2068 2104/2104/2104
f 2066/2066/2066 2068/2068/2068 2105/2105/2105
f 2106/2106/2106 2066/2066/2066 2105/2105/2105
f 2064/2064/2064 2066/2066/2066 2106/2106/2106
f 2107/2107/2107 2064/2064/2064 2106/2106/2106
f 2062/2062/2062 2064/2064/2064 2107/2107/2107
f 2108/2108/2108 2062/2062/2062 2107/2107/2107
f 2060/2060/2060 2062/2062/2062 2108/2108/2108
f 2109/2109/2109 2060/2060/2060 2108/2108/2108
f 2058/2058/2058 2060/2060/2060 2109/2109/2109
f 2110/2110/2110 2058/2058/2058 2109/2109/2109
f 2056/2056/2056 2058/2058/2058 2110/2110/2110
f 2111/2111/2111 2056/2056/2056 2110/2110/2110
f 2054/2054/2054 2056/2056/2056 2111/2111/2111
f 2112/2112/2112 2054/2054/2054 2111/2111/2111
f 2052/2052/2052 2054/2054/2054 2112/2112/2112
f 2113/2113/2113 2052/2052/2052 2112/2112/2112
f 2049/2049/2049 2052/2052/2052 2113/2113/2113
f 2114/2114/2114 2049/2049/2049 2113/2113/2113
f 2049/2049/2049 2114/2114/2114 2051/2051/2051
f 2115/2115/2115 2051/2051/2051 2114/2114/2114
f 2051/2051/2051 2115/2115/2115 2092/2092/2092
f 2115/2115/2115 2116/2116/2116 2092/2092/2092
f 2092/2092/2092 2116/2116/2116 2093/2093/2093
f 2116/2116/2116 2117/2117/2117 2093/2093/2093
f 2093/2093/2093 2117/2117/2117 2094/2094/2094
f 2117/2117/2117 2118/2118/2118 2094/2094/2094
f 2094/2094/2094 2118/2118/2118 2095/2095/2095
f 2118/2118/2118 2119/2119/2119 2095/2095/2095
f 2095/2095/2095 2119/2119/2119 2096/2096/2096
f 2119/2119/2119 2120/2120/2120 2096/2096/2096
f 2096/2096/2096 2120/2120/2120 2097/2097/2097
f 2120/2120/2120 2121/2121/2121 2097/2097/2097
f 2097/2097/2097 2121/2121/2121 2098/2098/2098
f 2121/2121/2121 2122/2122/2122 2098/2098/2098
f 2098/2098/2098 2122/2122/2122 2099/2099/2099
f 2122/2122/2122 2123/2123/2123 2099/2099/2099
f 2099/2099/2099 2123/2123/2123 2100/2100/2100
f 2123/2123/2123 2124/2124/2124 2100/2100/2100
f 2100/2100/2100 2124/2124/2124 2101/2101/2101
f 2124/2124/2124 2125/2125/2125 2101/2101/2101
f 2101/2101/2101 2125/2125/2125 2102/2102/2102
f 2125/2125/2125 2126/2126/2126 2102/2102/2102
f 2102/2102/2102 2126/2126/2126 2103/2103/2103
f 2126/2126/2126 2127/2127/2127 2103/2103/2103
f 2103/2103/2103 2127/2127/2127 2104/2104/2104
f 2127/2127/2127 2128/2128/2128 2104/2104/2104
f 2104/2104/2104 2128/2128/2128 2105/2105/2105
f 2128/2128/2128 2129/2129/2129 2105/2105/2105
f 2105/2105/2105 2129/2129/2129 2106/2106/2106
f 2129/2129/2129 2130/2130/2130 2106/2106/2106
f 2106/2106/2106 2130/2130/2130 2107/2107/2107
f 2130/2130/2130 2131/2131/2131 2107/2107/2107
f 2107/2107/2107 2131/2131/2131 2108/2108/2108
f 2131/2131/2131 2132/2132/2132 2108/2108/2108
f 2108/2108/2108 2132/2132/2132 2109/2109/2109
f 2132/2132/2132 2133/2133/2133 2109/2109/2109
f 2109/2109/2109 2133/2133/2133 2110/2110/2110
f 2133/2133/2133 2134/2134/2134 2110/2110/2110
f 2110/2110/2110 2134/2134/2134 2111/2111/2111
f 2134/2134/2134 2135/2135/2135 2111/2111/2111
f 2111/2111/2111 2135/2135/2135 2112/2112/2112
f 2135/2135/2135 2136/2136/2136 2112/2112/2112
f 2112/2112/2112 2136/2136/2136 2113/2113/2113
f 2136/2136/2136 2137/2137/2137 2113/2113/2113
f 2113/2113/2113 2137/2137/2137 2114/2114/2114
f 2137/2137/2137 2138/2138/2138 2114/2114/2114
f 2138/2138/2138 2115/2115/2115 2114/2114/2114
f 2139/2139/2139 2115/2115/2115 2138/2138/2138
f 2115/2115/2115 2139/2139/2139 2116/2116/2116
f 2139/2139/2139 2140/2140/2140 2116/2116/2116
f 2116/2116/2116 2140/2140/2140 2117/2117/2117
f 2140/2140/2140 2141/2141/2141 2117/2117/2117
f 2117/2117/2117 2141/2141/2141 2118/2118/2118
f 2141/2141/2141 2142/2142/2142 2118/2118/2118
f 2118/2118/2118 2142/2142/2142 2119/2119/2119
f 2142/2142/2142 2143/2143/2143 2119/2119/2119
f 2119/2119/2119 2143/2143/2143 2120/2120/2120
f 2143/2143/2143 2144/2144/2144 2120/2120/2120
f 2120/2120/2120 2144/2144/2144 2121/2121/2121
f 2144/2144/2144 2145/2145/2145 2121/2121/2121
f 2121/2121/2121 2145/2145/2145 2122/2122/2122
f 2145/2145/2145 2146/2146/2146 2122/2122/2122
f 2122/2122/2122 2146/2146/2146 2123/2123/2123
f 2146/2146/2146 2147/2147/2147 2123/2123/2123
f 2123/2123/2123 2147/2147/2147 2124/2124/2124
f 2147/2147/2147 2148/2148/2148 2124/2124/2124
f 2124/2124/2124 2148/2148/2148 2125/2125/2125
f 2148/2148/2148 2149/2149/2149 2125/2125/2125
f 2125/2125/2125 2149/2149/2149 2126/2126/2126
f 2149/2149/2149 2150/2150/2150 2126/2126/2126
f 2126/2126/2126 2150/2150/2150 2127/2127/2127
f 2150/2150/2150 2151/2151/2151 2127/2127/2127
f 2127/2127/2127 2151/2151/2151 2128/2128/2128
f 2151/2151/2151 2152/2152/2152 2128/2128/2128
f 2128/2128/2128 2152/2152/2152 2129/2129/2129
f 2152/2152/2152 2153/2153/2153 2129/2129/2129
f 2129/2129/2129 2153/2153/2153 2130/2130/2130
f 2153/2153/2153 2154/2154/2154 2130/2130/2130
f 2130/2130/2130 2154/2154/2154 2131/2131/2131
f 2154/2154/2154 2155/2155/2155 2131/2131/2131
f 2131/2131/2131 2155/2155/2155 2132/2132/2132
f 2155/2155/2155 2156/2156/2156 2132/2132/2132
f 2132/2132/2132 2156/2156/2156 2133/2133/2133
f 2156/2156/2156 2157/2157/2157 2133/2133/2133
f 2133/2133/2133 2157/2157/2157 2134/2134/2134
f 2157/2157/2157 2158/2158/2158 2134/2134/2134
f 2134/2134/2134 2158/2158/2158 2135/2135/2135
f 2158/2158/2158 2159/2159/2159 2135/2135/2135
f 2135/2135/2135 2159/2159/2159 2136/2136/2136
f 2159/2159/2159 2160/2160/2160 2136/2136/2136
f 2136/2136/2136 2160/2160/2160 2137/2137/2137
f 2160/2160/2160 2161/2161/2161 2137/2137/2137
f 2137/2137/2137 2161/2161/2161 2138/2138/2138
f 2161/2161/2161 2162/2162/2162 2138/2138/2138
f 2162/2162/2162 2139/2139/2139 2138/2138/2138
f 2139/2139/2139 2162/2162/2162 2163/2163/2163
f 2140/2140/2140 2139/2139/2139 2163/2163/2163
f 2162/2162/2162 2161/2161/2161 2164/2164/2164
f 2162/2162/2162 2164/2164/2164 2163/2163/2163
f 2161/2161/2161 2160/2160/2160 2165/2165/2165
f 2161/2161/2161 2165/2165/2165 2164/2164/2164
f 2160/2160/2160 2159/2159/2159 2166/2166/2166
f 2160/2160/2160 2166/2166/2166 2165/2165/2165
f 2159/2159/2159 2158/2158/2158 2167/2167/2167
f 2159/2159/2159 2167/2167/2167 2166/2166/2166
f 2168/2168/2168 2140/2140/2140 2163/2163/2163
f 2141/2141/2141 2140/2140/2140 2168/2168/2168
f 2158/2158/2158 2169/2169/2169 2167/2167/2167
f 2158/2158/2158 2157/2157/2157 2169/2169/2169
f 2157/2157/2157 2170/2170/2170 2169/2169/2169
f 2157/2157/2157 2156/2156/2156 2170/2170/2170
f 2156/2156/2156 2171/2171/2171 2170/2170/2170
f 2156/2156/2156 2155/2155/2155 2171/2171/2171
f 2155/2155/2155 2172/2172/2172 2171/2171/2171
f 2155/2155/2155 2154/2154/2154 2172/2172/2172
f 2154/2154/2154 2173/2173/2173 2172/2172/2172
f 2154/2154/2154 2153/2153/2153 2173/2173/2173
f 2153/2153/2153 2174/2174/2174 2173/2173/2173
f 2153/2153/2153 2152/2152/2152 2174/2174/2174
f 2152/2152/2152 2175/2175/2175 2174/2174/2174
f 2152/2152/2152 2151/2151/2151 2175/2175/2175
f 2151/2151/2151 2176/2176/2176 2175/2175/2175
f 2151/2151/2151 2150/2150/2150 2176/2176/2176
f 2150/2150/2150 2177/2177/2177 2176/2176/2176
f 2150/2150/2150 2149/2149/2149 2177/2177/2177
f 2149/2149/2149 2178/2178/2178 2177/2177/2177
f 2149/2149/2149 2148/2148/2148 2178/2178/2178
f 2148/2148/2148 2179/2179/2179 2178/2178/2178
f 2148/2148/2148 2147/2147/2147 2179/2179/2179
f 2147/2147/2147 2180/2180/2180 2179/2179/2179
f 2147/2147/2147 2146/2146/2146 2180/2180/2180
f 2146/2146/2146 2181/2181/2181 2180/2180/2180
f 2146/2146/2146 2145/2145/2145 2181/2181/2181
f 2145/2145/2145 2182/2182/2182 2181/2181/2181
f 2145/2145/2145 2144/2144/2144 2182/2182/2182
f 2144/2144/2144 2183/2183/2183 2182/2182/2182
f 2144/2144/2144 2143/2143/2143 2183/2183/2183
f 2143/2143/2143 2184/2184/2184 2183/2183/2183
f 2143/2143/2143 2142/2142/2142 2184/2184/2184
f 2142/2142/2142 2185/2185/2185 2184/2184/2184
f 2142/2142/2142 2141/2141/2141 2185/2185/2185
f 2141/2141/2141 2186/2186/2186 2185/2185/2185
f 2186/2186/2186 2141/2141/2141 2168/2168/2168
f 2187/2187/2187 2179/2179/2179 2180/2180/2180
f 2188/2188/2188 2180/2180/2180 2181/2181/2181
f 2188/2188/2188 2187/2187/2187 2180/2180/2180
f 2189/2189/2189 2181/2181/2181 2182/2182/2182
f 2189/2189/2189 2188/2188/2188 2181/2181/2181
f 2190/2190/2190 2182/2182/2182 2183/2183/2183
f 2190/2190/2190 2189/2189/2189 2182/2182/2182
f 2191/2191/2191 2183/2183/2183 2184/2184/2184
f 2191/2191/2191 2190/2190/2190 2183/2183/2183
f 2192/2192/2192 2184/2184/2184 2185/2185/2185
f 2192/2192/2192 2191/2191/2191 2184/2184/2184
f 2193/2193/2193 2185/2185/2185 2186/2186/2186
f 2193/2193/2193 2192/2192/2192 2185/2185/2185
f 2187/2187/2187 2194/2194/2194 2179/2179/2179
f 2194/2194/2194 2178/2178/2178 2179/2179/2179
f 2195/2195/2195 2193/2193/2193 2186/2186/2186
f 2195/2195/2195 2186/2186/2186 2168/2168/2168
f 2194/2194/2194 2196/2196/2196 2178/2178/2178
f 2196/2196/2196 2177/2177/2177 2178/2178/2178
f 2197/2197/2197 2195/2195/2195 2168/2168/2168
f 2197/2197/2197 2168/2168/2168 2163/2163/2163
f 2196/2196/2196 2198/2198/2198 2177/2177/2177
f 2198/2198/2198 2176/2176/2176 2177/2177/2177
f 2199/2199/2199 2197/2197/2197 2163/2163/2163
f 2199/2199/2199 2163/2163/2163 2164/2164/2164
f 2198/2198/2198 2200/2200/2200 2176/2176/2176
f 2200/2200/2200 2175/2175/2175 2176/2176/2176
f 2201/2201/2201 2199/2199/2199 2164/2164/2164
f 2201/2201/2201 2164/2164/2164 2165/2165/2165
f 2200/2200/2200 2202/2202/2202 2175/2175/2175
f 2202/2202/2202 2174/2174/2174 2175/2175/2175
f 2203/2203/2203 2201/2201/2201 2165/2165/2165
f 2203/2203/2203 2165/2165/2165 2166/2166/2166
f 2202/2202/2202 2204/2204/2204 2174/2174/2174
f 2204/2204/2204 2173/2173/2173 2174/2174/2174
f 2205/2205/2205 2203/2203/2203 2166/2166/2166
f 2205/2205/2205 2166/2166/2166 2167/2167/2167
f 2204/2204/2204 2206/2206/2206 2173/2173/2173
f 2206/2206/2206 2172/2172/2172 2173/2173/2173
f 2207/2207/2207 2205/2205/2205 2167/2167/2167
f 2207/2207/2207 2167/2167/2167 2169/2169/2169
f 2206/2206/2206 2208/2208/2208 2172/2172/2172
f 2208/2208/2208 2171/2171/2171 2172/2172/2172
f 2209/2209/2209 2207/2207/2207 2169/2169/2169
f 2209/2209/2209 2169/2169/2169 2170/2170/2170
f 2210/2210/2210 2170/2170/2170 2171/2171/2171
f 2208/2208/2208 2210/2210/2210 2171/2171/2171
f 2210/2210/2210 2209/2209/2209 2170/2170/2170
f 2205/2205/2205 2211/2211/2211 2203/2203/2203
f 2211/2211/2211 2212/2212/2212 2203/2203/2203
f 2213/2213/2213 2211/2211/2211 2205/2205/2205
f 2207/2207/2207 2213/2213/2213 2205/2205/2205
f 2203/2203/2203 2212/2212/2212 2201/2201/2201
f 2214/2214/2214 2213/2213/2213 2207/2207/2207
f 2209/2209/2209 2214/2214/2214 2207/2207/2207
f 2212/2212/2212 2215/2215/2215 2201/2201/2201
f 2216/2216/2216 2214/2214/2214 2209/2209/2209
f 2210/2210/2210 2216/2216/2216 2209/2209/2209
f 2201/2201/2201 2215/2215/2215 2199/2199/2199
f 2217/2217/2217 2216/2216/2216 2210/2210/2210
f 2208/2208/2208 2217/2217/2217 2210/2210/2210
f 2215/2215/2215 2218/2218/2218 2199/2199/2199
f 2219/2219/2219 2217/2217/2217 2208/2208/2208
f 2199/2199/2199 2218/2218/2218 2197/2197/2197
f 2206/2206/2206 2219/2219/2219 2208/2208/2208
f 2218/2218/2218 2220/2220/2220 2197/2197/2197
f 2221/2221/2221 2219/2219/2219 2206/2206/2206
f 2197/2197/2197 2220/2220/2220 2195/2195/2195
f 2204/2204/2204 2221/2221/2221 2206/2206/2206
f 2220/2220/2220 2222/2222/2222 2195/2195/2195
f 2223/2223/2223 2221/2221/2221 2204/2204/2204
f 2195/2195/2195 2222/2222/2222 2193/2193/2193
f 2202/2202/2202 2223/2223/2223 2204/2204/2204
f 2222/2222/2222 2224/2224/2224 2193/2193/2193
f 2225/2225/2225 2223/2223/2223 2202/2202/2202
f 2193/2193/2193 2224/2224/2224 2192/2192/2192
f 2200/2200/2200 2225/2225/2225 2202/2202/2202
f 2224/2224/2224 2226/2226/2226 2192/2192/2192
f 2227/2227/2227 2225/2225/2225 2200/2200/2200
f 2192/2192/2192 2226/2226/2226 2191/2191/2191
f 2198/2198/2198 2227/2227/2227 2200/2200/2200
f 2226/2226/2226 2228/2228/2228 2191/2191/2191
f 2229/2229/2229 2227/2227/2227 2198/2198/2198
f 2191/2191/2191 2228/2228/2228 2190/2190/2190
f 2196/2196/2196 2229/2229/2229 2198/2198/2198
f 2228/2228/2228 2230/2230/2230 2190/2190/2190
f 2231/2231/2231 2229/2229/2229 2196/2196/2196
f 2190/2190/2190 2230/2230/2230 2189/2189/2189
f 2194/2194/2194 2231/2231/2231 2196/2196/2196
f 2230/2230/2230 2232/2232/2232 2189/2189/2189
f 2233/2233/2233 2231/2231/2231 2194/2194/2194
f 2189/2189/2189 2232/2232/2232 2188/2188/2188
f 2187/2187/2187 2233/2233/2233 2194/2194/2194
f 2232/2232/2232 2234/2234/2234 2188/2188/2188
f 2234/2234/2234 2233/2233/2233 2187/2187/2187
f 2188/2188/2188 2234/2234/2234 2187/2187/2187
f 2237/2237/2237 2236/2236/2236 2235/2235/2235
f 2238/2238/2238 2237/2237/2237 2235/2235/2235
f 2238/2238/2238 2235/2235/2235 2239/2239/2239
f 2240/2240/2240 2238/2238/2238 2239/2239/2239
f 2240/2240/2240 2239/2239/2239 2241/2241/2241
f 2237/2237/2237 2242/2242/2242 2236/2236/2236
f 2242/2242/2242 2243/2243/2243 2236/2236/2236
f 2237/2237/2237 2238/2238/2238 2244/2244/2244
f 2244/2244/2244 2238/2238/2238 2240/2240/2240
f 2245/2245/2245 2240/2240/2240 2241/2241/2241
f 2245/2245/2245 2241/2241/2241 2246/2246/2246
f 2242/2242/2242 2247/2247/2247 2243/2243/2243
f 2247/2247/2247 2248/2248/2248 2243/2243/2243
f 2249/2249/2249 2242/2242/2242 2237/2237/2237
f 2244/2244/2244 2249/2249/2249 2237/2237/2237
f 2247/2247/2247 2242/2242/2242 2249/2249/2249
f 2240/2240/2240 2245/2245/2245 2250/2250/2250
f 2250/2250/2250 2244/2244/2244 2240/2240/2240
f 2251/2251/2251 2245/2245/2245 2246/2246/2246
f 2250/2250/2250 2245/2245/2245 2251/2251/2251
f 2251/2251/2251 2246/2246/2246 2252/2252/2252
f 2247/2247/2247 2253/2253/2253 2248/2248/2248
f 2253/2253/2253 2254/2254/2254 2248/2248/2248
f 2255/2255/2255 2251/2251/2251 2252/2252/2252
f 2255/2255/2255 2252/2252/2252 2256/2256/2256
f 2257/2257/2257 2253/2253/2253 2247/2247/2247
f 2249/2249/2249 2257/2257/2257 2247/2247/2247
f 2253/2253/2253 2258/2258/2258 2254/2254/2254
f 2258/2258/2258 2253/2253/2253 2257/2257/2257
f 2258/2258/2258 2259/2259/2259 2254/2254/2254
f 2251/2251/2251 2255/2255/2255 2260/2260/2260
f 2260/2260/2260 2250/2250/2250 2251/2251/2251
f 2261/2261/2261 2255/2255/2255 2256/2256/2256
f 2260/2260/2260 2255/2255/2255 2261/2261/2261
f 2261/2261/2261 2256/2256/2256 2262/2262/2262
f 2258/2258/2258 2263/2263/2263 2259/2259/2259
f 2263/2263/2263 2264/2264/2264 2259/2259/2259
f 2265/2265/2265 2261/2261/2261 2262/2262/2262
f 2265/2265/2265 2262/2262/2262 2266/2266/2266
f 2267/2267/2267 2263/2263/2263 2258/2258/2258
f 2257/2257/2257 2267/2267/2267 2258/2258/2258
f 2263/2263/2263 2268/2268/2268 2264/2264/2264
f 2268/2268/2268 2263/2263/2263 2267/2267/2267
f 2268/2268/2268 2269/2269/2269 2264/2264/2264
f 2261/2261/2261 2265/2265/2265 2270/2270/2270
f 2270/2270/2270 2260/2260/2260 2261/2261/2261
f 2271/2271/2271 2265/2265/2265 2266/2266/2266
f 2270/2270/2270 2265/2265/2265 2271/2271/2271
f 2271/2271/2271 2266/2266/2266 2272/2272/2272
f 2268/2268/2268 2273/2273/2273 2269/2269/2269
f 2273/2273/2273 2274/2274/2274 2269/2269/2269
f 2275/2275/2275 2271/2271/2271 2272/2272/2272
f 2275/2275/2275 2272/2272/2272 2276/2276/2276
f 2277/2277/2277 2273/2273/2273 2268/2268/2268
f 2267/2267/2267 2277/2277/2277 2268/2268/2268
f 2273/2273/2273 2278/2278/2278 2274/2274/2274
f 2278/2278/2278 2273/2273/2273 2277/2277/2277
f 2278/2278/2278 2279/2279/2279 2274/2274/2274
f 2271/2271/2271 2275/2275/2275 2280/2280/2280
f 2280/2280/2280 2270/2270/2270 2271/2271/2271
f 2281/2281/2281 2275/2275/2275 2276/2276/2276
f 2280/2280/2280 2275/2275/2275 2281/2281/2281
f 2281/2281/2281 2276/2276/2276 2282/2282/2282
f 2278/2278/2278 2283/2283/2283 2279/2279/2279
f 2283/2283/2283 2284/2284/2284 2279/2279/2279
f 2285/2285/2285 2281/2281/2281 2282/2282/2282
f 2285/2285/2285 2282/2282/2282 2286/2286/2286
f 2287/2287/2287 2283/2283/2283 2278/2278/2278
f 2277/2277/2277 2287/2287/2287 2278/2278/2278
f 2283/2283/2283 2288/2288/2288 2284/2284/2284
f 2288/2288/2288 2283/2283/2283 2287/2287/2287
f 2288/2288/2288 2289/2289/2289 2284/2284/2284
f 2281/2281/2281 2285/2285/2285 2290/2290/2290
f 2290/2290/2290 2280/2280/2280 2281/2281/2281
f 2291/2291/2291 2285/2285/2285 2286/2286/2286
f 2290/2290/2290 2285/2285/2285 2291/2291/2291
f 2291/2291/2291 2286/2286/2286 2292/2292/2292
f 2293/2293/2293 2292/2292/2292 2289/2289/2289
f 2288/2288/2288 2293/2293/2293 2289/2289/2289
f 2293/2293/2293 2291/2291/2291 2292/2292/2292
f 2294/2294/2294 2293/2293/2293 2288/2288/2288
f 2291/2291/2291 2293/2293/2293 2294/2294/2294
f 2287/2287/2287 2294/2294/2294 2288/2288/2288
f 2294/2294/2294 2290/2290/2290 2291/2291/2291
f 2295/2295/2295 2287/2287/2287 2277/2277/2277
f 2296/2296/2296 2294/2294/2294 2287/2287/2287
f 2295/2295/2295 2296/2296/2296 2287/2287/2287
f 2297/2297/2297 2290/2290/2290 2294/2294/2294
f 2296/2296/2296 2297/2297/2297 2294/2294/2294
f 2298/2298/2298 2280/2280/2280 2290/2290/2290
f 2297/2297/2297 2298/2298/2298 2290/2290/2290
f 2299/2299/2299 2295/2295/2295 2277/2277/2277
f 2299/2299/2299 2277/2277/2277 2267/2267/2267
f 2300/2300/2300 2297/2297/2297 2296/2296/2296
f 2298/2298/2298 2297/2297/2297 2300/2300/2300
f 2296/2296/2296 2295/2295/2295 2301/2301/2301
f 2301/2301/2301 2295/2295/2295 2299/2299/2299
f 2301/2301/2301 2300/2300/2300 2296/2296/2296
f 2298/2298/2298 2302/2302/2302 2280/2280/2280
f 2302/2302/2302 2270/2270/2270 2280/2280/2280
f 2303/2303/2303 2299/2299/2299 2267/2267/2267
f 2303/2303/2303 2267/2267/2267 2257/2257/2257
f 2300/2300/2300 2304/2304/2304 2298/2298/2298
f 2304/2304/2304 2302/2302/2302 2298/2298/2298
f 2302/2302/2302 2305/2305/2305 2270/2270/2270
f 2305/2305/2305 2302/2302/2302 2304/2304/2304
f 2305/2305/2305 2260/2260/2260 2270/2270/2270
f 2300/2300/2300 2301/2301/2301 2306/2306/2306
f 2304/2304/2304 2300/2300/2300 2306/2306/2306
f 2307/2307/2307 2301/2301/2301 2299/2299/2299
f 2299/2299/2299 2303/2303/2303 2307/2307/2307
f 2301/2301/2301 2307/2307/2307 2306/2306/2306
f 2308/2308/2308 2303/2303/2303 2257/2257/2257
f 2307/2307/2307 2303/2303/2303 2308/2308/2308
f 2308/2308/2308 2257/2257/2257 2249/2249/2249
f 2305/2305/2305 2309/2309/2309 2260/2260/2260
f 2309/2309/2309 2250/2250/2250 2260/2260/2260
f 2304/2304/2304 2310/2310/2310 2305/2305/2305
f 2310/2310/2310 2304/2304/2304 2306/2306/2306
f 2310/2310/2310 2309/2309/2309 2305/2305/2305
f 2307/2307/2307 2311/2311/2311 2306/2306/2306
f 2311/2311/2311 2307/2307/2307 2308/2308/2308
f 2311/2311/2311 2310/2310/2310 2306/2306/2306
f 2312/2312/2312 2308/2308/2308 2249/2249/2249
f 2308/2308/2308 2312/2312/2312 2311/2311/2311
f 2312/2312/2312 2249/2249/2249 2244/2244/2244
f 2313/2313/2313 2244/2244/2244 2250/2250/2250
f 2309/2309/2309 2313/2313/2313 2250/2250/2250
f 2313/2313/2313 2309/2309/2309 2310/2310/2310
f 2310/2310/2310 2311/2311/2311 2313/2313/2313
f 2311/2311/2311 2312/2312/2312 2313/2313/2313
f 2313/2313/2313 2312/2312/2312 2244/2244/2244
g PDA_geo_1
f 2316/2316/2316 2315/2315/2315 2314/2314/2314
f 2315/2315/2315 2317/2317/2317 2314/2314/2314
f 2314/2314/2314 2317/2317/2317 2318/2318/2318
f 2319/2319/2319 2317/2317/2317 2315/2315/2315
f 2320/2320/2320 2319/2319/2319 2315/2315/2315
f 2320/2320/2320 2321/2321/2321 2319/2319/2319
f 2317/2317/2317 2322/2322/2322 2318/2318/2318
f 2319/2319/2319 2323/2323/2323 2317/2317/2317
f 2323/2323/2323 2322/2322/2322 2317/2317/2317
f 2318/2318/2318 2322/2322/2322 2324/2324/2324
f 2325/2325/2325 2318/2318/2318 2324/2324/2324
f 2325/2325/2325 2324/2324/2324 2326/2326/2326
f 2323/2323/2323 2327/2327/2327 2322/2322/2322
f 2327/2327/2327 2324/2324/2324 2322/2322/2322
f 2321/2321/2321 2328/2328/2328 2319/2319/2319
f 2323/2323/2323 2319/2319/2319 2329/2329/2329
f 2319/2319/2319 2328/2328/2328 2329/2329/2329
f 2328/2328/2328 2321/2321/2321 2330/2330/2330
f 2321/2321/2321 2331/2331/2331 2330/2330/2330
f 2328/2328/2328 2330/2330/2330 2332/2332/2332
f 2329/2329/2329 2328/2328/2328 2332/2332/2332
f 2329/2329/2329 2332/2332/2332 2333/2333/2333
f 2323/2323/2323 2329/2329/2329 2334/2334/2334
f 2334/2334/2334 2329/2329/2329 2333/2333/2333
f 2327/2327/2327 2323/2323/2323 2334/2334/2334
f 2334/2334/2334 2333/2333/2333 2335/2335/2335
f 2336/2336/2336 2334/2334/2334 2335/2335/2335
f 2327/2327/2327 2334/2334/2334 2336/2336/2336
f 2336/2336/2336 2335/2335/2335 2337/2337/2337
f 2324/2324/2324 2327/2327/2327 2338/2338/2338
f 2338/2338/2338 2327/2327/2327 2336/2336/2336
f 2339/2339/2339 2336/2336/2336 2337/2337/2337
f 2337/2337/2337 2340/2340/2340 2339/2339/2339
f 2339/2339/2339 2341/2341/2341 2336/2336/2336
f 2341/2341/2341 2338/2338/2338 2336/2336/2336
f 2340/2340/2340 2342/2342/2342 2339/2339/2339
f 2341/2341/2341 2339/2339/2339 2342/2342/2342
f 2342/2342/2342 2340/2340/2340 2343/2343/2343
f 2344/2344/2344 2324/2324/2324 2338/2338/2338
f 2324/2324/2324 2344/2344/2344 2326/2326/2326
f 2344/2344/2344 2338/2338/2338 2345/2345/2345
f 2326/2326/2326 2344/2344/2344 2345/2345/2345
f 2338/2338/2338 2341/2341/2341 2345/2345/2345
f 2346/2346/2346 2345/2345/2345 2341/2341/2341
f 2347/2347/2347 2326/2326/2326 2345/2345/2345
f 2347/2347/2347 2345/2345/2345 2346/2346/2346
f 2348/2348/2348 2347/2347/2347 2346/2346/2346
f 2349/2349/2349 2341/2341/2341 2342/2342/2342
f 2349/2349/2349 2346/2346/2346 2341/2341/2341
f 2350/2350/2350 2342/2342/2342 2343/2343/2343
f 2349/2349/2349 2342/2342/2342 2350/2350/2350
f 2351/2351/2351 2350/2350/2350 2343/2343/2343
f 2352/2352/2352 2351/2351/2351 2343/2343/2343
f 2351/2351/2351 2352/2352/2352 2353/2353/2353
f 2354/2354/2354 2349/2349/2349 2350/2350/2350
f 2350/2350/2350 2351/2351/2351 2354/2354/2354
f 2351/2351/2351 2355/2355/2355 2354/2354/2354
f 2356/2356/2356 2351/2351/2351 2353/2353/2353
f 2356/2356/2356 2355/2355/2355 2351/2351/2351
f 2356/2356/2356 2353/2353/2353 2357/2357/2357
f 2358/2358/2358 2356/2356/2356 2357/2357/2357
f 2358/2358/2358 2355/2355/2355 2356/2356/2356
f 2358/2358/2358 2357/2357/2357 2359/2359/2359
f 2349/2349/2349 2354/2354/2354 2360/2360/2360
f 2346/2346/2346 2349/2349/2349 2360/2360/2360
f 2346/2346/2346 2360/2360/2360 2361/2361/2361
f 2360/2360/2360 2354/2354/2354 2362/2362/2362
f 2354/2354/2354 2355/2355/2355 2362/2362/2362
f 2360/2360/2360 2362/2362/2362 2361/2361/2361
f 2363/2363/2363 2358/2358/2358 2359/2359/2359
f 2363/2363/2363 2359/2359/2359 2364/2364/2364
f 2365/2365/2365 2358/2358/2358 2363/2363/2363
f 2355/2355/2355 2358/2358/2358 2365/2365/2365
f 2366/2366/2366 2363/2363/2363 2364/2364/2364
f 2366/2366/2366 2365/2365/2365 2363/2363/2363
f 2364/2364/2364 2367/2367/2367 2366/2366/2366
f 2368/2368/2368 2346/2346/2346 2361/2361/2361
f 2346/2346/2346 2368/2368/2368 2348/2348/2348
f 2368/2368/2368 2369/2369/2369 2348/2348/2348
f 2368/2368/2368 2361/2361/2361 2369/2369/2369
f 2361/2361/2361 2370/2370/2370 2369/2369/2369
f 2371/2371/2371 2370/2370/2370 2361/2361/2361
f 2372/2372/2372 2371/2371/2371 2361/2361/2361
f 2362/2362/2362 2372/2372/2372 2361/2361/2361
f 2371/2371/2371 2372/2372/2372 2373/2373/2373
f 2373/2373/2373 2372/2372/2372 2362/2362/2362
f 2374/2374/2374 2371/2371/2371 2373/2373/2373
f 2375/2375/2375 2374/2374/2374 2373/2373/2373
f 2376/2376/2376 2373/2373/2373 2362/2362/2362
f 2362/2362/2362 2355/2355/2355 2376/2376/2376
f 2377/2377/2377 2375/2375/2375 2373/2373/2373
f 2377/2377/2377 2373/2373/2373 2376/2376/2376
f 2378/2378/2378 2375/2375/2375 2377/2377/2377
f 2355/2355/2355 2379/2379/2379 2376/2376/2376
f 2379/2379/2379 2355/2355/2355 2365/2365/2365
f 2380/2380/2380 2377/2377/2377 2376/2376/2376
f 2376/2376/2376 2379/2379/2379 2380/2380/2380
f 2381/2381/2381 2379/2379/2379 2365/2365/2365
f 2366/2366/2366 2381/2381/2381 2365/2365/2365
f 2379/2379/2379 2382/2382/2382 2380/2380/2380
f 2382/2382/2382 2379/2379/2379 2381/2381/2381
f 2383/2383/2383 2378/2378/2378 2377/2377/2377
f 2380/2380/2380 2384/2384/2384 2377/2377/2377
f 2384/2384/2384 2383/2383/2383 2377/2377/2377
f 2378/2378/2378 2383/2383/2383 2385/2385/2385
f 2383/2383/2383 2384/2384/2384 2385/2385/2385
f 2386/2386/2386 2378/2378/2378 2385/2385/2385
f 2384/2384/2384 2380/2380/2380 2387/2387/2387
f 2380/2380/2380 2382/2382/2382 2387/2387/2387
f 2384/2384/2384 2388/2388/2388 2385/2385/2385
f 2384/2384/2384 2387/2387/2387 2388/2388/2388
f 2386/2386/2386 2385/2385/2385 2389/2389/2389
f 2389/2389/2389 2385/2385/2385 2388/2388/2388
f 2390/2390/2390 2386/2386/2386 2389/2389/2389
f 2389/2389/2389 2391/2391/2391 2390/2390/2390
f 2391/2391/2391 2392/2392/2392 2390/2390/2390
f 2392/2392/2392 2391/2391/2391 2393/2393/2393
f 2391/2391/2391 2389/2389/2389 2394/2394/2394
f 2394/2394/2394 2389/2389/2389 2388/2388/2388
f 2388/2388/2388 2395/2395/2395 2394/2394/2394
f 2387/2387/2387 2395/2395/2395 2388/2388/2388
f 2395/2395/2395 2396/2396/2396 2394/2394/2394
f 2397/2397/2397 2387/2387/2387 2382/2382/2382
f 2395/2395/2395 2387/2387/2387 2397/2397/2397
f 2396/2396/2396 2395/2395/2395 2398/2398/2398
f 2398/2398/2398 2395/2395/2395 2397/2397/2397
f 2399/2399/2399 2396/2396/2396 2398/2398/2398
f 2399/2399/2399 2398/2398/2398 2400/2400/2400
f 2398/2398/2398 2401/2401/2401 2400/2400/2400
f 2398/2398/2398 2397/2397/2397 2401/2401/2401
f 2400/2400/2400 2401/2401/2401 2402/2402/2402
f 2403/2403/2403 2397/2397/2397 2382/2382/2382
f 2403/2403/2403 2382/2382/2382 2381/2381/2381
f 2401/2401/2401 2404/2404/2404 2402/2402/2402
f 2402/2402/2402 2404/2404/2404 2405/2405/2405
f 2397/2397/2397 2406/2406/2406 2401/2401/2401
f 2397/2397/2397 2403/2403/2403 2406/2406/2406
f 2401/2401/2401 2406/2406/2406 2404/2404/2404
f 2403/2403/2403 2381/2381/2381 2407/2407/2407
f 2403/2403/2403 2407/2407/2407 2406/2406/2406
f 2406/2406/2406 2408/2408/2408 2404/2404/2404
f 2406/2406/2406 2407/2407/2407 2408/2408/2408
f 2404/2404/2404 2409/2409/2409 2405/2405/2405
f 2404/2404/2404 2408/2408/2408 2409/2409/2409
f 2381/2381/2381 2410/2410/2410 2407/2407/2407
f 2381/2381/2381 2366/2366/2366 2410/2410/2410
f 2407/2407/2407 2411/2411/2411 2408/2408/2408
f 2407/2407/2407 2410/2410/2410 2411/2411/2411
f 2366/2366/2366 2412/2412/2412 2410/2410/2410
f 2367/2367/2367 2412/2412/2412 2366/2366/2366
f 2410/2410/2410 2412/2412/2412 2413/2413/2413
f 2410/2410/2410 2413/2413/2413 2411/2411/2411
f 2414/2414/2414 2412/2412/2412 2367/2367/2367
f 2412/2412/2412 2414/2414/2414 2413/2413/2413
f 2415/2415/2415 2414/2414/2414 2367/2367/2367
f 2414/2414/2414 2415/2415/2415 2416/2416/2416
f 2408/2408/2408 2411/2411/2411 2417/2417/2417
f 2408/2408/2408 2417/2417/2417 2409/2409/2409
f 2405/2405/2405 2409/2409/2409 2418/2418/2418
f 2419/2419/2419 2405/2405/2405 2418/2418/2418
f 2411/2411/2411 2413/2413/2413 2420/2420/2420
f 2411/2411/2411 2420/2420/2420 2417/2417/2417
f 2409/2409/2409 2417/2417/2417 2421/2421/2421
f 2418/2418/2418 2409/2409/2409 2421/2421/2421
f 2421/2421/2421 2417/2417/2417 2420/2420/2420
f 2422/2422/2422 2414/2414/2414 2416/2416/2416
f 2416/2416/2416 2423/2423/2423 2422/2422/2422
f 2424/2424/2424 2413/2413/2413 2414/2414/2414
f 2422/2422/2422 2424/2424/2424 2414/2414/2414
f 2413/2413/2413 2424/2424/2424 2420/2420/2420
f 2418/2418/2418 2425/2425/2425 2419/2419/2419
f 2425/2425/2425 2426/2426/2426 2419/2419/2419
f 2426/2426/2426 2425/2425/2425 2427/2427/2427
f 2428/2428/2428 2426/2426/2426 2427/2427/2427
f 2429/2429/2429 2428/2428/2428 2427/2427/2427
f 2430/2430/2430 2425/2425/2425 2418/2418/2418
f 2421/2421/2421 2430/2430/2430 2418/2418/2418
f 2427/2427/2427 2425/2425/2425 2430/2430/2430
f 2423/2423/2423 2431/2431/2431 2422/2422/2422
f 2424/2424/2424 2422/2422/2422 2431/2431/2431
f 2420/2420/2420 2424/2424/2424 2432/2432/2432
f 2432/2432/2432 2424/2424/2424 2431/2431/2431
f 2432/2432/2432 2431/2431/2431 2433/2433/2433
f 2434/2434/2434 2431/2431/2431 2423/2423/2423
f 2431/2431/2431 2434/2434/2434 2433/2433/2433
f 2435/2435/2435 2434/2434/2434 2423/2423/2423
f 2434/2434/2434 2435/2435/2435 2436/2436/2436
f 2437/2437/2437 2420/2420/2420 2432/2432/2432
f 2437/2437/2437 2421/2421/2421 2420/2420/2420
f 2432/2432/2432 2433/2433/2433 2437/2437/2437
f 2438/2438/2438 2434/2434/2434 2436/2436/2436
f 2433/2433/2433 2434/2434/2434 2438/2438/2438
f 2438/2438/2438 2436/2436/2436 2439/2439/2439
f 2437/2437/2437 2440/2440/2440 2421/2421/2421
f 2433/2433/2433 2440/2440/2440 2437/2437/2437
f 2440/2440/2440 2430/2430/2430 2421/2421/2421
f 2441/2441/2441 2438/2438/2438 2439/2439/2439
f 2441/2441/2441 2439/2439/2439 2442/2442/2442
f 2443/2443/2443 2433/2433/2433 2438/2438/2438
f 2443/2443/2443 2438/2438/2438 2441/2441/2441
f 2444/2444/2444 2430/2430/2430 2440/2440/2440
f 2444/2444/2444 2427/2427/2427 2430/2430/2430
f 2445/2445/2445 2440/2440/2440 2433/2433/2433
f 2445/2445/2445 2444/2444/2444 2440/2440/2440
f 2443/2443/2443 2445/2445/2445 2433/2433/2433
f 2446/2446/2446 2441/2441/2441 2442/2442/2442
f 2446/2446/2446 2442/2442/2442 2447/2447/2447
f 2448/2448/2448 2443/2443/2443 2441/2441/2441
f 2448/2448/2448 2441/2441/2441 2446/2446/2446
f 2449/2449/2449 2448/2448/2448 2446/2446/2446
f 2450/2450/2450 2446/2446/2446 2447/2447/2447
f 2449/2449/2449 2446/2446/2446 2450/2450/2450
f 2450/2450/2450 2447/2447/2447 2451/2451/2451
f 2452/2452/2452 2449/2449/2449 2450/2450/2450
f 2453/2453/2453 2450/2450/2450 2451/2451/2451
f 2452/2452/2452 2450/2450/2450 2453/2453/2453
f 2453/2453/2453 2451/2451/2451 2454/2454/2454
f 2444/2444/2444 2445/2445/2445 2455/2455/2455
f 2444/2444/2444 2455/2455/2455 2427/2427/2427
f 2445/2445/2445 2443/2443/2443 2456/2456/2456
f 2445/2445/2445 2456/2456/2456 2455/2455/2455
f 2443/2443/2443 2457/2457/2457 2456/2456/2456
f 2458/2458/2458 2453/2453/2453 2454/2454/2454
f 2458/2458/2458 2454/2454/2454 2459/2459/2459
f 2460/2460/2460 2452/2452/2452 2453/2453/2453
f 2460/2460/2460 2453/2453/2453 2458/2458/2458
f 2455/2455/2455 2461/2461/2461 2427/2427/2427
f 2461/2461/2461 2429/2429/2429 2427/2427/2427
f 2462/2462/2462 2456/2456/2456 2457/2457/2457
f 2463/2463/2463 2462/2462/2462 2457/2457/2457
f 2464/2464/2464 2455/2455/2455 2456/2456/2456
f 2461/2461/2461 2455/2455/2455 2464/2464/2464
f 2462/2462/2462 2464/2464/2464 2456/2456/2456
f 2429/2429/2429 2461/2461/2461 2465/2465/2465
f 2465/2465/2465 2461/2461/2461 2464/2464/2464
f 2466/2466/2466 2429/2429/2429 2465/2465/2465
f 2467/2467/2467 2462/2462/2462 2463/2463/2463
f 2468/2468/2468 2467/2467/2467 2463/2463/2463
f 2469/2469/2469 2464/2464/2464 2462/2462/2462
f 2465/2465/2465 2464/2464/2464 2469/2469/2469
f 2467/2467/2467 2469/2469/2469 2462/2462/2462
f 2466/2466/2466 2465/2465/2465 2470/2470/2470
f 2470/2470/2470 2465/2465/2465 2469/2469/2469
f 2471/2471/2471 2466/2466/2466 2470/2470/2470
f 2472/2472/2472 2471/2471/2471 2470/2470/2470
f 2473/2473/2473 2472/2472/2472 2470/2470/2470
f 2470/2470/2470 2469/2469/2469 2473/2473/2473
f 2474/2474/2474 2472/2472/2472 2473/2473/2473
f 2469/2469/2469 2467/2467/2467 2475/2475/2475
f 2469/2469/2469 2475/2475/2475 2473/2473/2473
f 2476/2476/2476 2474/2474/2474 2473/2473/2473
f 2476/2476/2476 2473/2473/2473 2475/2475/2475
f 2467/2467/2467 2477/2477/2477 2475/2475/2475
f 2467/2467/2467 2452/2452/2452 2477/2477/2477
f 2452/2452/2452 2460/2460/2460 2477/2477/2477
f 2478/2478/2478 2475/2475/2475 2477/2477/2477
f 2478/2478/2478 2476/2476/2476 2475/2475/2475
f 2474/2474/2474 2476/2476/2476 2479/2479/2479
f 2480/2480/2480 2474/2474/2474 2479/2479/2479
f 2481/2481/2481 2480/2480/2480 2479/2479/2479
f 2477/2477/2477 2460/2460/2460 2482/2482/2482
f 2482/2482/2482 2478/2478/2478 2477/2477/2477
f 2476/2476/2476 2478/2478/2478 2483/2483/2483
f 2479/2479/2479 2476/2476/2476 2483/2483/2483
f 2460/2460/2460 2484/2484/2484 2482/2482/2482
f 2484/2484/2484 2460/2460/2460 2458/2458/2458
f 2478/2478/2478 2482/2482/2482 2485/2485/2485
f 2483/2483/2483 2478/2478/2478 2485/2485/2485
f 2482/2482/2482 2484/2484/2484 2485/2485/2485
f 2483/2483/2483 2486/2486/2486 2479/2479/2479
f 2483/2483/2483 2485/2485/2485 2486/2486/2486
f 2487/2487/2487 2481/2481/2481 2479/2479/2479
f 2486/2486/2486 2487/2487/2487 2479/2479/2479
f 2484/2484/2484 2458/2458/2458 2488/2488/2488
f 2488/2488/2488 2458/2458/2458 2459/2459/2459
f 2488/2488/2488 2459/2459/2459 2489/2489/2489
f 2484/2484/2484 2490/2490/2490 2485/2485/2485
f 2490/2490/2490 2484/2484/2484 2488/2488/2488
f 2491/2491/2491 2488/2488/2488 2489/2489/2489
f 2490/2490/2490 2488/2488/2488 2491/2491/2491
f 2491/2491/2491 2489/2489/2489 2492/2492/2492
f 2481/2481/2481 2487/2487/2487 2493/2493/2493
f 2494/2494/2494 2481/2481/2481 2493/2493/2493
f 2485/2485/2485 2490/2490/2490 2495/2495/2495
f 2485/2485/2485 2495/2495/2495 2486/2486/2486
f 2496/2496/2496 2490/2490/2490 2491/2491/2491
f 2490/2490/2490 2497/2497/2497 2495/2495/2495
f 2498/2498/2498 2491/2491/2491 2492/2492/2492
f 2496/2496/2496 2491/2491/2491 2498/2498/2498
f 2498/2498/2498 2492/2492/2492 2499/2499/2499
f 2500/2500/2500 2496/2496/2496 2498/2498/2498
f 2495/2495/2495 2497/2497/2497 2501/2501/2501
f 2486/2486/2486 2495/2495/2495 2501/2501/2501
f 2497/2497/2497 2502/2502/2502 2501/2501/2501
f 2503/2503/2503 2498/2498/2498 2499/2499/2499
f 2500/2500/2500 2498/2498/2498 2503/2503/2503
f 2503/2503/2503 2499/2499/2499 2504/2504/2504
f 2505/2505/2505 2500/2500/2500 2503/2503/2503
f 2506/2506/2506 2503/2503/2503 2504/2504/2504
f 2505/2505/2505 2503/2503/2503 2506/2506/2506
f 2506/2506/2506 2504/2504/2504 2507/2507/2507
f 2508/2508/2508 2505/2505/2505 2506/2506/2506
f 2509/2509/2509 2506/2506/2506 2507/2507/2507
f 2508/2508/2508 2506/2506/2506 2509/2509/2509
f 2509/2509/2509 2507/2507/2507 2510/2510/2510
f 2511/2511/2511 2508/2508/2508 2509/2509/2509
f 2512/2512/2512 2509/2509/2509 2510/2510/2510
f 2511/2511/2511 2509/2509/2509 2512/2512/2512
f 2513/2513/2513 2511/2511/2511 2512/2512/2512
f 2515/2515/2515 2510/2510/2510 2514/2514/2514
f 2516/2516/2516 2515/2515/2515 2514/2514/2514
f 2517/2517/2517 2515/2515/2515 2516/2516/2516
f 2516/2516/2516 2514/2514/2514 2518/2518/2518
f 2514/2514/2514 2519/2519/2519 2518/2518/2518
f 2518/2518/2518 2519/2519/2519 2520/2520/2520
f 2519/2519/2519 2521/2521/2521 2520/2520/2520
f 2516/2516/2516 2518/2518/2518 2522/2522/2522
f 2522/2522/2522 2518/2518/2518 2520/2520/2520
f 2520/2520/2520 2521/2521/2521 2523/2523/2523
f 2521/2521/2521 2524/2524/2524 2523/2523/2523
f 2523/2523/2523 2524/2524/2524 2525/2525/2525
f 2526/2526/2526 2517/2517/2517 2516/2516/2516
f 2526/2526/2526 2516/2516/2516 2522/2522/2522
f 2527/2527/2527 2522/2522/2522 2520/2520/2520
f 2527/2527/2527 2520/2520/2520 2523/2523/2523
f 2528/2528/2528 2523/2523/2523 2525/2525/2525
f 2529/2529/2529 2527/2527/2527 2523/2523/2523
f 2523/2523/2523 2528/2528/2528 2529/2529/2529
f 2528/2528/2528 2525/2525/2525 2530/2530/2530
f 2525/2525/2525 2531/2531/2531 2530/2530/2530
f 2528/2528/2528 2532/2532/2532 2529/2529/2529
f 2528/2528/2528 2530/2530/2530 2532/2532/2532
f 2530/2530/2530 2531/2531/2531 2533/2533/2533
f 2531/2531/2531 2534/2534/2534 2533/2533/2533
f 2533/2533/2533 2534/2534/2534 2535/2535/2535
f 2534/2534/2534 2536/2536/2536 2535/2535/2535
f 2533/2533/2533 2535/2535/2535 2537/2537/2537
f 2533/2533/2533 2537/2537/2537 2530/2530/2530
f 2535/2535/2535 2538/2538/2538 2537/2537/2537
f 2538/2538/2538 2539/2539/2539 2537/2537/2537
f 2537/2537/2537 2540/2540/2540 2530/2530/2530
f 2530/2530/2530 2540/2540/2540 2532/2532/2532
f 2539/2539/2539 2541/2541/2541 2537/2537/2537
f 2537/2537/2537 2541/2541/2541 2540/2540/2540
f 2541/2541/2541 2539/2539/2539 2542/2542/2542
f 2540/2540/2540 2543/2543/2543 2532/2532/2532
f 2541/2541/2541 2543/2543/2543 2540/2540/2540
f 2544/2544/2544 2541/2541/2541 2542/2542/2542
f 2543/2543/2543 2541/2541/2541 2544/2544/2544
f 2544/2544/2544 2542/2542/2542 2545/2545/2545
f 2543/2543/2543 2546/2546/2546 2532/2532/2532
f 2532/2532/2532 2546/2546/2546 2529/2529/2529
f 2547/2547/2547 2544/2544/2544 2545/2545/2545
f 2547/2547/2547 2545/2545/2545 2548/2548/2548
f 2549/2549/2549 2547/2547/2547 2548/2548/2548
f 2550/2550/2550 2543/2543/2543 2544/2544/2544
f 2550/2550/2550 2544/2544/2544 2547/2547/2547
f 2546/2546/2546 2543/2543/2543 2550/2550/2550
f 2551/2551/2551 2547/2547/2547 2549/2549/2549
f 2551/2551/2551 2550/2550/2550 2547/2547/2547
f 2552/2552/2552 2551/2551/2551 2549/2549/2549
f 2546/2546/2546 2553/2553/2553 2529/2529/2529
f 2529/2529/2529 2553/2553/2553 2527/2527/2527
f 2554/2554/2554 2546/2546/2546 2550/2550/2550
f 2554/2554/2554 2550/2550/2550 2551/2551/2551
f 2553/2553/2553 2546/2546/2546 2554/2554/2554
f 2555/2555/2555 2551/2551/2551 2552/2552/2552
f 2555/2555/2555 2554/2554/2554 2551/2551/2551
f 2556/2556/2556 2555/2555/2555 2552/2552/2552
f 2553/2553/2553 2557/2557/2557 2527/2527/2527
f 2527/2527/2527 2557/2557/2557 2522/2522/2522
f 2558/2558/2558 2553/2553/2553 2554/2554/2554
f 2558/2558/2558 2554/2554/2554 2555/2555/2555
f 2557/2557/2557 2553/2553/2553 2558/2558/2558
f 2559/2559/2559 2555/2555/2555 2556/2556/2556
f 2559/2559/2559 2558/2558/2558 2555/2555/2555
f 2560/2560/2560 2559/2559/2559 2556/2556/2556
f 2557/2557/2557 2561/2561/2561 2522/2522/2522
f 2522/2522/2522 2561/2561/2561 2526/2526/2526
f 2562/2562/2562 2557/2557/2557 2558/2558/2558
f 2562/2562/2562 2558/2558/2558 2559/2559/2559
f 2561/2561/2561 2557/2557/2557 2562/2562/2562
f 2563/2563/2563 2559/2559/2559 2560/2560/2560
f 2563/2563/2563 2562/2562/2562 2559/2559/2559
f 2564/2564/2564 2563/2563/2563 2560/2560/2560
f 2561/2561/2561 2565/2565/2565 2526/2526/2526
f 2526/2526/2526 2565/2565/2565 2517/2517/2517
f 2566/2566/2566 2561/2561/2561 2562/2562/2562
f 2566/2566/2566 2562/2562/2562 2563/2563/2563
f 2565/2565/2565 2561/2561/2561 2566/2566/2566
f 2567/2567/2567 2563/2563/2563 2564/2564/2564
f 2567/2567/2567 2566/2566/2566 2563/2563/2563
f 2568/2568/2568 2567/2567/2567 2564/2564/2564
f 2569/2569/2569 2566/2566/2566 2567/2567/2567
f 2569/2569/2569 2565/2565/2565 2566/2566/2566
f 2570/2570/2570 2567/2567/2567 2568/2568/2568
f 2570/2570/2570 2569/2569/2569 2567/2567/2567
f 2571/2571/2571 2570/2570/2570 2568/2568/2568
f 2571/2571/2571 2572/2572/2572 2570/2570/2570
f 2565/2565/2565 2573/2573/2573 2517/2517/2517
f 2574/2574/2574 2517/2517/2517 2573/2573/2573
f 2570/2570/2570 2575/2575/2575 2569/2569/2569
f 2572/2572/2572 2575/2575/2575 2570/2570/2570
f 2569/2569/2569 2576/2576/2576 2565/2565/2565
f 2576/2576/2576 2573/2573/2573 2565/2565/2565
f 2575/2575/2575 2576/2576/2576 2569/2569/2569
f 2577/2577/2577 2574/2574/2574 2573/2573/2573
f 2578/2578/2578 2574/2574/2574 2577/2577/2577
f 2576/2576/2576 2579/2579/2579 2573/2573/2573
f 2576/2576/2576 2575/2575/2575 2579/2579/2579
f 2579/2579/2579 2577/2577/2577 2573/2573/2573
f 2575/2575/2575 2572/2572/2572 2580/2580/2580
f 2575/2575/2575 2580/2580/2580 2579/2579/2579
f 2572/2572/2572 2581/2581/2581 2580/2580/2580
f 2582/2582/2582 2578/2578/2578 2577/2577/2577
f 2583/2583/2583 2578/2578/2578 2582/2582/2582
f 2577/2577/2577 2579/2579/2579 2584/2584/2584
f 2579/2579/2579 2580/2580/2580 2584/2584/2584
f 2582/2582/2582 2577/2577/2577 2584/2584/2584
f 2580/2580/2580 2581/2581/2581 2585/2585/2585
f 2580/2580/2580 2585/2585/2585 2584/2584/2584
f 2581/2581/2581 2586/2586/2586 2585/2585/2585
f 2585/2585/2585 2586/2586/2586 2587/2587/2587
f 2588/2588/2588 2585/2585/2585 2587/2587/2587
f 2584/2584/2584 2585/2585/2585 2588/2588/2588
f 2587/2587/2587 2494/2494/2494 2588/2588/2588
f 2494/2494/2494 2493/2493/2493 2588/2588/2588
f 2589/2589/2589 2584/2584/2584 2588/2588/2588
f 2582/2582/2582 2584/2584/2584 2589/2589/2589
f 2588/2588/2588 2493/2493/2493 2589/2589/2589
f 2590/2590/2590 2583/2583/2583 2582/2582/2582
f 2590/2590/2590 2582/2582/2582 2589/2589/2589
f 2502/2502/2502 2583/2583/2583 2590/2590/2590
f 2501/2501/2501 2502/2502/2502 2590/2590/2590
f 2493/2493/2493 2591/2591/2591 2589/2589/2589
f 2589/2589/2589 2591/2591/2591 2590/2590/2590
f 2591/2591/2591 2501/2501/2501 2590/2590/2590
f 2493/2493/2493 2487/2487/2487 2591/2591/2591
f 2591/2591/2591 2486/2486/2486 2501/2501/2501
f 2487/2487/2487 2486/2486/2486 2591/2591/2591
f 2594/2594/2594 2593/2593/2593 2592/2592/2592
f 2593/2593/2593 2595/2595/2595 2592/2592/2592
f 2596/2596/2596 2592/2592/2592 2595/2595/2595
f 2597/2597/2597 2596/2596/2596 2595/2595/2595
f 2598/2598/2598 2596/2596/2596 2597/2597/2597
f 2599/2599/2599 2598/2598/2598 2597/2597/2597
f 2598/2598/2598 2599/2599/2599 2600/2600/2600
f 2599/2599/2599 2601/2601/2601 2600/2600/2600
f 2600/2600/2600 2601/2601/2601 2602/2602/2602
f 2601/2601/2601 2603/2603/2603 2602/2602/2602
f 2602/2602/2602 2603/2603/2603 2604/2604/2604
f 2603/2603/2603 2605/2605/2605 2604/2604/2604
f 2604/2604/2604 2605/2605/2605 2606/2606/2606
f 2605/2605/2605 2607/2607/2607 2606/2606/2606
f 2606/2606/2606 2607/2607/2607 2608/2608/2608
f 2607/2607/2607 2609/2609/2609 2608/2608/2608
f 2608/2608/2608 2609/2609/2609 2610/2610/2610
f 2609/2609/2609 2611/2611/2611 2610/2610/2610
f 2610/2610/2610 2611/2611/2611 2612/2612/2612
f 2611/2611/2611 2613/2613/2613 2612/2612/2612
f 2612/2612/2612 2613/2613/2613 2614/2614/2614
f 2613/2613/2613 2615/2615/2615 2614/2614/2614
f 2614/2614/2614 2615/2615/2615 2616/2616/2616
f 2615/2615/2615 2617/2617/2617 2616/2616/2616
f 2616/2616/2616 2617/2617/2617 2618/2618/2618
f 2617/2617/2617 2619/2619/2619 2618/2618/2618
f 2620/2620/2620 2618/2618/2618 2619/2619/2619
f 2621/2621/2621 2620/2620/2620 2619/2619/2619
f 2622/2622/2622 2620/2620/2620 2621/2621/2621
f 2623/2623/2623 2622/2622/2622 2621/2621/2621
f 2624/2624/2624 2622/2622/2622 2623/2623/2623
f 2625/2625/2625 2624/2624/2624 2623/2623/2623
f 2626/2626/2626 2624/2624/2624 2625/2625/2625
f 2627/2627/2627 2626/2626/2626 2625/2625/2625
f 2628/2628/2628 2626/2626/2626 2627/2627/2627
f 2629/2629/2629 2628/2628/2628 2627/2627/2627
f 2630/2630/2630 2628/2628/2628 2629/2629/2629
f 2631/2631/2631 2630/2630/2630 2629/2629/2629
f 2632/2632/2632 2630/2630/2630 2631/2631/2631
f 2633/2633/2633 2632/2632/2632 2631/2631/2631
f 2634/2634/2634 2632/2632/2632 2633/2633/2633
f 2635/2635/2635 2634/2634/2634 2633/2633/2633
f 2638/2638/2638 2637/2637/2637 2636/2636/2636
f 2639/2639/2639 2638/2638/2638 2636/2636/2636
f 2640/2640/2640 2638/2638/2638 2639/2639/2639
f 2641/2641/2641 2640/2640/2640 2639/2639/2639
f 2642/2642/2642 2640/2640/2640 2641/2641/2641
f 2643/2643/2643 2642/2642/2642 2641/2641/2641
f 2644/2644/2644 2642/2642/2642 2643/2643/2643
f 2645/2645/2645 2644/2644/2644 2643/2643/2643
f 2646/2646/2646 2644/2644/2644 2645/2645/2645
f 2647/2647/2647 2646/2646/2646 2645/2645/2645
f 2648/2648/2648 2646/2646/2646 2647/2647/2647
f 2649/2649/2649 2648/2648/2648 2647/2647/2647
f 2650/2650/2650 2648/2648/2648 2649/2649/2649
f 2651/2651/2651 2650/2650/2650 2649/2649/2649
f 2652/2652/2652 2650/2650/2650 2651/2651/2651
f 2653/2653/2653 2652/2652/2652 2651/2651/2651
f 2654/2654/2654 2652/2652/2652 2653/2653/2653
f 2655/2655/2655 2654/2654/2654 2653/2653/2653
f 2656/2656/2656 2654/2654/2654 2655/2655/2655
f 2657/2657/2657 2656/2656/2656 2655/2655/2655
f 2656/2656/2656 2657/2657/2657 2658/2658/2658
f 2657/2657/2657 2659/2659/2659 2658/2658/2658
f 2658/2658/2658 2659/2659/2659 2660/2660/2660
f 2659/2659/2659 2661/2661/2661 2660/2660/2660
f 2660/2660/2660 2661/2661/2661 2662/2662/2662
f 2661/2661/2661 2663/2663/2663 2662/2662/2662
f 2662/2662/2662 2663/2663/2663 2664/2664/2664
f 2663/2663/2663 2665/2665/2665 2664/2664/2664
f 2664/2664/2664 2665/2665/2665 2666/2666/2666
f 2665/2665/2665 2667/2667/2667 2666/2666/2666
f 2666/2666/2666 2667/2667/2667 2668/2668/2668
f 2667/2667/2667 2669/2669/2669 2668/2668/2668
f 2668/2668/2668 2669/2669/2669 2670/2670/2670
f 2669/2669/2669 2671/2671/2671 2670/2670/2670
f 2674/2674/2674 2673/2673/2673 2672/2672/2672
f 2675/2675/2675 2674/2674/2674 2672/2672/2672
f 2675/2675/2675 2672/2672/2672 2676/2676/2676
f 2675/2675/2675 2677/2677/2677 2674/2674/2674
f 2677/2677/2677 2678/2678/2678 2674/2674/2674
f 2679/2679/2679 2678/2678/2678 2677/2677/2677
f 2680/2680/2680 2675/2675/2675 2676/2676/2676
f 2681/2681/2681 2677/2677/2677 2675/2675/2675
f 2680/2680/2680 2681/2681/2681 2675/2675/2675
f 2680/2680/2680 2676/2676/2676 2682/2682/2682
f 2676/2676/2676 2683/2683/2683 2682/2682/2682
f 2682/2682/2682 2683/2683/2683 2684/2684/2684
f 2685/2685/2685 2681/2681/2681 2680/2680/2680
f 2682/2682/2682 2685/2685/2685 2680/2680/2680
f 2686/2686/2686 2679/2679/2679 2677/2677/2677
f 2677/2677/2677 2681/2681/2681 2687/2687/2687
f 2686/2686/2686 2677/2677/2677 2687/2687/2687
f 2679/2679/2679 2686/2686/2686 2688/2688/2688
f 2689/2689/2689 2679/2679/2679 2688/2688/2688
f 2688/2688/2688 2686/2686/2686 2690/2690/2690
f 2686/2686/2686 2687/2687/2687 2690/2690/2690
f 2690/2690/2690 2687/2687/2687 2691/2691/2691
f 2687/2687/2687 2681/2681/2681 2692/2692/2692
f 2687/2687/2687 2692/2692/2692 2691/2691/2691
f 2681/2681/2681 2685/2685/2685 2692/2692/2692
f 2691/2691/2691 2692/2692/2692 2693/2693/2693
f 2692/2692/2692 2694/2694/2694 2693/2693/2693
f 2692/2692/2692 2685/2685/2685 2694/2694/2694
f 2693/2693/2693 2694/2694/2694 2695/2695/2695
f 2685/2685/2685 2682/2682/2682 2696/2696/2696
f 2685/2685/2685 2696/2696/2696 2694/2694/2694
f 2694/2694/2694 2697/2697/2697 2695/2695/2695
f 2698/2698/2698 2695/2695/2695 2697/2697/2697
f 2699/2699/2699 2697/2697/2697 2694/2694/2694
f 2696/2696/2696 2699/2699/2699 2694/2694/2694
f 2700/2700/2700 2698/2698/2698 2697/2697/2697
f 2697/2697/2697 2699/2699/2699 2700/2700/2700
f 2698/2698/2698 2700/2700/2700 2701/2701/2701
f 2682/2682/2682 2702/2702/2702 2696/2696/2696
f 2702/2702/2702 2682/2682/2682 2684/2684/2684
f 2696/2696/2696 2702/2702/2702 2703/2703/2703
f 2702/2702/2702 2684/2684/2684 2703/2703/2703
f 2699/2699/2699 2696/2696/2696 2703/2703/2703
f 2703/2703/2703 2704/2704/2704 2699/2699/2699
f 2684/2684/2684 2705/2705/2705 2703/2703/2703
f 2704/2704/2704 2703/2703/2703 2705/2705/2705
f 2704/2704/2704 2705/2705/2705 2706/2706/2706
f 2699/2699/2699 2707/2707/2707 2700/2700/2700
f 2704/2704/2704 2707/2707/2707 2699/2699/2699
f 2700/2700/2700 2708/2708/2708 2701/2701/2701
f 2700/2700/2700 2707/2707/2707 2708/2708/2708
f 2708/2708/2708 2709/2709/2709 2701/2701/2701
f 2709/2709/2709 2710/2710/2710 2701/2701/2701
f 2710/2710/2710 2709/2709/2709 2711/2711/2711
f 2707/2707/2707 2712/2712/2712 2708/2708/2708
f 2709/2709/2709 2708/2708/2708 2712/2712/2712
f 2713/2713/2713 2709/2709/2709 2712/2712/2712
f 2709/2709/2709 2714/2714/2714 2711/2711/2711
f 2713/2713/2713 2714/2714/2714 2709/2709/2709
f 2711/2711/2711 2714/2714/2714 2715/2715/2715
f 2714/2714/2714 2716/2716/2716 2715/2715/2715
f 2713/2713/2713 2716/2716/2716 2714/2714/2714
f 2715/2715/2715 2716/2716/2716 2717/2717/2717
f 2712/2712/2712 2707/2707/2707 2718/2718/2718
f 2707/2707/2707 2704/2704/2704 2718/2718/2718
f 2718/2718/2718 2704/2704/2704 2719/2719/2719
f 2712/2712/2712 2718/2718/2718 2720/2720/2720
f 2713/2713/2713 2712/2712/2712 2720/2720/2720
f 2720/2720/2720 2718/2718/2718 2719/2719/2719
f 2716/2716/2716 2721/2721/2721 2717/2717/2717
f 2717/2717/2717 2721/2721/2721 2722/2722/2722
f 2716/2716/2716 2723/2723/2723 2721/2721/2721
f 2716/2716/2716 2713/2713/2713 2723/2723/2723
f 2721/2721/2721 2724/2724/2724 2722/2722/2722
f 2723/2723/2723 2724/2724/2724 2721/2721/2721
f 2725/2725/2725 2722/2722/2722 2724/2724/2724
f 2704/2704/2704 2726/2726/2726 2719/2719/2719
f 2706/2706/2706 2726/2726/2726 2704/2704/2704
f 2727/2727/2727 2726/2726/2726 2706/2706/2706
f 2719/2719/2719 2726/2726/2726 2727/2727/2727
f 2728/2728/2728 2719/2719/2719 2727/2727/2727
f 2728/2728/2728 2729/2729/2729 2719/2719/2719
f 2729/2729/2729 2730/2730/2730 2719/2719/2719
f 2730/2730/2730 2720/2720/2720 2719/2719/2719
f 2730/2730/2730 2729/2729/2729 2731/2731/2731
f 2730/2730/2730 2731/2731/2731 2720/2720/2720
f 2729/2729/2729 2732/2732/2732 2731/2731/2731
f 2732/2732/2732 2733/2733/2733 2731/2731/2731
f 2731/2731/2731 2734/2734/2734 2720/2720/2720
f 2713/2713/2713 2720/2720/2720 2734/2734/2734
f 2733/2733/2733 2735/2735/2735 2731/2731/2731
f 2731/2731/2731 2735/2735/2735 2734/2734/2734
f 2733/2733/2733 2736/2736/2736 2735/2735/2735
f 2737/2737/2737 2713/2713/2713 2734/2734/2734
f 2713/2713/2713 2737/2737/2737 2723/2723/2723
f 2735/2735/2735 2738/2738/2738 2734/2734/2734
f 2737/2737/2737 2734/2734/2734 2738/2738/2738
f 2737/2737/2737 2739/2739/2739 2723/2723/2723
f 2739/2739/2739 2724/2724/2724 2723/2723/2723
f 2740/2740/2740 2737/2737/2737 2738/2738/2738
f 2737/2737/2737 2740/2740/2740 2739/2739/2739
f 2736/2736/2736 2741/2741/2741 2735/2735/2735
f 2742/2742/2742 2738/2738/2738 2735/2735/2735
f 2741/2741/2741 2742/2742/2742 2735/2735/2735
f 2741/2741/2741 2736/2736/2736 2743/2743/2743
f 2742/2742/2742 2741/2741/2741 2743/2743/2743
f 2736/2736/2736 2744/2744/2744 2743/2743/2743
f 2738/2738/2738 2742/2742/2742 2745/2745/2745
f 2740/2740/2740 2738/2738/2738 2745/2745/2745
f 2746/2746/2746 2742/2742/2742 2743/2743/2743
f 2745/2745/2745 2742/2742/2742 2746/2746/2746
f 2743/2743/2743 2744/2744/2744 2747/2747/2747
f 2743/2743/2743 2747/2747/2747 2746/2746/2746
f 2744/2744/2744 2748/2748/2748 2747/2747/2747
f 2749/2749/2749 2747/2747/2747 2748/2748/2748
f 2750/2750/2750 2749/2749/2749 2748/2748/2748
f 2749/2749/2749 2750/2750/2750 2751/2751/2751
f 2747/2747/2747 2749/2749/2749 2752/2752/2752
f 2747/2747/2747 2752/2752/2752 2746/2746/2746
f 2753/2753/2753 2746/2746/2746 2752/2752/2752
f 2753/2753/2753 2745/2745/2745 2746/2746/2746
f 2754/2754/2754 2753/2753/2753 2752/2752/2752
f 2745/2745/2745 2755/2755/2755 2740/2740/2740
f 2745/2745/2745 2753/2753/2753 2755/2755/2755
f 2753/2753/2753 2754/2754/2754 2756/2756/2756
f 2753/2753/2753 2756/2756/2756 2755/2755/2755
f 2754/2754/2754 2757/2757/2757 2756/2756/2756
f 2756/2756/2756 2757/2757/2757 2758/2758/2758
f 2759/2759/2759 2756/2756/2756 2758/2758/2758
f 2755/2755/2755 2756/2756/2756 2759/2759/2759
f 2759/2759/2759 2758/2758/2758 2760/2760/2760
f 2755/2755/2755 2761/2761/2761 2740/2740/2740
f 2740/2740/2740 2761/2761/2761 2739/2739/2739
f 2762/2762/2762 2759/2759/2759 2760/2760/2760
f 2762/2762/2762 2760/2760/2760 2763/2763/2763
f 2764/2764/2764 2755/2755/2755 2759/2759/2759
f 2761/2761/2761 2755/2755/2755 2764/2764/2764
f 2764/2764/2764 2759/2759/2759 2762/2762/2762
f 2739/2739/2739 2761/2761/2761 2765/2765/2765
f 2765/2765/2765 2761/2761/2761 2764/2764/2764
f 2766/2766/2766 2764/2764/2764 2762/2762/2762
f 2765/2765/2765 2764/2764/2764 2766/2766/2766
f 2767/2767/2767 2762/2762/2762 2763/2763/2763
f 2766/2766/2766 2762/2762/2762 2767/2767/2767
f 2768/2768/2768 2739/2739/2739 2765/2765/2765
f 2724/2724/2724 2739/2739/2739 2768/2768/2768
f 2769/2769/2769 2765/2765/2765 2766/2766/2766
f 2768/2768/2768 2765/2765/2765 2769/2769/2769
f 2770/2770/2770 2724/2724/2724 2768/2768/2768
f 2770/2770/2770 2725/2725/2725 2724/2724/2724
f 2770/2770/2770 2768/2768/2768 2771/2771/2771
f 2771/2771/2771 2768/2768/2768 2769/2769/2769
f 2770/2770/2770 2772/2772/2772 2725/2725/2725
f 2772/2772/2772 2770/2770/2770 2771/2771/2771
f 2772/2772/2772 2773/2773/2773 2725/2725/2725
f 2773/2773/2773 2772/2772/2772 2774/2774/2774
f 2769/2769/2769 2766/2766/2766 2775/2775/2775
f 2775/2775/2775 2766/2766/2766 2767/2767/2767
f 2767/2767/2767 2763/2763/2763 2776/2776/2776
f 2763/2763/2763 2777/2777/2777 2776/2776/2776
f 2771/2771/2771 2769/2769/2769 2778/2778/2778
f 2778/2778/2778 2769/2769/2769 2775/2775/2775
f 2775/2775/2775 2767/2767/2767 2779/2779/2779
f 2767/2767/2767 2776/2776/2776 2779/2779/2779
f 2775/2775/2775 2779/2779/2779 2778/2778/2778
f 2772/2772/2772 2780/2780/2780 2774/2774/2774
f 2781/2781/2781 2774/2774/2774 2780/2780/2780
f 2771/2771/2771 2782/2782/2782 2772/2772/2772
f 2782/2782/2782 2780/2780/2780 2772/2772/2772
f 2782/2782/2782 2771/2771/2771 2778/2778/2778
f 2783/2783/2783 2776/2776/2776 2777/2777/2777
f 2784/2784/2784 2783/2783/2783 2777/2777/2777
f 2783/2783/2783 2784/2784/2784 2785/2785/2785
f 2784/2784/2784 2786/2786/2786 2785/2785/2785
f 2786/2786/2786 2787/2787/2787 2785/2785/2785
f 2783/2783/2783 2788/2788/2788 2776/2776/2776
f 2783/2783/2783 2785/2785/2785 2788/2788/2788
f 2788/2788/2788 2779/2779/2779 2776/2776/2776
f 2789/2789/2789 2781/2781/2781 2780/2780/2780
f 2780/2780/2780 2782/2782/2782 2789/2789/2789
f 2782/2782/2782 2778/2778/2778 2790/2790/2790
f 2782/2782/2782 2790/2790/2790 2789/2789/2789
f 2789/2789/2789 2790/2790/2790 2791/2791/2791
f 2789/2789/2789 2792/2792/2792 2781/2781/2781
f 2792/2792/2792 2789/2789/2789 2791/2791/2791
f 2792/2792/2792 2793/2793/2793 2781/2781/2781
f 2793/2793/2793 2792/2792/2792 2794/2794/2794
f 2778/2778/2778 2795/2795/2795 2790/2790/2790
f 2779/2779/2779 2795/2795/2795 2778/2778/2778
f 2791/2791/2791 2790/2790/2790 2795/2795/2795
f 2792/2792/2792 2796/2796/2796 2794/2794/2794
f 2792/2792/2792 2791/2791/2791 2796/2796/2796
f 2794/2794/2794 2796/2796/2796 2797/2797/2797
f 2798/2798/2798 2795/2795/2795 2779/2779/2779
f 2788/2788/2788 2798/2798/2798 2779/2779/2779
f 2798/2798/2798 2791/2791/2791 2795/2795/2795
f 2796/2796/2796 2799/2799/2799 2797/2797/2797
f 2797/2797/2797 2799/2799/2799 2800/2800/2800
f 2788/2788/2788 2801/2801/2801 2798/2798/2798
f 2785/2785/2785 2801/2801/2801 2788/2788/2788
f 2798/2798/2798 2802/2802/2802 2791/2791/2791
f 2801/2801/2801 2802/2802/2802 2798/2798/2798
f 2791/2791/2791 2803/2803/2803 2796/2796/2796
f 2796/2796/2796 2803/2803/2803 2799/2799/2799
f 2802/2802/2802 2803/2803/2803 2791/2791/2791
f 2799/2799/2799 2804/2804/2804 2800/2800/2800
f 2800/2800/2800 2804/2804/2804 2805/2805/2805
f 2803/2803/2803 2806/2806/2806 2799/2799/2799
f 2799/2799/2799 2806/2806/2806 2804/2804/2804
f 2806/2806/2806 2807/2807/2807 2804/2804/2804
f 2804/2804/2804 2808/2808/2808 2805/2805/2805
f 2804/2804/2804 2807/2807/2807 2808/2808/2808
f 2805/2805/2805 2808/2808/2808 2809/2809/2809
f 2807/2807/2807 2810/2810/2810 2808/2808/2808
f 2808/2808/2808 2811/2811/2811 2809/2809/2809
f 2808/2808/2808 2810/2810/2810 2811/2811/2811
f 2809/2809/2809 2811/2811/2811 2812/2812/2812
f 2802/2802/2802 2801/2801/2801 2813/2813/2813
f 2813/2813/2813 2801/2801/2801 2785/2785/2785
f 2803/2803/2803 2802/2802/2802 2814/2814/2814
f 2814/2814/2814 2802/2802/2802 2813/2813/2813
f 2815/2815/2815 2803/2803/2803 2814/2814/2814
f 2811/2811/2811 2816/2816/2816 2812/2812/2812
f 2812/2812/2812 2816/2816/2816 2817/2817/2817
f 2810/2810/2810 2818/2818/2818 2811/2811/2811
f 2811/2811/2811 2818/2818/2818 2816/2816/2816
f 2819/2819/2819 2813/2813/2813 2785/2785/2785
f 2787/2787/2787 2819/2819/2819 2785/2785/2785
f 2814/2814/2814 2820/2820/2820 2815/2815/2815
f 2820/2820/2820 2821/2821/2821 2815/2815/2815
f 2813/2813/2813 2822/2822/2822 2814/2814/2814
f 2813/2813/2813 2819/2819/2819 2822/2822/2822
f 2822/2822/2822 2820/2820/2820 2814/2814/2814
f 2819/2819/2819 2787/2787/2787 2823/2823/2823
f 2819/2819/2819 2823/2823/2823 2822/2822/2822
f 2787/2787/2787 2824/2824/2824 2823/2823/2823
f 2820/2820/2820 2825/2825/2825 2821/2821/2821
f 2825/2825/2825 2826/2826/2826 2821/2821/2821
f 2822/2822/2822 2827/2827/2827 2820/2820/2820
f 2822/2822/2822 2823/2823/2823 2827/2827/2827
f 2827/2827/2827 2825/2825/2825 2820/2820/2820
f 2823/2823/2823 2824/2824/2824 2828/2828/2828
f 2823/2823/2823 2828/2828/2828 2827/2827/2827
f 2824/2824/2824 2829/2829/2829 2828/2828/2828
f 2829/2829/2829 2830/2830/2830 2828/2828/2828
f 2830/2830/2830 2831/2831/2831 2828/2828/2828
f 2827/2827/2827 2828/2828/2828 2831/2831/2831
f 2830/2830/2830 2832/2832/2832 2831/2831/2831
f 2825/2825/2825 2827/2827/2827 2833/2833/2833
f 2833/2833/2833 2827/2827/2827 2831/2831/2831
f 2832/2832/2832 2834/2834/2834 2831/2831/2831
f 2831/2831/2831 2834/2834/2834 2833/2833/2833
f 2835/2835/2835 2825/2825/2825 2833/2833/2833
f 2810/2810/2810 2825/2825/2825 2835/2835/2835
f 2818/2818/2818 2810/2810/2810 2835/2835/2835
f 2833/2833/2833 2836/2836/2836 2835/2835/2835
f 2834/2834/2834 2836/2836/2836 2833/2833/2833
f 2834/2834/2834 2832/2832/2832 2837/2837/2837
f 2832/2832/2832 2838/2838/2838 2837/2837/2837
f 2838/2838/2838 2839/2839/2839 2837/2837/2837
f 2818/2818/2818 2835/2835/2835 2840/2840/2840
f 2836/2836/2836 2840/2840/2840 2835/2835/2835
f 2836/2836/2836 2834/2834/2834 2841/2841/2841
f 2834/2834/2834 2837/2837/2837 2841/2841/2841
f 2842/2842/2842 2818/2818/2818 2840/2840/2840
f 2818/2818/2818 2842/2842/2842 2816/2816/2816
f 2840/2840/2840 2836/2836/2836 2843/2843/2843
f 2836/2836/2836 2841/2841/2841 2843/2843/2843
f 2842/2842/2842 2840/2840/2840 2843/2843/2843
f 2844/2844/2844 2841/2841/2841 2837/2837/2837
f 2843/2843/2843 2841/2841/2841 2844/2844/2844
f 2839/2839/2839 2845/2845/2845 2837/2837/2837
f 2845/2845/2845 2844/2844/2844 2837/2837/2837
f 2816/2816/2816 2842/2842/2842 2846/2846/2846
f 2816/2816/2816 2846/2846/2846 2817/2817/2817
f 2817/2817/2817 2846/2846/2846 2847/2847/2847
f 2848/2848/2848 2842/2842/2842 2843/2843/2843
f 2842/2842/2842 2848/2848/2848 2846/2846/2846
f 2846/2846/2846 2849/2849/2849 2847/2847/2847
f 2846/2846/2846 2848/2848/2848 2849/2849/2849
f 2847/2847/2847 2849/2849/2849 2850/2850/2850
f 2845/2845/2845 2839/2839/2839 2851/2851/2851
f 2839/2839/2839 2852/2852/2852 2851/2851/2851
f 2848/2848/2848 2843/2843/2843 2853/2853/2853
f 2853/2853/2853 2843/2843/2843 2844/2844/2844
f 2848/2848/2848 2854/2854/2854 2849/2849/2849
f 2855/2855/2855 2848/2848/2848 2853/2853/2853
f 2849/2849/2849 2856/2856/2856 2850/2850/2850
f 2849/2849/2849 2854/2854/2854 2856/2856/2856
f 2850/2850/2850 2856/2856/2856 2857/2857/2857
f 2854/2854/2854 2858/2858/2858 2856/2856/2856
f 2855/2855/2855 2853/2853/2853 2859/2859/2859
f 2853/2853/2853 2844/2844/2844 2859/2859/2859
f 2860/2860/2860 2855/2855/2855 2859/2859/2859
f 2856/2856/2856 2861/2861/2861 2857/2857/2857
f 2856/2856/2856 2858/2858/2858 2861/2861/2861
f 2857/2857/2857 2861/2861/2861 2862/2862/2862
f 2858/2858/2858 2863/2863/2863 2861/2861/2861
f 2861/2861/2861 2864/2864/2864 2862/2862/2862
f 2861/2861/2861 2863/2863/2863 2864/2864/2864
f 2862/2862/2862 2864/2864/2864 2865/2865/2865
f 2863/2863/2863 2866/2866/2866 2864/2864/2864
f 2864/2864/2864 2867/2867/2867 2865/2865/2865
f 2864/2864/2864 2866/2866/2866 2867/2867/2867
f 2865/2865/2865 2867/2867/2867 2868/2868/2868
f 2866/2866/2866 2869/2869/2869 2867/2867/2867
f 2867/2867/2867 2870/2870/2870 2868/2868/2868
f 2867/2867/2867 2869/2869/2869 2870/2870/2870
f 2869/2869/2869 2871/2871/2871 2870/2870/2870
f 2868/2868/2868 2873/2873/2873 2872/2872/2872
f 2873/2873/2873 2874/2874/2874 2872/2872/2872
f 2873/2873/2873 2875/2875/2875 2874/2874/2874
f 2872/2872/2872 2874/2874/2874 2876/2876/2876
f 2877/2877/2877 2872/2872/2872 2876/2876/2876
f 2877/2877/2877 2876/2876/2876 2878/2878/2878
f 2879/2879/2879 2877/2877/2877 2878/2878/2878
f 2876/2876/2876 2874/2874/2874 2880/2880/2880
f 2876/2876/2876 2880/2880/2880 2878/2878/2878
f 2879/2879/2879 2878/2878/2878 2881/2881/2881
f 2882/2882/2882 2879/2879/2879 2881/2881/2881
f 2882/2882/2882 2881/2881/2881 2883/2883/2883
f 2875/2875/2875 2884/2884/2884 2874/2874/2874
f 2874/2874/2874 2884/2884/2884 2880/2880/2880
f 2880/2880/2880 2885/2885/2885 2878/2878/2878
f 2878/2878/2878 2885/2885/2885 2881/2881/2881
f 2881/2881/2881 2886/2886/2886 2883/2883/2883
f 2885/2885/2885 2887/2887/2887 2881/2881/2881
f 2886/2886/2886 2881/2881/2881 2887/2887/2887
f 2883/2883/2883 2886/2886/2886 2888/2888/2888
f 2889/2889/2889 2883/2883/2883 2888/2888/2888
f 2890/2890/2890 2886/2886/2886 2887/2887/2887
f 2888/2888/2888 2886/2886/2886 2890/2890/2890
f 2889/2889/2889 2888/2888/2888 2891/2891/2891
f 2892/2892/2892 2889/2889/2889 2891/2891/2891
f 2892/2892/2892 2891/2891/2891 2893/2893/2893
f 2894/2894/2894 2892/2892/2892 2893/2893/2893
f 2893/2893/2893 2891/2891/2891 2895/2895/2895
f 2895/2895/2895 2891/2891/2891 2888/2888/2888
f 2896/2896/2896 2893/2893/2893 2895/2895/2895
f 2897/2897/2897 2896/2896/2896 2895/2895/2895
f 2898/2898/2898 2895/2895/2895 2888/2888/2888
f 2898/2898/2898 2888/2888/2888 2890/2890/2890
f 2899/2899/2899 2897/2897/2897 2895/2895/2895
f 2899/2899/2899 2895/2895/2895 2898/2898/2898
f 2897/2897/2897 2899/2899/2899 2900/2900/2900
f 2901/2901/2901 2898/2898/2898 2890/2890/2890
f 2901/2901/2901 2899/2899/2899 2898/2898/2898
f 2899/2899/2899 2902/2902/2902 2900/2900/2900
f 2899/2899/2899 2901/2901/2901 2902/2902/2902
f 2900/2900/2900 2902/2902/2902 2903/2903/2903
f 2904/2904/2904 2901/2901/2901 2890/2890/2890
f 2904/2904/2904 2890/2890/2890 2887/2887/2887
f 2902/2902/2902 2905/2905/2905 2903/2903/2903
f 2903/2903/2903 2905/2905/2905 2906/2906/2906
f 2905/2905/2905 2907/2907/2907 2906/2906/2906
f 2901/2901/2901 2908/2908/2908 2902/2902/2902
f 2902/2902/2902 2908/2908/2908 2905/2905/2905
f 2901/2901/2901 2904/2904/2904 2908/2908/2908
f 2905/2905/2905 2909/2909/2909 2907/2907/2907
f 2908/2908/2908 2909/2909/2909 2905/2905/2905
f 2909/2909/2909 2910/2910/2910 2907/2907/2907
f 2911/2911/2911 2904/2904/2904 2887/2887/2887
f 2911/2911/2911 2887/2887/2887 2885/2885/2885
f 2904/2904/2904 2912/2912/2912 2908/2908/2908
f 2908/2908/2908 2912/2912/2912 2909/2909/2909
f 2904/2904/2904 2911/2911/2911 2912/2912/2912
f 2909/2909/2909 2913/2913/2913 2910/2910/2910
f 2912/2912/2912 2913/2913/2913 2909/2909/2909
f 2913/2913/2913 2914/2914/2914 2910/2910/2910
f 2915/2915/2915 2911/2911/2911 2885/2885/2885
f 2915/2915/2915 2885/2885/2885 2880/2880/2880
f 2911/2911/2911 2916/2916/2916 2912/2912/2912
f 2912/2912/2912 2916/2916/2916 2913/2913/2913
f 2911/2911/2911 2915/2915/2915 2916/2916/2916
f 2913/2913/2913 2917/2917/2917 2914/2914/2914
f 2916/2916/2916 2917/2917/2917 2913/2913/2913
f 2917/2917/2917 2918/2918/2918 2914/2914/2914
f 2919/2919/2919 2915/2915/2915 2880/2880/2880
f 2919/2919/2919 2880/2880/2880 2884/2884/2884
f 2915/2915/2915 2920/2920/2920 2916/2916/2916
f 2916/2916/2916 2920/2920/2920 2917/2917/2917
f 2915/2915/2915 2919/2919/2919 2920/2920/2920
f 2917/2917/2917 2921/2921/2921 2918/2918/2918
f 2920/2920/2920 2921/2921/2921 2917/2917/2917
f 2921/2921/2921 2922/2922/2922 2918/2918/2918
f 2923/2923/2923 2919/2919/2919 2884/2884/2884
f 2923/2923/2923 2884/2884/2884 2875/2875/2875
f 2919/2919/2919 2924/2924/2924 2920/2920/2920
f 2920/2920/2920 2924/2924/2924 2921/2921/2921
f 2919/2919/2919 2923/2923/2923 2924/2924/2924
f 2921/2921/2921 2925/2925/2925 2922/2922/2922
f 2924/2924/2924 2925/2925/2925 2921/2921/2921
f 2925/2925/2925 2926/2926/2926 2922/2922/2922
f 2924/2924/2924 2927/2927/2927 2925/2925/2925
f 2923/2923/2923 2927/2927/2927 2924/2924/2924
f 2925/2925/2925 2928/2928/2928 2926/2926/2926
f 2927/2927/2927 2928/2928/2928 2925/2925/2925
f 2928/2928/2928 2929/2929/2929 2926/2926/2926
f 2930/2930/2930 2929/2929/2929 2928/2928/2928
f 2931/2931/2931 2923/2923/2923 2875/2875/2875
f 2875/2875/2875 2932/2932/2932 2931/2931/2931
f 2933/2933/2933 2928/2928/2928 2927/2927/2927
f 2933/2933/2933 2930/2930/2930 2928/2928/2928
f 2934/2934/2934 2927/2927/2927 2923/2923/2923
f 2931/2931/2931 2934/2934/2934 2923/2923/2923
f 2934/2934/2934 2933/2933/2933 2927/2927/2927
f 2932/2932/2932 2935/2935/2935 2931/2931/2931
f 2932/2932/2932 2936/2936/2936 2935/2935/2935
f 2937/2937/2937 2934/2934/2934 2931/2931/2931
f 2933/2933/2933 2934/2934/2934 2937/2937/2937
f 2935/2935/2935 2937/2937/2937 2931/2931/2931
f 2930/2930/2930 2933/2933/2933 2938/2938/2938
f 2938/2938/2938 2933/2933/2933 2937/2937/2937
f 2939/2939/2939 2930/2930/2930 2938/2938/2938
f 2936/2936/2936 2940/2940/2940 2935/2935/2935
f 2936/2936/2936 2941/2941/2941 2940/2940/2940
f 2937/2937/2937 2935/2935/2935 2942/2942/2942
f 2938/2938/2938 2937/2937/2937 2942/2942/2942
f 2935/2935/2935 2940/2940/2940 2942/2942/2942
f 2939/2939/2939 2938/2938/2938 2943/2943/2943
f 2943/2943/2943 2938/2938/2938 2942/2942/2942
f 2944/2944/2944 2939/2939/2939 2943/2943/2943
f 2944/2944/2944 2943/2943/2943 2945/2945/2945
f 2943/2943/2943 2946/2946/2946 2945/2945/2945
f 2943/2943/2943 2942/2942/2942 2946/2946/2946
f 2852/2852/2852 2945/2945/2945 2946/2946/2946
f 2851/2851/2851 2852/2852/2852 2946/2946/2946
f 2942/2942/2942 2947/2947/2947 2946/2946/2946
f 2942/2942/2942 2940/2940/2940 2947/2947/2947
f 2851/2851/2851 2946/2946/2946 2947/2947/2947
f 2941/2941/2941 2948/2948/2948 2940/2940/2940
f 2940/2940/2940 2948/2948/2948 2947/2947/2947
f 2941/2941/2941 2860/2860/2860 2948/2948/2948
f 2860/2860/2860 2859/2859/2859 2948/2948/2948
f 2949/2949/2949 2851/2851/2851 2947/2947/2947
f 2949/2949/2949 2947/2947/2947 2948/2948/2948
f 2859/2859/2859 2949/2949/2949 2948/2948/2948
f 2845/2845/2845 2851/2851/2851 2949/2949/2949
f 2844/2844/2844 2949/2949/2949 2859/2859/2859
f 2844/2844/2844 2845/2845/2845 2949/2949/2949
f 2952/2952/2952 2951/2951/2951 2950/2950/2950
f 2953/2953/2953 2952/2952/2952 2950/2950/2950
f 2950/2950/2950 2954/2954/2954 2953/2953/2953
f 2954/2954/2954 2955/2955/2955 2953/2953/2953
f 2954/2954/2954 2956/2956/2956 2955/2955/2955
f 2956/2956/2956 2957/2957/2957 2955/2955/2955
f 2957/2957/2957 2956/2956/2956 2958/2958/2958
f 2959/2959/2959 2957/2957/2957 2958/2958/2958
f 2959/2959/2959 2958/2958/2958 2960/2960/2960
f 2961/2961/2961 2959/2959/2959 2960/2960/2960
f 2961/2961/2961 2960/2960/2960 2962/2962/2962
f 2963/2963/2963 2961/2961/2961 2962/2962/2962
f 2963/2963/2963 2962/2962/2962 2964/2964/2964
f 2965/2965/2965 2963/2963/2963 2964/2964/2964
f 2965/2965/2965 2964/2964/2964 2966/2966/2966
f 2967/2967/2967 2965/2965/2965 2966/2966/2966
f 2967/2967/2967 2966/2966/2966 2968/2968/2968
f 2969/2969/2969 2967/2967/2967 2968/2968/2968
f 2969/2969/2969 2968/2968/2968 2970/2970/2970
f 2971/2971/2971 2969/2969/2969 2970/2970/2970
f 2971/2971/2971 2970/2970/2970 2972/2972/2972
f 2973/2973/2973 2971/2971/2971 2972/2972/2972
f 2973/2973/2973 2972/2972/2972 2974/2974/2974
f 2975/2975/2975 2973/2973/2973 2974/2974/2974
f 2975/2975/2975 2974/2974/2974 2976/2976/2976
f 2977/2977/2977 2975/2975/2975 2976/2976/2976
f 2976/2976/2976 2978/2978/2978 2977/2977/2977
f 2978/2978/2978 2979/2979/2979 2977/2977/2977
f 2978/2978/2978 2980/2980/2980 2979/2979/2979
f 2980/2980/2980 2981/2981/2981 2979/2979/2979
f 2980/2980/2980 2982/2982/2982 2981/2981/2981
f 2982/2982/2982 2983/2983/2983 2981/2981/2981
f 2982/2982/2982 2984/2984/2984 2983/2983/2983
f 2984/2984/2984 2985/2985/2985 2983/2983/2983
f 2984/2984/2984 2986/2986/2986 2985/2985/2985
f 2986/2986/2986 2987/2987/2987 2985/2985/2985
f 2986/2986/2986 2988/2988/2988 2987/2987/2987
f 2988/2988/2988 2989/2989/2989 2987/2987/2987
f 2988/2988/2988 2990/2990/2990 2989/2989/2989
f 2990/2990/2990 2991/2991/2991 2989/2989/2989
f 2990/2990/2990 2992/2992/2992 2991/2991/2991
f 2992/2992/2992 2993/2993/2993 2991/2991/2991
f 2996/2996/2996 2995/2995/2995 2994/2994/2994
f 2995/2995/2995 2997/2997/2997 2994/2994/2994
f 2995/2995/2995 2998/2998/2998 2997/2997/2997
f 2998/2998/2998 2999/2999/2999 2997/2997/2997
f 2998/2998/2998 3000/3000/3000 2999/2999/2999
f 3000/3000/3000 3001/3001/3001 2999/2999/2999
f 3000/3000/3000 3002/3002/3002 3001/3001/3001
f 3002/3002/3002 3003/3003/3003 3001/3001/3001
f 3002/3002/3002 3004/3004/3004 3003/3003/3003
f 3004/3004/3004 3005/3005/3005 3003/3003/3003
f 3004/3004/3004 3006/3006/3006 3005/3005/3005
f 3006/3006/3006 3007/3007/3007 3005/3005/3005
f 3006/3006/3006 3008/3008/3008 3007/3007/3007
f 3008/3008/3008 3009/3009/3009 3007/3007/3007
f 3008/3008/3008 3010/3010/3010 3009/3009/3009
f 3010/3010/3010 3011/3011/3011 3009/3009/3009
f 3010/3010/3010 3012/3012/3012 3011/3011/3011
f 3012/3012/3012 3013/3013/3013 3011/3011/3011
f 3012/3012/3012 3014/3014/3014 3013/3013/3013
f 3014/3014/3014 3015/3015/3015 3013/3013/3013
f 3015/3015/3015 3014/3014/3014 3016/3016/3016
f 3017/3017/3017 3015/3015/3015 3016/3016/3016
f 3017/3017/3017 3016/3016/3016 3018/3018/3018
f 3019/3019/3019 3017/3017/3017 3018/3018/3018
f 3019/3019/3019 3018/3018/3018 3020/3020/3020
f 3021/3021/3021 3019/3019/3019 3020/3020/3020
f 3021/3021/3021 3020/3020/3020 3022/3022/3022
f 3023/3023/3023 3021/3021/3021 3022/3022/3022
f 3023/3023/3023 3022/3022/3022 3024/3024/3024
f 3025/3025/3025 3023/3023/3023 3024/3024/3024
f 3025/3025/3025 3024/3024/3024 3026/3026/3026
f 3027/3027/3027 3025/3025/3025 3026/3026/3026
f 3027/3027/3027 3026/3026/3026 3028/3028/3028
f 3029/3029/3029 3027/3027/3027 3028/3028/3028
f 3032/3032/3032 3031/3031/3031 3030/3030/3030
f 3033/3033/3033 3032/3032/3032 3030/3030/3030
f 3033/3033/3033 3030/3030/3030 3034/3034/3034
f 3033/3033/3033 3035/3035/3035 3032/3032/3032
f 3035/3035/3035 3036/3036/3036 3032/3032/3032
f 3037/3037/3037 3036/3036/3036 3035/3035/3035
f 3038/3038/3038 3033/3033/3033 3034/3034/3034
f 3039/3039/3039 3035/3035/3035 3033/3033/3033
f 3038/3038/3038 3039/3039/3039 3033/3033/3033
f 3038/3038/3038 3034/3034/3034 3040/3040/3040
f 3034/3034/3034 3041/3041/3041 3040/3040/3040
f 3040/3040/3040 3041/3041/3041 3042/3042/3042
f 3043/3043/3043 3039/3039/3039 3038/3038/3038
f 3040/3040/3040 3043/3043/3043 3038/3038/3038
f 3044/3044/3044 3037/3037/3037 3035/3035/3035
f 3035/3035/3035 3039/3039/3039 3045/3045/3045
f 3044/3044/3044 3035/3035/3035 3045/3045/3045
f 3037/3037/3037 3044/3044/3044 3046/3046/3046
f 3047/3047/3047 3037/3037/3037 3046/3046/3046
f 3046/3046/3046 3044/3044/3044 3048/3048/3048
f 3044/3044/3044 3045/3045/3045 3048/3048/3048
f 3048/3048/3048 3045/3045/3045 3049/3049/3049
f 3045/3045/3045 3039/3039/3039 3050/3050/3050
f 3045/3045/3045 3050/3050/3050 3049/3049/3049
f 3039/3039/3039 3043/3043/3043 3050/3050/3050
f 3049/3049/3049 3050/3050/3050 3051/3051/3051
f 3050/3050/3050 3052/3052/3052 3051/3051/3051
f 3050/3050/3050 3043/3043/3043 3052/3052/3052
f 3051/3051/3051 3052/3052/3052 3053/3053/3053
f 3043/3043/3043 3040/3040/3040 3054/3054/3054
f 3043/3043/3043 3054/3054/3054 3052/3052/3052
f 3052/3052/3052 3055/3055/3055 3053/3053/3053
f 3056/3056/3056 3053/3053/3053 3055/3055/3055
f 3057/3057/3057 3055/3055/3055 3052/3052/3052
f 3054/3054/3054 3057/3057/3057 3052/3052/3052
f 3058/3058/3058 3056/3056/3056 3055/3055/3055
f 3055/3055/3055 3057/3057/3057 3058/3058/3058
f 3056/3056/3056 3058/3058/3058 3059/3059/3059
f 3040/3040/3040 3060/3060/3060 3054/3054/3054
f 3060/3060/3060 3040/3040/3040 3042/3042/3042
f 3054/3054/3054 3060/3060/3060 3061/3061/3061
f 3060/3060/3060 3042/3042/3042 3061/3061/3061
f 3057/3057/3057 3054/3054/3054 3061/3061/3061
f 3061/3061/3061 3062/3062/3062 3057/3057/3057
f 3042/3042/3042 3063/3063/3063 3061/3061/3061
f 3062/3062/3062 3061/3061/3061 3063/3063/3063
f 3062/3062/3062 3063/3063/3063 3064/3064/3064
f 3057/3057/3057 3065/3065/3065 3058/3058/3058
f 3062/3062/3062 3065/3065/3065 3057/3057/3057
f 3058/3058/3058 3066/3066/3066 3059/3059/3059
f 3058/3058/3058 3065/3065/3065 3066/3066/3066
f 3066/3066/3066 3067/3067/3067 3059/3059/3059
f 3067/3067/3067 3068/3068/3068 3059/3059/3059
f 3068/3068/3068 3067/3067/3067 3069/3069/3069
f 3065/3065/3065 3070/3070/3070 3066/3066/3066
f 3067/3067/3067 3066/3066/3066 3070/3070/3070
f 3071/3071/3071 3067/3067/3067 3070/3070/3070
f 3067/3067/3067 3072/3072/3072 3069/3069/3069
f 3071/3071/3071 3072/3072/3072 3067/3067/3067
f 3069/3069/3069 3072/3072/3072 3073/3073/3073
f 3072/3072/3072 3074/3074/3074 3073/3073/3073
f 3071/3071/3071 3074/3074/3074 3072/3072/3072
f 3073/3073/3073 3074/3074/3074 3075/3075/3075
f 3070/3070/3070 3065/3065/3065 3076/3076/3076
f 3065/3065/3065 3062/3062/3062 3076/3076/3076
f 3076/3076/3076 3062/3062/3062 3077/3077/3077
f 3070/3070/3070 3076/3076/3076 3078/3078/3078
f 3071/3071/3071 3070/3070/3070 3078/3078/3078
f 3078/3078/3078 3076/3076/3076 3077/3077/3077
f 3074/3074/3074 3079/3079/3079 3075/3075/3075
f 3075/3075/3075 3079/3079/3079 3080/3080/3080
f 3074/3074/3074 3081/3081/3081 3079/3079/3079
f 3074/3074/3074 3071/3071/3071 3081/3081/3081
f 3079/3079/3079 3082/3082/3082 3080/3080/3080
f 3081/3081/3081 3082/3082/3082 3079/3079/3079
f 3083/3083/3083 3080/3080/3080 3082/3082/3082
f 3062/3062/3062 3084/3084/3084 3077/3077/3077
f 3064/3064/3064 3084/3084/3084 3062/3062/3062
f 3085/3085/3085 3084/3084/3084 3064/3064/3064
f 3077/3077/3077 3084/3084/3084 3085/3085/3085
f 3086/3086/3086 3077/3077/3077 3085/3085/3085
f 3086/3086/3086 3087/3087/3087 3077/3077/3077
f 3087/3087/3087 3088/3088/3088 3077/3077/3077
f 3088/3088/3088 3078/3078/3078 3077/3077/3077
f 3088/3088/3088 3087/3087/3087 3089/3089/3089
f 3088/3088/3088 3089/3089/3089 3078/3078/3078
f 3087/3087/3087 3090/3090/3090 3089/3089/3089
f 3090/3090/3090 3091/3091/3091 3089/3089/3089
f 3089/3089/3089 3092/3092/3092 3078/3078/3078
f 3071/3071/3071 3078/3078/3078 3092/3092/3092
f 3091/3091/3091 3093/3093/3093 3089/3089/3089
f 3089/3089/3089 3093/3093/3093 3092/3092/3092
f 3091/3091/3091 3094/3094/3094 3093/3093/3093
f 3095/3095/3095 3071/3071/3071 3092/3092/3092
f 3071/3071/3071 3095/3095/3095 3081/3081/3081
f 3093/3093/3093 3096/3096/3096 3092/3092/3092
f 3095/3095/3095 3092/3092/3092 3096/3096/3096
f 3095/3095/3095 3097/3097/3097 3081/3081/3081
f 3097/3097/3097 3082/3082/3082 3081/3081/3081
f 3098/3098/3098 3095/3095/3095 3096/3096/3096
f 3095/3095/3095 3098/3098/3098 3097/3097/3097
f 3094/3094/3094 3099/3099/3099 3093/3093/3093
f 3100/3100/3100 3096/3096/3096 3093/3093/3093
f 3099/3099/3099 3100/3100/3100 3093/3093/3093
f 3099/3099/3099 3094/3094/3094 3101/3101/3101
f 3100/3100/3100 3099/3099/3099 3101/3101/3101
f 3094/3094/3094 3102/3102/3102 3101/3101/3101
f 3096/3096/3096 3100/3100/3100 3103/3103/3103
f 3098/3098/3098 3096/3096/3096 3103/3103/3103
f 3104/3104/3104 3100/3100/3100 3101/3101/3101
f 3103/3103/3103 3100/3100/3100 3104/3104/3104
f 3101/3101/3101 3102/3102/3102 3105/3105/3105
f 3101/3101/3101 3105/3105/3105 3104/3104/3104
f 3102/3102/3102 3106/3106/3106 3105/3105/3105
f 3107/3107/3107 3105/3105/3105 3106/3106/3106
f 3108/3108/3108 3107/3107/3107 3106/3106/3106
f 3107/3107/3107 3108/3108/3108 3109/3109/3109
f 3105/3105/3105 3107/3107/3107 3110/3110/3110
f 3105/3105/3105 3110/3110/3110 3104/3104/3104
f 3111/3111/3111 3104/3104/3104 3110/3110/3110
f 3111/3111/3111 3103/3103/3103 3104/3104/3104
f 3112/3112/3112 3111/3111/3111 3110/3110/3110
f 3103/3103/3103 3113/3113/3113 3098/3098/3098
f 3103/3103/3103 3111/3111/3111 3113/3113/3113
f 3111/3111/3111 3112/3112/3112 3114/3114/3114
f 3111/3111/3111 3114/3114/3114 3113/3113/3113
f 3112/3112/3112 3115/3115/3115 3114/3114/3114
f 3114/3114/3114 3115/3115/3115 3116/3116/3116
f 3117/3117/3117 3114/3114/3114 3116/3116/3116
f 3113/3113/3113 3114/3114/3114 3117/3117/3117
f 3117/3117/3117 3116/3116/3116 3118/3118/3118
f 3113/3113/3113 3119/3119/3119 3098/3098/3098
f 3098/3098/3098 3119/3119/3119 3097/3097/3097
f 3120/3120/3120 3117/3117/3117 3118/3118/3118
f 3120/3120/3120 3118/3118/3118 3121/3121/3121
f 3122/3122/3122 3113/3113/3113 3117/3117/3117
f 3119/3119/3119 3113/3113/3113 3122/3122/3122
f 3122/3122/3122 3117/3117/3117 3120/3120/3120
f 3097/3097/3097 3119/3119/3119 3123/3123/3123
f 3123/3123/3123 3119/3119/3119 3122/3122/3122
f 3124/3124/3124 3122/3122/3122 3120/3120/3120
f 3123/3123/3123 3122/3122/3122 3124/3124/3124
f 3125/3125/3125 3120/3120/3120 3121/3121/3121
f 3124/3124/3124 3120/3120/3120 3125/3125/3125
f 3126/3126/3126 3097/3097/3097 3123/3123/3123
f 3082/3082/3082 3097/3097/3097 3126/3126/3126
f 3127/3127/3127 3123/3123/3123 3124/3124/3124
f 3126/3126/3126 3123/3123/3123 3127/3127/3127
f 3128/3128/3128 3082/3082/3082 3126/3126/3126
f 3128/3128/3128 3083/3083/3083 3082/3082/3082
f 3128/3128/3128 3126/3126/3126 3129/3129/3129
f 3129/3129/3129 3126/3126/3126 3127/3127/3127
f 3128/3128/3128 3130/3130/3130 3083/3083/3083
f 3130/3130/3130 3128/3128/3128 3129/3129/3129
f 3130/3130/3130 3131/3131/3131 3083/3083/3083
f 3131/3131/3131 3130/3130/3130 3132/3132/3132
f 3127/3127/3127 3124/3124/3124 3133/3133/3133
f 3133/3133/3133 3124/3124/3124 3125/3125/3125
f 3125/3125/3125 3121/3121/3121 3134/3134/3134
f 3121/3121/3121 3135/3135/3135 3134/3134/3134
f 3129/3129/3129 3127/3127/3127 3136/3136/3136
f 3136/3136/3136 3127/3127/3127 3133/3133/3133
f 3133/3133/3133 3125/3125/3125 3137/3137/3137
f 3125/3125/3125 3134/3134/3134 3137/3137/3137
f 3133/3133/3133 3137/3137/3137 3136/3136/3136
f 3130/3130/3130 3138/3138/3138 3132/3132/3132
f 3139/3139/3139 3132/3132/3132 3138/3138/3138
f 3129/3129/3129 3140/3140/3140 3130/3130/3130
f 3140/3140/3140 3138/3138/3138 3130/3130/3130
f 3140/3140/3140 3129/3129/3129 3136/3136/3136
f 3141/3141/3141 3134/3134/3134 3135/3135/3135
f 3142/3142/3142 3141/3141/3141 3135/3135/3135
f 3141/3141/3141 3142/3142/3142 3143/3143/3143
f 3142/3142/3142 3144/3144/3144 3143/3143/3143
f 3144/3144/3144 3145/3145/3145 3143/3143/3143
f 3141/3141/3141 3146/3146/3146 3134/3134/3134
f 3141/3141/3141 3143/3143/3143 3146/3146/3146
f 3146/3146/3146 3137/3137/3137 3134/3134/3134
f 3147/3147/3147 3139/3139/3139 3138/3138/3138
f 3138/3138/3138 3140/3140/3140 3147/3147/3147
f 3140/3140/3140 3136/3136/3136 3148/3148/3148
f 3140/3140/3140 3148/3148/3148 3147/3147/3147
f 3147/3147/3147 3148/3148/3148 3149/3149/3149
f 3147/3147/3147 3150/3150/3150 3139/3139/3139
f 3150/3150/3150 3147/3147/3147 3149/3149/3149
f 3150/3150/3150 3151/3151/3151 3139/3139/3139
f 3151/3151/3151 3150/3150/3150 3152/3152/3152
f 3136/3136/3136 3153/3153/3153 3148/3148/3148
f 3137/3137/3137 3153/3153/3153 3136/3136/3136
f 3149/3149/3149 3148/3148/3148 3153/3153/3153
f 3150/3150/3150 3154/3154/3154 3152/3152/3152
f 3150/3150/3150 3149/3149/3149 3154/3154/3154
f 3152/3152/3152 3154/3154/3154 3155/3155/3155
f 3156/3156/3156 3153/3153/3153 3137/3137/3137
f 3146/3146/3146 3156/3156/3156 3137/3137/3137
f 3156/3156/3156 3149/3149/3149 3153/3153/3153
f 3154/3154/3154 3157/3157/3157 3155/3155/3155
f 3155/3155/3155 3157/3157/3157 3158/3158/3158
f 3146/3146/3146 3159/3159/3159 3156/3156/3156
f 3143/3143/3143 3159/3159/3159 3146/3146/3146
f 3156/3156/3156 3160/3160/3160 3149/3149/3149
f 3159/3159/3159 3160/3160/3160 3156/3156/3156
f 3149/3149/3149 3161/3161/3161 3154/3154/3154
f 3154/3154/3154 3161/3161/3161 3157/3157/3157
f 3160/3160/3160 3161/3161/3161 3149/3149/3149
f 3157/3157/3157 3162/3162/3162 3158/3158/3158
f 3158/3158/3158 3162/3162/3162 3163/3163/3163
f 3161/3161/3161 3164/3164/3164 3157/3157/3157
f 3157/3157/3157 3164/3164/3164 3162/3162/3162
f 3164/3164/3164 3165/3165/3165 3162/3162/3162
f 3162/3162/3162 3166/3166/3166 3163/3163/3163
f 3162/3162/3162 3165/3165/3165 3166/3166/3166
f 3163/3163/3163 3166/3166/3166 3167/3167/3167
f 3165/3165/3165 3168/3168/3168 3166/3166/3166
f 3166/3166/3166 3169/3169/3169 3167/3167/3167
f 3166/3166/3166 3168/3168/3168 3169/3169/3169
f 3167/3167/3167 3169/3169/3169 3170/3170/3170
f 3160/3160/3160 3159/3159/3159 3171/3171/3171
f 3171/3171/3171 3159/3159/3159 3143/3143/3143
f 3161/3161/3161 3160/3160/3160 3172/3172/3172
f 3172/3172/3172 3160/3160/3160 3171/3171/3171
f 3173/3173/3173 3161/3161/3161 3172/3172/3172
f 3169/3169/3169 3174/3174/3174 3170/3170/3170
f 3170/3170/3170 3174/3174/3174 3175/3175/3175
f 3168/3168/3168 3176/3176/3176 3169/3169/3169
f 3169/3169/3169 3176/3176/3176 3174/3174/3174
f 3177/3177/3177 3171/3171/3171 3143/3143/3143
f 3145/3145/3145 3177/3177/3177 3143/3143/3143
f 3172/3172/3172 3178/3178/3178 3173/3173/3173
f 3178/3178/3178 3179/3179/3179 3173/3173/3173
f 3171/3171/3171 3180/3180/3180 3172/3172/3172
f 3171/3171/3171 3177/3177/3177 3180/3180/3180
f 3180/3180/3180 3178/3178/3178 3172/3172/3172
f 3177/3177/3177 3145/3145/3145 3181/3181/3181
f 3177/3177/3177 3181/3181/3181 3180/3180/3180
f 3145/3145/3145 3182/3182/3182 3181/3181/3181
f 3178/3178/3178 3183/3183/3183 3179/3179/3179
f 3183/3183/3183 3184/3184/3184 3179/3179/3179
f 3180/3180/3180 3185/3185/3185 3178/3178/3178
f 3180/3180/3180 3181/3181/3181 3185/3185/3185
f 3185/3185/3185 3183/3183/3183 3178/3178/3178
f 3181/3181/3181 3182/3182/3182 3186/3186/3186
f 3181/3181/3181 3186/3186/3186 3185/3185/3185
f 3182/3182/3182 3187/3187/3187 3186/3186/3186
f 3187/3187/3187 3188/3188/3188 3186/3186/3186
f 3188/3188/3188 3189/3189/3189 3186/3186/3186
f 3185/3185/3185 3186/3186/3186 3189/3189/3189
f 3188/3188/3188 3190/3190/3190 3189/3189/3189
f 3183/3183/3183 3185/3185/3185 3191/3191/3191
f 3191/3191/3191 3185/3185/3185 3189/3189/3189
f 3190/3190/3190 3192/3192/3192 3189/3189/3189
f 3189/3189/3189 3192/3192/3192 3191/3191/3191
f 3193/3193/3193 3183/3183/3183 3191/3191/3191
f 3168/3168/3168 3183/3183/3183 3193/3193/3193
f 3176/3176/3176 3168/3168/3168 3193/3193/3193
f 3191/3191/3191 3194/3194/3194 3193/3193/3193
f 3192/3192/3192 3194/3194/3194 3191/3191/3191
f 3192/3192/3192 3190/3190/3190 3195/3195/3195
f 3190/3190/3190 3196/3196/3196 3195/3195/3195
f 3196/3196/3196 3197/3197/3197 3195/3195/3195
f 3176/3176/3176 3193/3193/3193 3198/3198/3198
f 3194/3194/3194 3198/3198/3198 3193/3193/3193
f 3194/3194/3194 3192/3192/3192 3199/3199/3199
f 3192/3192/3192 3195/3195/3195 3199/3199/3199
f 3200/3200/3200 3176/3176/3176 3198/3198/3198
f 3176/3176/3176 3200/3200/3200 3174/3174/3174
f 3198/3198/3198 3194/3194/3194 3201/3201/3201
f 3194/3194/3194 3199/3199/3199 3201/3201/3201
f 3200/3200/3200 3198/3198/3198 3201/3201/3201
f 3202/3202/3202 3199/3199/3199 3195/3195/3195
f 3201/3201/3201 3199/3199/3199 3202/3202/3202
f 3197/3197/3197 3203/3203/3203 3195/3195/3195
f 3203/3203/3203 3202/3202/3202 3195/3195/3195
f 3174/3174/3174 3200/3200/3200 3204/3204/3204
f 3174/3174/3174 3204/3204/3204 3175/3175/3175
f 3175/3175/3175 3204/3204/3204 3205/3205/3205
f 3206/3206/3206 3200/3200/3200 3201/3201/3201
f 3200/3200/3200 3206/3206/3206 3204/3204/3204
f 3204/3204/3204 3207/3207/3207 3205/3205/3205
f 3204/3204/3204 3206/3206/3206 3207/3207/3207
f 3205/3205/3205 3207/3207/3207 3208/3208/3208
f 3203/3203/3203 3197/3197/3197 3209/3209/3209
f 3197/3197/3197 3210/3210/3210 3209/3209/3209
f 3206/3206/3206 3201/3201/3201 3211/3211/3211
f 3211/3211/3211 3201/3201/3201 3202/3202/3202
f 3206/3206/3206 3212/3212/3212 3207/3207/3207
f 3213/3213/3213 3206/3206/3206 3211/3211/3211
f 3207/3207/3207 3214/3214/3214 3208/3208/3208
f 3207/3207/3207 3212/3212/3212 3214/3214/3214
f 3208/3208/3208 3214/3214/3214 3215/3215/3215
f 3212/3212/3212 3216/3216/3216 3214/3214/3214
f 3213/3213/3213 3211/3211/3211 3217/3217/3217
f 3211/3211/3211 3202/3202/3202 3217/3217/3217
f 3218/3218/3218 3213/3213/3213 3217/3217/3217
f 3214/3214/3214 3219/3219/3219 3215/3215/3215
f 3214/3214/3214 3216/3216/3216 3219/3219/3219
f 3215/3215/3215 3219/3219/3219 3220/3220/3220
f 3216/3216/3216 3221/3221/3221 3219/3219/3219
f 3219/3219/3219 3222/3222/3222 3220/3220/3220
f 3219/3219/3219 3221/3221/3221 3222/3222/3222
f 3220/3220/3220 3222/3222/3222 3223/3223/3223
f 3221/3221/3221 3224/3224/3224 3222/3222/3222
f 3222/3222/3222 3225/3225/3225 3223/3223/3223
f 3222/3222/3222 3224/3224/3224 3225/3225/3225
f 3223/3223/3223 3225/3225/3225 3226/3226/3226
f 3224/3224/3224 3227/3227/3227 3225/3225/3225
f 3225/3225/3225 3228/3228/3228 3226/3226/3226
f 3225/3225/3225 3227/3227/3227 3228/3228/3228
f 3227/3227/3227 3229/3229/3229 3228/3228/3228
f 3226/3226/3226 3231/3231/3231 3230/3230/3230
f 3231/3231/3231 3232/3232/3232 3230/3230/3230
f 3231/3231/3231 3233/3233/3233 3232/3232/3232
f 3230/3230/3230 3232/3232/3232 3234/3234/3234
f 3235/3235/3235 3230/3230/3230 3234/3234/3234
f 3235/3235/3235 3234/3234/3234 3236/3236/3236
f 3237/3237/3237 3235/3235/3235 3236/3236/3236
f 3234/3234/3234 3232/3232/3232 3238/3238/3238
f 3234/3234/3234 3238/3238/3238 3236/3236/3236
f 3237/3237/3237 3236/3236/3236 3239/3239/3239
f 3240/3240/3240 3237/3237/3237 3239/3239/3239
f 3240/3240/3240 3239/3239/3239 3241/3241/3241
f 3233/3233/3233 3242/3242/3242 3232/3232/3232
f 3232/3232/3232 3242/3242/3242 3238/3238/3238
f 3238/3238/3238 3243/3243/3243 3236/3236/3236
f 3236/3236/3236 3243/3243/3243 3239/3239/3239
f 3239/3239/3239 3244/3244/3244 3241/3241/3241
f 3243/3243/3243 3245/3245/3245 3239/3239/3239
f 3244/3244/3244 3239/3239/3239 3245/3245/3245
f 3241/3241/3241 3244/3244/3244 3246/3246/3246
f 3247/3247/3247 3241/3241/3241 3246/3246/3246
f 3248/3248/3248 3244/3244/3244 3245/3245/3245
f 3246/3246/3246 3244/3244/3244 3248/3248/3248
f 3247/3247/3247 3246/3246/3246 3249/3249/3249
f 3250/3250/3250 3247/3247/3247 3249/3249/3249
f 3250/3250/3250 3249/3249/3249 3251/3251/3251
f 3252/3252/3252 3250/3250/3250 3251/3251/3251
f 3251/3251/3251 3249/3249/3249 3253/3253/3253
f 3253/3253/3253 3249/3249/3249 3246/3246/3246
f 3254/3254/3254 3251/3251/3251 3253/3253/3253
f 3255/3255/3255 3254/3254/3254 3253/3253/3253
f 3256/3256/3256 3253/3253/3253 3246/3246/3246
f 3256/3256/3256 3246/3246/3246 3248/3248/3248
f 3257/3257/3257 3255/3255/3255 3253/3253/3253
f 3257/3257/3257 3253/3253/3253 3256/3256/3256
f 3255/3255/3255 3257/3257/3257 3258/3258/3258
f 3259/3259/3259 3256/3256/3256 3248/3248/3248
f 3259/3259/3259 3257/3257/3257 3256/3256/3256
f 3257/3257/3257 3260/3260/3260 3258/3258/3258
f 3257/3257/3257 3259/3259/3259 3260/3260/3260
f 3258/3258/3258 3260/3260/3260 3261/3261/3261
f 3262/3262/3262 3259/3259/3259 3248/3248/3248
f 3262/3262/3262 3248/3248/3248 3245/3245/3245
f 3260/3260/3260 3263/3263/3263 3261/3261/3261
f 3261/3261/3261 3263/3263/3263 3264/3264/3264
f 3263/3263/3263 3265/3265/3265 3264/3264/3264
f 3259/3259/3259 3266/3266/3266 3260/3260/3260
f 3260/3260/3260 3266/3266/3266 3263/3263/3263
f 3259/3259/3259 3262/3262/3262 3266/3266/3266
f 3263/3263/3263 3267/3267/3267 3265/3265/3265
f 3266/3266/3266 3267/3267/3267 3263/3263/3263
f 3267/3267/3267 3268/3268/3268 3265/3265/3265
f 3269/3269/3269 3262/3262/3262 3245/3245/3245
f 3269/3269/3269 3245/3245/3245 3243/3243/3243
f 3262/3262/3262 3270/3270/3270 3266/3266/3266
f 3266/3266/3266 3270/3270/3270 3267/3267/3267
f 3262/3262/3262 3269/3269/3269 3270/3270/3270
f 3267/3267/3267 3271/3271/3271 3268/3268/3268
f 3270/3270/3270 3271/3271/3271 3267/3267/3267
f 3271/3271/3271 3272/3272/3272 3268/3268/3268
f 3273/3273/3273 3269/3269/3269 3243/3243/3243
f 3273/3273/3273 3243/3243/3243 3238/3238/3238
f 3269/3269/3269 3274/3274/3274 3270/3270/3270
f 3270/3270/3270 3274/3274/3274 3271/3271/3271
f 3269/3269/3269 3273/3273/3273 3274/3274/3274
f 3271/3271/3271 3275/3275/3275 3272/3272/3272
f 3274/3274/3274 3275/3275/3275 3271/3271/3271
f 3275/3275/3275 3276/3276/3276 3272/3272/3272
f 3277/3277/3277 3273/3273/3273 3238/3238/3238
f 3277/3277/3277 3238/3238/3238 3242/3242/3242
f 3273/3273/3273 3278/3278/3278 3274/3274/3274
f 3274/3274/3274 3278/3278/3278 3275/3275/3275
f 3273/3273/3273 3277/3277/3277 3278/3278/3278
f 3275/3275/3275 3279/3279/3279 3276/3276/3276
f 3278/3278/3278 3279/3279/3279 3275/3275/3275
f 3279/3279/3279 3280/3280/3280 3276/3276/3276
f 3281/3281/3281 3277/3277/3277 3242/3242/3242
f 3281/3281/3281 3242/3242/3242 3233/3233/3233
f 3277/3277/3277 3282/3282/3282 3278/3278/3278
f 3278/3278/3278 3282/3282/3282 3279/3279/3279
f 3277/3277/3277 3281/3281/3281 3282/3282/3282
f 3279/3279/3279 3283/3283/3283 3280/3280/3280
f 3282/3282/3282 3283/3283/3283 3279/3279/3279
f 3283/3283/3283 3284/3284/3284 3280/3280/3280
f 3282/3282/3282 3285/3285/3285 3283/3283/3283
f 3281/3281/3281 3285/3285/3285 3282/3282/3282
f 3283/3283/3283 3286/3286/3286 3284/3284/3284
f 3285/3285/3285 3286/3286/3286 3283/3283/3283
f 3286/3286/3286 3287/3287/3287 3284/3284/3284
f 3288/3288/3288 3287/3287/3287 3286/3286/3286
f 3289/3289/3289 3281/3281/3281 3233/3233/3233
f 3233/3233/3233 3290/3290/3290 3289/3289/3289
f 3291/3291/3291 3286/3286/3286 3285/3285/3285
f 3291/3291/3291 3288/3288/3288 3286/3286/3286
f 3292/3292/3292 3285/3285/3285 3281/3281/3281
f 3289/3289/3289 3292/3292/3292 3281/3281/3281
f 3292/3292/3292 3291/3291/3291 3285/3285/3285
f 3290/3290/3290 3293/3293/3293 3289/3289/3289
f 3290/3290/3290 3294/3294/3294 3293/3293/3293
f 3295/3295/3295 3292/3292/3292 3289/3289/3289
f 3291/3291/3291 3292/3292/3292 3295/3295/3295
f 3293/3293/3293 3295/3295/3295 3289/3289/3289
f 3288/3288/3288 3291/3291/3291 3296/3296/3296
f 3296/3296/3296 3291/3291/3291 3295/3295/3295
f 3297/3297/3297 3288/3288/3288 3296/3296/3296
f 3294/3294/3294 3298/3298/3298 3293/3293/3293
f 3294/3294/3294 3299/3299/3299 3298/3298/3298
f 3295/3295/3295 3293/3293/3293 3300/3300/3300
f 3296/3296/3296 3295/3295/3295 3300/3300/3300
f 3293/3293/3293 3298/3298/3298 3300/3300/3300
f 3297/3297/3297 3296/3296/3296 3301/3301/3301
f 3301/3301/3301 3296/3296/3296 3300/3300/3300
f 3302/3302/3302 3297/3297/3297 3301/3301/3301
f 3302/3302/3302 3301/3301/3301 3303/3303/3303
f 3301/3301/3301 3304/3304/3304 3303/3303/3303
f 3301/3301/3301 3300/3300/3300 3304/3304/3304
f 3210/3210/3210 3303/3303/3303 3304/3304/3304
f 3209/3209/3209 3210/3210/3210 3304/3304/3304
f 3300/3300/3300 3305/3305/3305 3304/3304/3304
f 3300/3300/3300 3298/3298/3298 3305/3305/3305
f 3209/3209/3209 3304/3304/3304 3305/3305/3305
f 3299/3299/3299 3306/3306/3306 3298/3298/3298
f 3298/3298/3298 3306/3306/3306 3305/3305/3305
f 3299/3299/3299 3218/3218/3218 3306/3306/3306
f 3218/3218/3218 3217/3217/3217 3306/3306/3306
f 3307/3307/3307 3209/3209/3209 3305/3305/3305
f 3307/3307/3307 3305/3305/3305 3306/3306/3306
f 3217/3217/3217 3307/3307/3307 3306/3306/3306
f 3203/3203/3203 3209/3209/3209 3307/3307/3307
f 3202/3202/3202 3307/3307/3307 3217/3217/3217
f 3202/3202/3202 3203/3203/3203 3307/3307/3307
f 3310/3310/3310 3309/3309/3309 3308/3308/3308
f 3311/3311/3311 3310/3310/3310 3308/3308/3308
f 3308/3308/3308 3312/3312/3312 3311/3311/3311
f 3312/3312/3312 3313/3313/3313 3311/3311/3311
f 3312/3312/3312 3314/3314/3314 3313/3313/3313
f 3314/3314/3314 3315/3315/3315 3313/3313/3313
f 3315/3315/3315 3314/3314/3314 3316/3316/3316
f 3317/3317/3317 3315/3315/3315 3316/3316/3316
f 3317/3317/3317 3316/3316/3316 3318/3318/3318
f 3319/3319/3319 3317/3317/3317 3318/3318/3318
f 3319/3319/3319 3318/3318/3318 3320/3320/3320
f 3321/3321/3321 3319/3319/3319 3320/3320/3320
f 3321/3321/3321 3320/3320/3320 3322/3322/3322
f 3323/3323/3323 3321/3321/3321 3322/3322/3322
f 3323/3323/3323 3322/3322/3322 3324/3324/3324
f 3325/3325/3325 3323/3323/3323 3324/3324/3324
f 3325/3325/3325 3324/3324/3324 3326/3326/3326
f 3327/3327/3327 3325/3325/3325 3326/3326/3326
f 3327/3327/3327 3326/3326/3326 3328/3328/3328
f 3329/3329/3329 3327/3327/3327 3328/3328/3328
f 3329/3329/3329 3328/3328/3328 3330/3330/3330
f 3331/3331/3331 3329/3329/3329 3330/3330/3330
f 3331/3331/3331 3330/3330/3330 3332/3332/3332
f 3333/3333/3333 3331/3331/3331 3332/3332/3332
f 3333/3333/3333 3332/3332/3332 3334/3334/3334
f 3335/3335/3335 3333/3333/3333 3334/3334/3334
f 3334/3334/3334 3336/3336/3336 3335/3335/3335
f 3336/3336/3336 3337/3337/3337 3335/3335/3335
f 3336/3336/3336 3338/3338/3338 3337/3337/3337
f 3338/3338/3338 3339/3339/3339 3337/3337/3337
f 3338/3338/3338 3340/3340/3340 3339/3339/3339
f 3340/3340/3340 3341/3341/3341 3339/3339/3339
f 3340/3340/3340 3342/3342/3342 3341/3341/3341
f 3342/3342/3342 3343/3343/3343 3341/3341/3341
f 3342/3342/3342 3344/3344/3344 3343/3343/3343
f 3344/3344/3344 3345/3345/3345 3343/3343/3343
f 3344/3344/3344 3346/3346/3346 3345/3345/3345
f 3346/3346/3346 3347/3347/3347 3345/3345/3345
f 3346/3346/3346 3348/3348/3348 3347/3347/3347
f 3348/3348/3348 3349/3349/3349 3347/3347/3347
f 3348/3348/3348 3350/3350/3350 3349/3349/3349
f 3350/3350/3350 3351/3351/3351 3349/3349/3349
f 3354/3354/3354 3353/3353/3353 3352/3352/3352
f 3353/3353/3353 3355/3355/3355 3352/3352/3352
f 3353/3353/3353 3356/3356/3356 3355/3355/3355
f 3356/3356/3356 3357/3357/3357 3355/3355/3355
f 3356/3356/3356 3358/3358/3358 3357/3357/3357
f 3358/3358/3358 3359/3359/3359 3357/3357/3357
f 3358/3358/3358 3360/3360/3360 3359/3359/3359
f 3360/3360/3360 3361/3361/3361 3359/3359/3359
f 3360/3360/3360 3362/3362/3362 3361/3361/3361
f 3362/3362/3362 3363/3363/3363 3361/3361/3361
f 3362/3362/3362 3364/3364/3364 3363/3363/3363
f 3364/3364/3364 3365/3365/3365 3363/3363/3363
f 3364/3364/3364 3366/3366/3366 3365/3365/3365
f 3366/3366/3366 3367/3367/3367 3365/3365/3365
f 3366/3366/3366 3368/3368/3368 3367/3367/3367
f 3368/3368/3368 3369/3369/3369 3367/3367/3367
f 3368/3368/3368 3370/3370/3370 3369/3369/3369
f 3370/3370/3370 3371/3371/3371 3369/3369/3369
f 3370/3370/3370 3372/3372/3372 3371/3371/3371
f 3372/3372/3372 3373/3373/3373 3371/3371/3371
f 3373/3373/3373 3372/3372/3372 3374/3374/3374
f 3375/3375/3375 3373/3373/3373 3374/3374/3374
f 3375/3375/3375 3374/3374/3374 3376/3376/3376
f 3377/3377/3377 3375/3375/3375 3376/3376/3376
f 3377/3377/3377 3376/3376/3376 3378/3378/3378
f 3379/3379/3379 3377/3377/3377 3378/3378/3378
f 3379/3379/3379 3378/3378/3378 3380/3380/3380
f 3381/3381/3381 3379/3379/3379 3380/3380/3380
f 3381/3381/3381 3380/3380/3380 3382/3382/3382
f 3383/3383/3383 3381/3381/3381 3382/3382/3382
f 3383/3383/3383 3382/3382/3382 3384/3384/3384
f 3385/3385/3385 3383/3383/3383 3384/3384/3384
f 3385/3385/3385 3384/3384/3384 3386/3386/3386
f 3387/3387/3387 3385/3385/3385 3386/3386/3386
f 3390/3390/3390 3389/3389/3389 3388/3388/3388
f 3389/3389/3389 3391/3391/3391 3388/3388/3388
f 3388/3388/3388 3391/3391/3391 3392/3392/3392
f 3393/3393/3393 3391/3391/3391 3389/3389/3389
f 3394/3394/3394 3393/3393/3393 3389/3389/3389
f 3394/3394/3394 3395/3395/3395 3393/3393/3393
f 3391/3391/3391 3396/3396/3396 3392/3392/3392
f 3393/3393/3393 3397/3397/3397 3391/3391/3391
f 3397/3397/3397 3396/3396/3396 3391/3391/3391
f 3392/3392/3392 3396/3396/3396 3398/3398/3398
f 3399/3399/3399 3392/3392/3392 3398/3398/3398
f 3399/3399/3399 3398/3398/3398 3400/3400/3400
f 3397/3397/3397 3401/3401/3401 3396/3396/3396
f 3401/3401/3401 3398/3398/3398 3396/3396/3396
f 3395/3395/3395 3402/3402/3402 3393/3393/3393
f 3397/3397/3397 3393/3393/3393 3403/3403/3403
f 3393/3393/3393 3402/3402/3402 3403/3403/3403
f 3402/3402/3402 3395/3395/3395 3404/3404/3404
f 3395/3395/3395 3405/3405/3405 3404/3404/3404
f 3402/3402/3402 3404/3404/3404 3406/3406/3406
f 3403/3403/3403 3402/3402/3402 3406/3406/3406
f 3403/3403/3403 3406/3406/3406 3407/3407/3407
f 3397/3397/3397 3403/3403/3403 3408/3408/3408
f 3408/3408/3408 3403/3403/3403 3407/3407/3407
f 3401/3401/3401 3397/3397/3397 3408/3408/3408
f 3408/3408/3408 3407/3407/3407 3409/3409/3409
f 3410/3410/3410 3408/3408/3408 3409/3409/3409
f 3401/3401/3401 3408/3408/3408 3410/3410/3410
f 3410/3410/3410 3409/3409/3409 3411/3411/3411
f 3398/3398/3398 3401/3401/3401 3412/3412/3412
f 3412/3412/3412 3401/3401/3401 3410/3410/3410
f 3413/3413/3413 3410/3410/3410 3411/3411/3411
f 3411/3411/3411 3414/3414/3414 3413/3413/3413
f 3413/3413/3413 3415/3415/3415 3410/3410/3410
f 3415/3415/3415 3412/3412/3412 3410/3410/3410
f 3414/3414/3414 3416/3416/3416 3413/3413/3413
f 3415/3415/3415 3413/3413/3413 3416/3416/3416
f 3416/3416/3416 3414/3414/3414 3417/3417/3417
f 3418/3418/3418 3398/3398/3398 3412/3412/3412
f 3398/3398/3398 3418/3418/3418 3400/3400/3400
f 3418/3418/3418 3412/3412/3412 3419/3419/3419
f 3400/3400/3400 3418/3418/3418 3419/3419/3419
f 3412/3412/3412 3415/3415/3415 3419/3419/3419
f 3420/3420/3420 3419/3419/3419 3415/3415/3415
f 3421/3421/3421 3400/3400/3400 3419/3419/3419
f 3421/3421/3421 3419/3419/3419 3420/3420/3420
f 3422/3422/3422 3421/3421/3421 3420/3420/3420
f 3423/3423/3423 3415/3415/3415 3416/3416/3416
f 3423/3423/3423 3420/3420/3420 3415/3415/3415
f 3424/3424/3424 3416/3416/3416 3417/3417/3417
f 3423/3423/3423 3416/3416/3416 3424/3424/3424
f 3425/3425/3425 3424/3424/3424 3417/3417/3417
f 3426/3426/3426 3425/3425/3425 3417/3417/3417
f 3425/3425/3425 3426/3426/3426 3427/3427/3427
f 3428/3428/3428 3423/3423/3423 3424/3424/3424
f 3424/3424/3424 3425/3425/3425 3428/3428/3428
f 3425/3425/3425 3429/3429/3429 3428/3428/3428
f 3430/3430/3430 3425/3425/3425 3427/3427/3427
f 3430/3430/3430 3429/3429/3429 3425/3425/3425
f 3430/3430/3430 3427/3427/3427 3431/3431/3431
f 3432/3432/3432 3430/3430/3430 3431/3431/3431
f 3432/3432/3432 3429/3429/3429 3430/3430/3430
f 3432/3432/3432 3431/3431/3431 3433/3433/3433
f 3423/3423/3423 3428/3428/3428 3434/3434/3434
f 3420/3420/3420 3423/3423/3423 3434/3434/3434
f 3420/3420/3420 3434/3434/3434 3435/3435/3435
f 3434/3434/3434 3428/3428/3428 3436/3436/3436
f 3428/3428/3428 3429/3429/3429 3436/3436/3436
f 3434/3434/3434 3436/3436/3436 3435/3435/3435
f 3437/3437/3437 3432/3432/3432 3433/3433/3433
f 3437/3437/3437 3433/3433/3433 3438/3438/3438
f 3439/3439/3439 3432/3432/3432 3437/3437/3437
f 3429/3429/3429 3432/3432/3432 3439/3439/3439
f 3440/3440/3440 3437/3437/3437 3438/3438/3438
f 3440/3440/3440 3439/3439/3439 3437/3437/3437
f 3438/3438/3438 3441/3441/3441 3440/3440/3440
f 3442/3442/3442 3420/3420/3420 3435/3435/3435
f 3420/3420/3420 3442/3442/3442 3422/3422/3422
f 3442/3442/3442 3443/3443/3443 3422/3422/3422
f 3442/3442/3442 3435/3435/3435 3443/3443/3443
f 3435/3435/3435 3444/3444/3444 3443/3443/3443
f 3445/3445/3445 3444/3444/3444 3435/3435/3435
f 3446/3446/3446 3445/3445/3445 3435/3435/3435
f 3436/3436/3436 3446/3446/3446 3435/3435/3435
f 3445/3445/3445 3446/3446/3446 3447/3447/3447
f 3447/3447/3447 3446/3446/3446 3436/3436/3436
f 3448/3448/3448 3445/3445/3445 3447/3447/3447
f 3449/3449/3449 3448/3448/3448 3447/3447/3447
f 3450/3450/3450 3447/3447/3447 3436/3436/3436
f 3436/3436/3436 3429/3429/3429 3450/3450/3450
f 3451/3451/3451 3449/3449/3449 3447/3447/3447
f 3451/3451/3451 3447/3447/3447 3450/3450/3450
f 3452/3452/3452 3449/3449/3449 3451/3451/3451
f 3429/3429/3429 3453/3453/3453 3450/3450/3450
f 3453/3453/3453 3429/3429/3429 3439/3439/3439
f 3454/3454/3454 3451/3451/3451 3450/3450/3450
f 3450/3450/3450 3453/3453/3453 3454/3454/3454
f 3455/3455/3455 3453/3453/3453 3439/3439/3439
f 3440/3440/3440 3455/3455/3455 3439/3439/3439
f 3453/3453/3453 3456/3456/3456 3454/3454/3454
f 3456/3456/3456 3453/3453/3453 3455/3455/3455
f 3457/3457/3457 3452/3452/3452 3451/3451/3451
f 3454/3454/3454 3458/3458/3458 3451/3451/3451
f 3458/3458/3458 3457/3457/3457 3451/3451/3451
f 3452/3452/3452 3457/3457/3457 3459/3459/3459
f 3457/3457/3457 3458/3458/3458 3459/3459/3459
f 3460/3460/3460 3452/3452/3452 3459/3459/3459
f 3458/3458/3458 3454/3454/3454 3461/3461/3461
f 3454/3454/3454 3456/3456/3456 3461/3461/3461
f 3458/3458/3458 3462/3462/3462 3459/3459/3459
f 3458/3458/3458 3461/3461/3461 3462/3462/3462
f 3460/3460/3460 3459/3459/3459 3463/3463/3463
f 3463/3463/3463 3459/3459/3459 3462/3462/3462
f 3464/3464/3464 3460/3460/3460 3463/3463/3463
f 3463/3463/3463 3465/3465/3465 3464/3464/3464
f 3465/3465/3465 3466/3466/3466 3464/3464/3464
f 3466/3466/3466 3465/3465/3465 3467/3467/3467
f 3465/3465/3465 3463/3463/3463 3468/3468/3468
f 3468/3468/3468 3463/3463/3463 3462/3462/3462
f 3462/3462/3462 3469/3469/3469 3468/3468/3468
f 3461/3461/3461 3469/3469/3469 3462/3462/3462
f 3469/3469/3469 3470/3470/3470 3468/3468/3468
f 3471/3471/3471 3461/3461/3461 3456/3456/3456
f 3469/3469/3469 3461/3461/3461 3471/3471/3471
f 3470/3470/3470 3469/3469/3469 3472/3472/3472
f 3472/3472/3472 3469/3469/3469 3471/3471/3471
f 3473/3473/3473 3470/3470/3470 3472/3472/3472
f 3473/3473/3473 3472/3472/3472 3474/3474/3474
f 3472/3472/3472 3475/3475/3475 3474/3474/3474
f 3472/3472/3472 3471/3471/3471 3475/3475/3475
f 3474/3474/3474 3475/3475/3475 3476/3476/3476
f 3477/3477/3477 3471/3471/3471 3456/3456/3456
f 3477/3477/3477 3456/3456/3456 3455/3455/3455
f 3475/3475/3475 3478/3478/3478 3476/3476/3476
f 3476/3476/3476 3478/3478/3478 3479/3479/3479
f 3471/3471/3471 3480/3480/3480 3475/3475/3475
f 3471/3471/3471 3477/3477/3477 3480/3480/3480
f 3475/3475/3475 3480/3480/3480 3478/3478/3478
f 3477/3477/3477 3455/3455/3455 3481/3481/3481
f 3477/3477/3477 3481/3481/3481 3480/3480/3480
f 3480/3480/3480 3482/3482/3482 3478/3478/3478
f 3480/3480/3480 3481/3481/3481 3482/3482/3482
f 3478/3478/3478 3483/3483/3483 3479/3479/3479
f 3478/3478/3478 3482/3482/3482 3483/3483/3483
f 3455/3455/3455 3484/3484/3484 3481/3481/3481
f 3455/3455/3455 3440/3440/3440 3484/3484/3484
f 3481/3481/3481 3485/3485/3485 3482/3482/3482
f 3481/3481/3481 3484/3484/3484 3485/3485/3485
f 3440/3440/3440 3486/3486/3486 3484/3484/3484
f 3441/3441/3441 3486/3486/3486 3440/3440/3440
f 3484/3484/3484 3486/3486/3486 3487/3487/3487
f 3484/3484/3484 3487/3487/3487 3485/3485/3485
f 3488/3488/3488 3486/3486/3486 3441/3441/3441
f 3486/3486/3486 3488/3488/3488 3487/3487/3487
f 3489/3489/3489 3488/3488/3488 3441/3441/3441
f 3488/3488/3488 3489/3489/3489 3490/3490/3490
f 3482/3482/3482 3485/3485/3485 3491/3491/3491
f 3482/3482/3482 3491/3491/3491 3483/3483/3483
f 3479/3479/3479 3483/3483/3483 3492/3492/3492
f 3493/3493/3493 3479/3479/3479 3492/3492/3492
f 3485/3485/3485 3487/3487/3487 3494/3494/3494
f 3485/3485/3485 3494/3494/3494 3491/3491/3491
f 3483/3483/3483 3491/3491/3491 3495/3495/3495
f 3492/3492/3492 3483/3483/3483 3495/3495/3495
f 3495/3495/3495 3491/3491/3491 3494/3494/3494
f 3496/3496/3496 3488/3488/3488 3490/3490/3490
f 3490/3490/3490 3497/3497/3497 3496/3496/3496
f 3498/3498/3498 3487/3487/3487 3488/3488/3488
f 3496/3496/3496 3498/3498/3498 3488/3488/3488
f 3487/3487/3487 3498/3498/3498 3494/3494/3494
f 3492/3492/3492 3499/3499/3499 3493/3493/3493
f 3499/3499/3499 3500/3500/3500 3493/3493/3493
f 3500/3500/3500 3499/3499/3499 3501/3501/3501
f 3502/3502/3502 3500/3500/3500 3501/3501/3501
f 3503/3503/3503 3502/3502/3502 3501/3501/3501
f 3504/3504/3504 3499/3499/3499 3492/3492/3492
f 3495/3495/3495 3504/3504/3504 3492/3492/3492
f 3501/3501/3501 3499/3499/3499 3504/3504/3504
f 3497/3497/3497 3505/3505/3505 3496/3496/3496
f 3498/3498/3498 3496/3496/3496 3505/3505/3505
f 3494/3494/3494 3498/3498/3498 3506/3506/3506
f 3506/3506/3506 3498/3498/3498 3505/3505/3505
f 3506/3506/3506 3505/3505/3505 3507/3507/3507
f 3508/3508/3508 3505/3505/3505 3497/3497/3497
f 3505/3505/3505 3508/3508/3508 3507/3507/3507
f 3509/3509/3509 3508/3508/3508 3497/3497/3497
f 3508/3508/3508 3509/3509/3509 3510/3510/3510
f 3511/3511/3511 3494/3494/3494 3506/3506/3506
f 3511/3511/3511 3495/3495/3495 3494/3494/3494
f 3506/3506/3506 3507/3507/3507 3511/3511/3511
f 3512/3512/3512 3508/3508/3508 3510/3510/3510
f 3507/3507/3507 3508/3508/3508 3512/3512/3512
f 3512/3512/3512 3510/3510/3510 3513/3513/3513
f 3511/3511/3511 3514/3514/3514 3495/3495/3495
f 3507/3507/3507 3514/3514/3514 3511/3511/3511
f 3514/3514/3514 3504/3504/3504 3495/3495/3495
f 3515/3515/3515 3512/3512/3512 3513/3513/3513
f 3515/3515/3515 3513/3513/3513 3516/3516/3516
f 3517/3517/3517 3507/3507/3507 3512/3512/3512
f 3517/3517/3517 3512/3512/3512 3515/3515/3515
f 3518/3518/3518 3504/3504/3504 3514/3514/3514
f 3518/3518/3518 3501/3501/3501 3504/3504/3504
f 3519/3519/3519 3514/3514/3514 3507/3507/3507
f 3519/3519/3519 3518/3518/3518 3514/3514/3514
f 3517/3517/3517 3519/3519/3519 3507/3507/3507
f 3520/3520/3520 3515/3515/3515 3516/3516/3516
f 3520/3520/3520 3516/3516/3516 3521/3521/3521
f 3522/3522/3522 3517/3517/3517 3515/3515/3515
f 3522/3522/3522 3515/3515/3515 3520/3520/3520
f 3523/3523/3523 3522/3522/3522 3520/3520/3520
f 3524/3524/3524 3520/3520/3520 3521/3521/3521
f 3523/3523/3523 3520/3520/3520 3524/3524/3524
f 3524/3524/3524 3521/3521/3521 3525/3525/3525
f 3526/3526/3526 3523/3523/3523 3524/3524/3524
f 3527/3527/3527 3524/3524/3524 3525/3525/3525
f 3526/3526/3526 3524/3524/3524 3527/3527/3527
f 3527/3527/3527 3525/3525/3525 3528/3528/3528
f 3518/3518/3518 3519/3519/3519 3529/3529/3529
f 3518/3518/3518 3529/3529/3529 3501/3501/3501
f 3519/3519/3519 3517/3517/3517 3530/3530/3530
f 3519/3519/3519 3530/3530/3530 3529/3529/3529
f 3517/3517/3517 3531/3531/3531 3530/3530/3530
f 3532/3532/3532 3527/3527/3527 3528/3528/3528
f 3532/3532/3532 3528/3528/3528 3533/3533/3533
f 3534/3534/3534 3526/3526/3526 3527/3527/3527
f 3534/3534/3534 3527/3527/3527 3532/3532/3532
f 3529/3529/3529 3535/3535/3535 3501/3501/3501
f 3535/3535/3535 3503/3503/3503 3501/3501/3501
f 3536/3536/3536 3530/3530/3530 3531/3531/3531
f 3537/3537/3537 3536/3536/3536 3531/3531/3531
f 3538/3538/3538 3529/3529/3529 3530/3530/3530
f 3535/3535/3535 3529/3529/3529 3538/3538/3538
f 3536/3536/3536 3538/3538/3538 3530/3530/3530
f 3503/3503/3503 3535/3535/3535 3539/3539/3539
f 3539/3539/3539 3535/3535/3535 3538/3538/3538
f 3540/3540/3540 3503/3503/3503 3539/3539/3539
f 3541/3541/3541 3536/3536/3536 3537/3537/3537
f 3542/3542/3542 3541/3541/3541 3537/3537/3537
f 3543/3543/3543 3538/3538/3538 3536/3536/3536
f 3539/3539/3539 3538/3538/3538 3543/3543/3543
f 3541/3541/3541 3543/3543/3543 3536/3536/3536
f 3540/3540/3540 3539/3539/3539 3544/3544/3544
f 3544/3544/3544 3539/3539/3539 3543/3543/3543
f 3545/3545/3545 3540/3540/3540 3544/3544/3544
f 3546/3546/3546 3545/3545/3545 3544/3544/3544
f 3547/3547/3547 3546/3546/3546 3544/3544/3544
f 3544/3544/3544 3543/3543/3543 3547/3547/3547
f 3548/3548/3548 3546/3546/3546 3547/3547/3547
f 3543/3543/3543 3541/3541/3541 3549/3549/3549
f 3543/3543/3543 3549/3549/3549 3547/3547/3547
f 3550/3550/3550 3548/3548/3548 3547/3547/3547
f 3550/3550/3550 3547/3547/3547 3549/3549/3549
f 3541/3541/3541 3551/3551/3551 3549/3549/3549
f 3541/3541/3541 3526/3526/3526 3551/3551/3551
f 3526/3526/3526 3534/3534/3534 3551/3551/3551
f 3552/3552/3552 3549/3549/3549 3551/3551/3551
f 3552/3552/3552 3550/3550/3550 3549/3549/3549
f 3548/3548/3548 3550/3550/3550 3553/3553/3553
f 3554/3554/3554 3548/3548/3548 3553/3553/3553
f 3555/3555/3555 3554/3554/3554 3553/3553/3553
f 3551/3551/3551 3534/3534/3534 3556/3556/3556
f 3556/3556/3556 3552/3552/3552 3551/3551/3551
f 3550/3550/3550 3552/3552/3552 3557/3557/3557
f 3553/3553/3553 3550/3550/3550 3557/3557/3557
f 3534/3534/3534 3558/3558/3558 3556/3556/3556
f 3558/3558/3558 3534/3534/3534 3532/3532/3532
f 3552/3552/3552 3556/3556/3556 3559/3559/3559
f 3557/3557/3557 3552/3552/3552 3559/3559/3559
f 3556/3556/3556 3558/3558/3558 3559/3559/3559
f 3557/3557/3557 3560/3560/3560 3553/3553/3553
f 3557/3557/3557 3559/3559/3559 3560/3560/3560
f 3561/3561/3561 3555/3555/3555 3553/3553/3553
f 3560/3560/3560 3561/3561/3561 3553/3553/3553
f 3558/3558/3558 3532/3532/3532 3562/3562/3562
f 3562/3562/3562 3532/3532/3532 3533/3533/3533
f 3562/3562/3562 3533/3533/3533 3563/3563/3563
f 3558/3558/3558 3564/3564/3564 3559/3559/3559
f 3564/3564/3564 3558/3558/3558 3562/3562/3562
f 3565/3565/3565 3562/3562/3562 3563/3563/3563
f 3564/3564/3564 3562/3562/3562 3565/3565/3565
f 3565/3565/3565 3563/3563/3563 3566/3566/3566
f 3555/3555/3555 3561/3561/3561 3567/3567/3567
f 3568/3568/3568 3555/3555/3555 3567/3567/3567
f 3559/3559/3559 3564/3564/3564 3569/3569/3569
f 3559/3559/3559 3569/3569/3569 3560/3560/3560
f 3570/3570/3570 3564/3564/3564 3565/3565/3565
f 3564/3564/3564 3571/3571/3571 3569/3569/3569
f 3572/3572/3572 3565/3565/3565 3566/3566/3566
f 3570/3570/3570 3565/3565/3565 3572/3572/3572
f 3572/3572/3572 3566/3566/3566 3573/3573/3573
f 3574/3574/3574 3570/3570/3570 3572/3572/3572
f 3569/3569/3569 3571/3571/3571 3575/3575/3575
f 3560/3560/3560 3569/3569/3569 3575/3575/3575
f 3571/3571/3571 3576/3576/3576 3575/3575/3575
f 3577/3577/3577 3572/3572/3572 3573/3573/3573
f 3574/3574/3574 3572/3572/3572 3577/3577/3577
f 3577/3577/3577 3573/3573/3573 3578/3578/3578
f 3579/3579/3579 3574/3574/3574 3577/3577/3577
f 3580/3580/3580 3577/3577/3577 3578/3578/3578
f 3579/3579/3579 3577/3577/3577 3580/3580/3580
f 3580/3580/3580 3578/3578/3578 3581/3581/3581
f 3582/3582/3582 3579/3579/3579 3580/3580/3580
f 3583/3583/3583 3580/3580/3580 3581/3581/3581
f 3582/3582/3582 3580/3580/3580 3583/3583/3583
f 3583/3583/3583 3581/3581/3581 3584/3584/3584
f 3585/3585/3585 3582/3582/3582 3583/3583/3583
f 3586/3586/3586 3583/3583/3583 3584/3584/3584
f 3585/3585/3585 3583/3583/3583 3586/3586/3586
f 3587/3587/3587 3585/3585/3585 3586/3586/3586
f 3589/3589/3589 3584/3584/3584 3588/3588/3588
f 3590/3590/3590 3589/3589/3589 3588/3588/3588
f 3591/3591/3591 3589/3589/3589 3590/3590/3590
f 3590/3590/3590 3588/3588/3588 3592/3592/3592
f 3588/3588/3588 3593/3593/3593 3592/3592/3592
f 3592/3592/3592 3593/3593/3593 3594/3594/3594
f 3593/3593/3593 3595/3595/3595 3594/3594/3594
f 3590/3590/3590 3592/3592/3592 3596/3596/3596
f 3596/3596/3596 3592/3592/3592 3594/3594/3594
f 3594/3594/3594 3595/3595/3595 3597/3597/3597
f 3595/3595/3595 3598/3598/3598 3597/3597/3597
f 3597/3597/3597 3598/3598/3598 3599/3599/3599
f 3600/3600/3600 3591/3591/3591 3590/3590/3590
f 3600/3600/3600 3590/3590/3590 3596/3596/3596
f 3601/3601/3601 3596/3596/3596 3594/3594/3594
f 3601/3601/3601 3594/3594/3594 3597/3597/3597
f 3602/3602/3602 3597/3597/3597 3599/3599/3599
f 3603/3603/3603 3601/3601/3601 3597/3597/3597
f 3597/3597/3597 3602/3602/3602 3603/3603/3603
f 3602/3602/3602 3599/3599/3599 3604/3604/3604
f 3599/3599/3599 3605/3605/3605 3604/3604/3604
f 3602/3602/3602 3606/3606/3606 3603/3603/3603
f 3602/3602/3602 3604/3604/3604 3606/3606/3606
f 3604/3604/3604 3605/3605/3605 3607/3607/3607
f 3605/3605/3605 3608/3608/3608 3607/3607/3607
f 3607/3607/3607 3608/3608/3608 3609/3609/3609
f 3608/3608/3608 3610/3610/3610 3609/3609/3609
f 3607/3607/3607 3609/3609/3609 3611/3611/3611
f 3607/3607/3607 3611/3611/3611 3604/3604/3604
f 3609/3609/3609 3612/3612/3612 3611/3611/3611
f 3612/3612/3612 3613/3613/3613 3611/3611/3611
f 3611/3611/3611 3614/3614/3614 3604/3604/3604
f 3604/3604/3604 3614/3614/3614 3606/3606/3606
f 3613/3613/3613 3615/3615/3615 3611/3611/3611
f 3611/3611/3611 3615/3615/3615 3614/3614/3614
f 3615/3615/3615 3613/3613/3613 3616/3616/3616
f 3614/3614/3614 3617/3617/3617 3606/3606/3606
f 3615/3615/3615 3617/3617/3617 3614/3614/3614
f 3618/3618/3618 3615/3615/3615 3616/3616/3616
f 3617/3617/3617 3615/3615/3615 3618/3618/3618
f 3618/3618/3618 3616/3616/3616 3619/3619/3619
f 3617/3617/3617 3620/3620/3620 3606/3606/3606
f 3606/3606/3606 3620/3620/3620 3603/3603/3603
f 3621/3621/3621 3618/3618/3618 3619/3619/3619
f 3621/3621/3621 3619/3619/3619 3622/3622/3622
f 3623/3623/3623 3621/3621/3621 3622/3622/3622
f 3624/3624/3624 3617/3617/3617 3618/3618/3618
f 3624/3624/3624 3618/3618/3618 3621/3621/3621
f 3620/3620/3620 3617/3617/3617 3624/3624/3624
f 3625/3625/3625 3621/3621/3621 3623/3623/3623
f 3625/3625/3625 3624/3624/3624 3621/3621/3621
f 3626/3626/3626 3625/3625/3625 3623/3623/3623
f 3620/3620/3620 3627/3627/3627 3603/3603/3603
f 3603/3603/3603 3627/3627/3627 3601/3601/3601
f 3628/3628/3628 3620/3620/3620 3624/3624/3624
f 3628/3628/3628 3624/3624/3624 3625/3625/3625
f 3627/3627/3627 3620/3620/3620 3628/3628/3628
f 3629/3629/3629 3625/3625/3625 3626/3626/3626
f 3629/3629/3629 3628/3628/3628 3625/3625/3625
f 3630/3630/3630 3629/3629/3629 3626/3626/3626
f 3627/3627/3627 3631/3631/3631 3601/3601/3601
f 3601/3601/3601 3631/3631/3631 3596/3596/3596
f 3632/3632/3632 3627/3627/3627 3628/3628/3628
f 3632/3632/3632 3628/3628/3628 3629/3629/3629
f 3631/3631/3631 3627/3627/3627 3632/3632/3632
f 3633/3633/3633 3629/3629/3629 3630/3630/3630
f 3633/3633/3633 3632/3632/3632 3629/3629/3629
f 3634/3634/3634 3633/3633/3633 3630/3630/3630
f 3631/3631/3631 3635/3635/3635 3596/3596/3596
f 3596/3596/3596 3635/3635/3635 3600/3600/3600
f 3636/3636/3636 3631/3631/3631 3632/3632/3632
f 3636/3636/3636 3632/3632/3632 3633/3633/3633
f 3635/3635/3635 3631/3631/3631 3636/3636/3636
f 3637/3637/3637 3633/3633/3633 3634/3634/3634
f 3637/3637/3637 3636/3636/3636 3633/3633/3633
f 3638/3638/3638 3637/3637/3637 3634/3634/3634
f 3635/3635/3635 3639/3639/3639 3600/3600/3600
f 3600/3600/3600 3639/3639/3639 3591/3591/3591
f 3640/3640/3640 3635/3635/3635 3636/3636/3636
f 3640/3640/3640 3636/3636/3636 3637/3637/3637
f 3639/3639/3639 3635/3635/3635 3640/3640/3640
f 3641/3641/3641 3637/3637/3637 3638/3638/3638
f 3641/3641/3641 3640/3640/3640 3637/3637/3637
f 3642/3642/3642 3641/3641/3641 3638/3638/3638
f 3643/3643/3643 3640/3640/3640 3641/3641/3641
f 3643/3643/3643 3639/3639/3639 3640/3640/3640
f 3644/3644/3644 3641/3641/3641 3642/3642/3642
f 3644/3644/3644 3643/3643/3643 3641/3641/3641
f 3645/3645/3645 3644/3644/3644 3642/3642/3642
f 3645/3645/3645 3646/3646/3646 3644/3644/3644
f 3639/3639/3639 3647/3647/3647 3591/3591/3591
f 3648/3648/3648 3591/3591/3591 3647/3647/3647
f 3644/3644/3644 3649/3649/3649 3643/3643/3643
f 3646/3646/3646 3649/3649/3649 3644/3644/3644
f 3643/3643/3643 3650/3650/3650 3639/3639/3639
f 3650/3650/3650 3647/3647/3647 3639/3639/3639
f 3649/3649/3649 3650/3650/3650 3643/3643/3643
f 3651/3651/3651 3648/3648/3648 3647/3647/3647
f 3652/3652/3652 3648/3648/3648 3651/3651/3651
f 3650/3650/3650 3653/3653/3653 3647/3647/3647
f 3650/3650/3650 3649/3649/3649 3653/3653/3653
f 3653/3653/3653 3651/3651/3651 3647/3647/3647
f 3649/3649/3649 3646/3646/3646 3654/3654/3654
f 3649/3649/3649 3654/3654/3654 3653/3653/3653
f 3646/3646/3646 3655/3655/3655 3654/3654/3654
f 3656/3656/3656 3652/3652/3652 3651/3651/3651
f 3657/3657/3657 3652/3652/3652 3656/3656/3656
f 3651/3651/3651 3653/3653/3653 3658/3658/3658
f 3653/3653/3653 3654/3654/3654 3658/3658/3658
f 3656/3656/3656 3651/3651/3651 3658/3658/3658
f 3654/3654/3654 3655/3655/3655 3659/3659/3659
f 3654/3654/3654 3659/3659/3659 3658/3658/3658
f 3655/3655/3655 3660/3660/3660 3659/3659/3659
f 3659/3659/3659 3660/3660/3660 3661/3661/3661
f 3662/3662/3662 3659/3659/3659 3661/3661/3661
f 3658/3658/3658 3659/3659/3659 3662/3662/3662
f 3661/3661/3661 3568/3568/3568 3662/3662/3662
f 3568/3568/3568 3567/3567/3567 3662/3662/3662
f 3663/3663/3663 3658/3658/3658 3662/3662/3662
f 3656/3656/3656 3658/3658/3658 3663/3663/3663
f 3662/3662/3662 3567/3567/3567 3663/3663/3663
f 3664/3664/3664 3657/3657/3657 3656/3656/3656
f 3664/3664/3664 3656/3656/3656 3663/3663/3663
f 3576/3576/3576 3657/3657/3657 3664/3664/3664
f 3575/3575/3575 3576/3576/3576 3664/3664/3664
f 3567/3567/3567 3665/3665/3665 3663/3663/3663
f 3663/3663/3663 3665/3665/3665 3664/3664/3664
f 3665/3665/3665 3575/3575/3575 3664/3664/3664
f 3567/3567/3567 3561/3561/3561 3665/3665/3665
f 3665/3665/3665 3560/3560/3560 3575/3575/3575
f 3561/3561/3561 3560/3560/3560 3665/3665/3665
f 3668/3668/3668 3667/3667/3667 3666/3666/3666
f 3667/3667/3667 3669/3669/3669 3666/3666/3666
f 3670/3670/3670 3666/3666/3666 3669/3669/3669
f 3671/3671/3671 3670/3670/3670 3669/3669/3669
f 3672/3672/3672 3670/3670/3670 3671/3671/3671
f 3673/3673/3673 3672/3672/3672 3671/3671/3671
f 3672/3672/3672 3673/3673/3673 3674/3674/3674
f 3673/3673/3673 3675/3675/3675 3674/3674/3674
f 3674/3674/3674 3675/3675/3675 3676/3676/3676
f 3675/3675/3675 3677/3677/3677 3676/3676/3676
f 3676/3676/3676 3677/3677/3677 3678/3678/3678
f 3677/3677/3677 3679/3679/3679 3678/3678/3678
f 3678/3678/3678 3679/3679/3679 3680/3680/3680
f 3679/3679/3679 3681/3681/3681 3680/3680/3680
f 3680/3680/3680 3681/3681/3681 3682/3682/3682
f 3681/3681/3681 3683/3683/3683 3682/3682/3682
f 3682/3682/3682 3683/3683/3683 3684/3684/3684
f 3683/3683/3683 3685/3685/3685 3684/3684/3684
f 3684/3684/3684 3685/3685/3685 3686/3686/3686
f 3685/3685/3685 3687/3687/3687 3686/3686/3686
f 3686/3686/3686 3687/3687/3687 3688/3688/3688
f 3687/3687/3687 3689/3689/3689 3688/3688/3688
f 3688/3688/3688 3689/3689/3689 3690/3690/3690
f 3689/3689/3689 3691/3691/3691 3690/3690/3690
f 3690/3690/3690 3691/3691/3691 3692/3692/3692
f 3691/3691/3691 3693/3693/3693 3692/3692/3692
f 3694/3694/3694 3692/3692/3692 3693/3693/3693
f 3695/3695/3695 3694/3694/3694 3693/3693/3693
f 3696/3696/3696 3694/3694/3694 3695/3695/3695
f 3697/3697/3697 3696/3696/3696 3695/3695/3695
f 3698/3698/3698 3696/3696/3696 3697/3697/3697
f 3699/3699/3699 3698/3698/3698 3697/3697/3697
f 3700/3700/3700 3698/3698/3698 3699/3699/3699
f 3701/3701/3701 3700/3700/3700 3699/3699/3699
f 3702/3702/3702 3700/3700/3700 3701/3701/3701
f 3703/3703/3703 3702/3702/3702 3701/3701/3701
f 3704/3704/3704 3702/3702/3702 3703/3703/3703
f 3705/3705/3705 3704/3704/3704 3703/3703/3703
f 3706/3706/3706 3704/3704/3704 3705/3705/3705
f 3707/3707/3707 3706/3706/3706 3705/3705/3705
f 3708/3708/3708 3706/3706/3706 3707/3707/3707
f 3709/3709/3709 3708/3708/3708 3707/3707/3707
f 3712/3712/3712 3711/3711/3711 3710/3710/3710
f 3713/3713/3713 3712/3712/3712 3710/3710/3710
f 3714/3714/3714 3712/3712/3712 3713/3713/3713
f 3715/3715/3715 3714/3714/3714 3713/3713/3713
f 3716/3716/3716 3714/3714/3714 3715/3715/3715
f 3717/3717/3717 3716/3716/3716 3715/3715/3715
f 3718/3718/3718 3716/3716/3716 3717/3717/3717
f 3719/3719/3719 3718/3718/3718 3717/3717/3717
f 3720/3720/3720 3718/3718/3718 3719/3719/3719
f 3721/3721/3721 3720/3720/3720 3719/3719/3719
f 3722/3722/3722 3720/3720/3720 3721/3721/3721
f 3723/3723/3723 3722/3722/3722 3721/3721/3721
f 3724/3724/3724 3722/3722/3722 3723/3723/3723
f 3725/3725/3725 3724/3724/3724 3723/3723/3723
f 3726/3726/3726 3724/3724/3724 3725/3725/3725
f 3727/3727/3727 3726/3726/3726 3725/3725/3725
f 3728/3728/3728 3726/3726/3726 3727/3727/3727
f 3729/3729/3729 3728/3728/3728 3727/3727/3727
f 3730/3730/3730 3728/3728/3728 3729/3729/3729
f 3731/3731/3731 3730/3730/3730 3729/3729/3729
f 3730/3730/3730 3731/3731/3731 3732/3732/3732
f 3731/3731/3731 3733/3733/3733 3732/3732/3732
f 3732/3732/3732 3733/3733/3733 3734/3734/3734
f 3733/3733/3733 3735/3735/3735 3734/3734/3734
f 3734/3734/3734 3735/3735/3735 3736/3736/3736
f 3735/3735/3735 3737/3737/3737 3736/3736/3736
f 3736/3736/3736 3737/3737/3737 3738/3738/3738
f 3737/3737/3737 3739/3739/3739 3738/3738/3738
f 3738/3738/3738 3739/3739/3739 3740/3740/3740
f 3739/3739/3739 3741/3741/3741 3740/3740/3740
f 3740/3740/3740 3741/3741/3741 3742/3742/3742
f 3741/3741/3741 3743/3743/3743 3742/3742/3742
f 3742/3742/3742 3743/3743/3743 3744/3744/3744
f 3743/3743/3743 3745/3745/3745 3744/3744/3744
g PDA_geo_2
f 3748/3748/3748 3747/3747/3747 3746/3746/3746
f 3749/3749/3749 3748/3748/3748 3746/3746/3746
f 3748/3748/3748 3749/3749/3749 3750/3750/3750
f 3751/3751/3751 3748/3748/3748 3750/3750/3750
f 3751/3751/3751 3750/3750/3750 3752/3752/3752
f 3753/3753/3753 3751/3751/3751 3752/3752/3752
f 3753/3753/3753 3752/3752/3752 3754/3754/3754
f 3755/3755/3755 3753/3753/3753 3754/3754/3754
f 3755/3755/3755 3754/3754/3754 3756/3756/3756
f 3757/3757/3757 3755/3755/3755 3756/3756/3756
f 3756/3756/3756 3758/3758/3758 3757/3757/3757
f 3758/3758/3758 3759/3759/3759 3757/3757/3757
f 3759/3759/3759 3758/3758/3758 3760/3760/3760
f 3761/3761/3761 3759/3759/3759 3760/3760/3760
f 3761/3761/3761 3760/3760/3760 3762/3762/3762
f 3763/3763/3763 3761/3761/3761 3762/3762/3762
f 3763/3763/3763 3762/3762/3762 3764/3764/3764
f 3765/3765/3765 3763/3763/3763 3764/3764/3764
f 3766/3766/3766 3763/3763/3763 3765/3765/3765
f 3767/3767/3767 3766/3766/3766 3765/3765/3765
f 3763/3763/3763 3766/3766/3766 3768/3768/3768
f 3761/3761/3761 3763/3763/3763 3768/3768/3768
f 3761/3761/3761 3768/3768/3768 3769/3769/3769
f 3759/3759/3759 3761/3761/3761 3769/3769/3769
f 3759/3759/3759 3769/3769/3769 3770/3770/3770
f 3757/3757/3757 3759/3759/3759 3770/3770/3770
f 3757/3757/3757 3770/3770/3770 3771/3771/3771
f 3755/3755/3755 3757/3757/3757 3771/3771/3771
f 3755/3755/3755 3771/3771/3771 3772/3772/3772
f 3753/3753/3753 3755/3755/3755 3772/3772/3772
f 3753/3753/3753 3772/3772/3772 3773/3773/3773
f 3751/3751/3751 3753/3753/3753 3773/3773/3773
f 3751/3751/3751 3773/3773/3773 3774/3774/3774
f 3748/3748/3748 3751/3751/3751 3774/3774/3774
f 3748/3748/3748 3774/3774/3774 3775/3775/3775
f 3748/3748/3748 3775/3775/3775 3776/3776/3776
f 3748/3748/3748 3776/3776/3776 3777/3777/3777
f 3748/3748/3748 3777/3777/3777 3778/3778/3778
f 3748/3748/3748 3778/3778/3778 3779/3779/3779
f 3779/3779/3779 3780/3780/3780 3748/3748/3748
f 3780/3780/3780 3781/3781/3781 3748/3748/3748
f 3748/3748/3748 3781/3781/3781 3782/3782/3782
f 3748/3748/3748 3782/3782/3782 3783/3783/3783
f 3748/3748/3748 3783/3783/3783 3784/3784/3784
f 3787/3787/3787 3786/3786/3786 3785/3785/3785
f 3786/3786/3786 3788/3788/3788 3785/3785/3785
f 3785/3785/3785 3788/3788/3788 3789/3789/3789
f 3786/3786/3786 3790/3790/3790 3788/3788/3788
f 3788/3788/3788 3791/3791/3791 3789/3789/3789
f 3789/3789/3789 3791/3791/3791 3792/3792/3792
f 3790/3790/3790 3793/3793/3793 3788/3788/3788
f 3788/3788/3788 3793/3793/3793 3791/3791/3791
f 3790/3790/3790 3794/3794/3794 3793/3793/3793
f 3791/3791/3791 3795/3795/3795 3792/3792/3792
f 3792/3792/3792 3795/3795/3795 3796/3796/3796
f 3795/3795/3795 3797/3797/3797 3796/3796/3796
f 3794/3794/3794 3798/3798/3798 3793/3793/3793
f 3798/3798/3798 3794/3794/3794 3799/3799/3799
f 3793/3793/3793 3800/3800/3800 3791/3791/3791
f 3795/3795/3795 3791/3791/3791 3800/3800/3800
f 3793/3793/3793 3798/3798/3798 3800/3800/3800
f 3797/3797/3797 3795/3795/3795 3801/3801/3801
f 3801/3801/3801 3795/3795/3795 3800/3800/3800
f 3802/3802/3802 3797/3797/3797 3801/3801/3801
f 3803/3803/3803 3798/3798/3798 3799/3799/3799
f 3799/3799/3799 3804/3804/3804 3803/3803/3803
f 3798/3798/3798 3805/3805/3805 3800/3800/3800
f 3801/3801/3801 3800/3800/3800 3805/3805/3805
f 3805/3805/3805 3798/3798/3798 3803/3803/3803
f 3802/3802/3802 3801/3801/3801 3806/3806/3806
f 3806/3806/3806 3801/3801/3801 3805/3805/3805
f 3807/3807/3807 3802/3802/3802 3806/3806/3806
f 3804/3804/3804 3808/3808/3808 3803/3803/3803
f 3804/3804/3804 3809/3809/3809 3808/3808/3808
f 3810/3810/3810 3805/3805/3805 3803/3803/3803
f 3806/3806/3806 3805/3805/3805 3810/3810/3810
f 3803/3803/3803 3808/3808/3808 3810/3810/3810
f 3807/3807/3807 3806/3806/3806 3811/3811/3811
f 3811/3811/3811 3806/3806/3806 3810/3810/3810
f 3812/3812/3812 3807/3807/3807 3811/3811/3811
f 3813/3813/3813 3812/3812/3812 3811/3811/3811
f 3814/3814/3814 3813/3813/3813 3811/3811/3811
f 3814/3814/3814 3811/3811/3811 3810/3810/3810
f 3815/3815/3815 3813/3813/3813 3814/3814/3814
f 3809/3809/3809 3816/3816/3816 3808/3808/3808
f 3809/3809/3809 3817/3817/3817 3816/3816/3816
f 3808/3808/3808 3818/3818/3818 3810/3810/3810
f 3818/3818/3818 3814/3814/3814 3810/3810/3810
f 3808/3808/3808 3816/3816/3816 3818/3818/3818
f 3819/3819/3819 3815/3815/3815 3814/3814/3814
f 3819/3819/3819 3814/3814/3814 3818/3818/3818
f 3820/3820/3820 3815/3815/3815 3819/3819/3819
f 3817/3817/3817 3821/3821/3821 3816/3816/3816
f 3817/3817/3817 3822/3822/3822 3821/3821/3821
f 3816/3816/3816 3823/3823/3823 3818/3818/3818
f 3823/3823/3823 3819/3819/3819 3818/3818/3818
f 3816/3816/3816 3821/3821/3821 3823/3823/3823
f 3824/3824/3824 3820/3820/3820 3819/3819/3819
f 3824/3824/3824 3819/3819/3819 3823/3823/3823
f 3825/3825/3825 3820/3820/3820 3824/3824/3824
f 3822/3822/3822 3826/3826/3826 3821/3821/3821
f 3822/3822/3822 3746/3746/3746 3826/3826/3826
f 3746/3746/3746 3827/3827/3827 3826/3826/3826
f 3821/3821/3821 3828/3828/3828 3823/3823/3823
f 3828/3828/3828 3824/3824/3824 3823/3823/3823
f 3821/3821/3821 3826/3826/3826 3828/3828/3828
f 3829/3829/3829 3825/3825/3825 3824/3824/3824
f 3829/3829/3829 3824/3824/3824 3828/3828/3828
f 3829/3829/3829 3830/3830/3830 3825/3825/3825
f 3831/3831/3831 3830/3830/3830 3829/3829/3829
f 3832/3832/3832 3831/3831/3831 3829/3829/3829
f 3833/3833/3833 3832/3832/3832 3829/3829/3829
f 3834/3834/3834 3833/3833/3833 3829/3829/3829
f 3835/3835/3835 3834/3834/3834 3829/3829/3829
f 3836/3836/3836 3835/3835/3835 3829/3829/3829
f 3837/3837/3837 3836/3836/3836 3829/3829/3829
f 3826/3826/3826 3838/3838/3838 3828/3828/3828
f 3838/3838/3838 3829/3829/3829 3828/3828/3828
f 3837/3837/3837 3829/3829/3829 3838/3838/3838
f 3826/3826/3826 3827/3827/3827 3838/3838/3838
f 3839/3839/3839 3837/3837/3837 3838/3838/3838
f 3827/3827/3827 3839/3839/3839 3838/3838/3838
f 3842/3842/3842 3841/3841/3841 3840/3840/3840
f 3841/3841/3841 3843/3843/3843 3840/3840/3840
f 3843/3843/3843 3841/3841/3841 3844/3844/3844
f 3841/3841/3841 3845/3845/3845 3844/3844/3844
f 3844/3844/3844 3845/3845/3845 3846/3846/3846
f 3845/3845/3845 3847/3847/3847 3846/3846/3846
f 3846/3846/3846 3847/3847/3847 3848/3848/3848
f 3847/3847/3847 3849/3849/3849 3848/3848/3848
f 3848/3848/3848 3849/3849/3849 3850/3850/3850
f 3849/3849/3849 3851/3851/3851 3850/3850/3850
f 3852/3852/3852 3850/3850/3850 3851/3851/3851
f 3853/3853/3853 3852/3852/3852 3851/3851/3851
f 3852/3852/3852 3853/3853/3853 3854/3854/3854
f 3853/3853/3853 3855/3855/3855 3854/3854/3854
f 3854/3854/3854 3855/3855/3855 3856/3856/3856
f 3855/3855/3855 3857/3857/3857 3856/3856/3856
f 3856/3856/3856 3857/3857/3857 3858/3858/3858
f 3857/3857/3857 3859/3859/3859 3858/3858/3858
f 3857/3857/3857 3860/3860/3860 3859/3859/3859
f 3860/3860/3860 3861/3861/3861 3859/3859/3859
f 3860/3860/3860 3857/3857/3857 3862/3862/3862
f 3857/3857/3857 3855/3855/3855 3862/3862/3862
f 3862/3862/3862 3855/3855/3855 3863/3863/3863
f 3855/3855/3855 3853/3853/3853 3863/3863/3863
f 3863/3863/3863 3853/3853/3853 3864/3864/3864
f 3853/3853/3853 3851/3851/3851 3864/3864/3864
f 3864/3864/3864 3851/3851/3851 3865/3865/3865
f 3851/3851/3851 3849/3849/3849 3865/3865/3865
f 3865/3865/3865 3849/3849/3849 3866/3866/3866
f 3849/3849/3849 3847/3847/3847 3866/3866/3866
f 3866/3866/3866 3847/3847/3847 3867/3867/3867
f 3847/3847/3847 3845/3845/3845 3867/3867/3867
f 3867/3867/3867 3845/3845/3845 3868/3868/3868
f 3845/3845/3845 3841/3841/3841 3868/3868/3868
f 3868/3868/3868 3841/3841/3841 3869/3869/3869
f 3869/3869/3869 3841/3841/3841 3870/3870/3870
f 3870/3870/3870 3841/3841/3841 3871/3871/3871
f 3871/3871/3871 3841/3841/3841 3872/3872/3872
f 3872/3872/3872 3841/3841/3841 3873/3873/3873
f 3874/3874/3874 3873/3873/3873 3841/3841/3841
f 3875/3875/3875 3874/3874/3874 3841/3841/3841
f 3875/3875/3875 3841/3841/3841 3876/3876/3876
f 3876/3876/3876 3841/3841/3841 3877/3877/3877
f 3877/3877/3877 3841/3841/3841 3878/3878/3878
f 3881/3881/3881 3880/3880/3880 3879/3879/3879
f 3882/3882/3882 3881/3881/3881 3879/3879/3879
f 3882/3882/3882 3879/3879/3879 3883/3883/3883
f 3884/3884/3884 3881/3881/3881 3882/3882/3882
f 3885/3885/3885 3882/3882/3882 3883/3883/3883
f 3885/3885/3885 3883/3883/3883 3886/3886/3886
f 3887/3887/3887 3884/3884/3884 3882/3882/3882
f 3887/3887/3887 3882/3882/3882 3885/3885/3885
f 3888/3888/3888 3884/3884/3884 3887/3887/3887
f 3889/3889/3889 3885/3885/3885 3886/3886/3886
f 3889/3889/3889 3886/3886/3886 3890/3890/3890
f 3891/3891/3891 3889/3889/3889 3890/3890/3890
f 3892/3892/3892 3888/3888/3888 3887/3887/3887
f 3888/3888/3888 3892/3892/3892 3893/3893/3893
f 3894/3894/3894 3887/3887/3887 3885/3885/3885
f 3885/3885/3885 3889/3889/3889 3894/3894/3894
f 3892/3892/3892 3887/3887/3887 3894/3894/3894
f 3889/3889/3889 3891/3891/3891 3895/3895/3895
f 3889/3889/3889 3895/3895/3895 3894/3894/3894
f 3891/3891/3891 3896/3896/3896 3895/3895/3895
f 3892/3892/3892 3897/3897/3897 3893/3893/3893
f 3898/3898/3898 3893/3893/3893 3897/3897/3897
f 3899/3899/3899 3892/3892/3892 3894/3894/3894
f 3894/3894/3894 3895/3895/3895 3899/3899/3899
f 3892/3892/3892 3899/3899/3899 3897/3897/3897
f 3895/3895/3895 3896/3896/3896 3900/3900/3900
f 3895/3895/3895 3900/3900/3900 3899/3899/3899
f 3896/3896/3896 3901/3901/3901 3900/3900/3900
f 3902/3902/3902 3898/3898/3898 3897/3897/3897
f 3903/3903/3903 3898/3898/3898 3902/3902/3902
f 3899/3899/3899 3904/3904/3904 3897/3897/3897
f 3899/3899/3899 3900/3900/3900 3904/3904/3904
f 3902/3902/3902 3897/3897/3897 3904/3904/3904
f 3900/3900/3900 3901/3901/3901 3905/3905/3905
f 3900/3900/3900 3905/3905/3905 3904/3904/3904
f 3901/3901/3901 3906/3906/3906 3905/3905/3905
f 3906/3906/3906 3907/3907/3907 3905/3905/3905
f 3907/3907/3907 3908/3908/3908 3905/3905/3905
f 3905/3905/3905 3908/3908/3908 3904/3904/3904
f 3907/3907/3907 3909/3909/3909 3908/3908/3908
f 3910/3910/3910 3903/3903/3903 3902/3902/3902
f 3911/3911/3911 3903/3903/3903 3910/3910/3910
f 3912/3912/3912 3902/3902/3902 3904/3904/3904
f 3908/3908/3908 3912/3912/3912 3904/3904/3904
f 3910/3910/3910 3902/3902/3902 3912/3912/3912
f 3909/3909/3909 3913/3913/3913 3908/3908/3908
f 3908/3908/3908 3913/3913/3913 3912/3912/3912
f 3909/3909/3909 3914/3914/3914 3913/3913/3913
f 3915/3915/3915 3911/3911/3911 3910/3910/3910
f 3916/3916/3916 3911/3911/3911 3915/3915/3915
f 3917/3917/3917 3910/3910/3910 3912/3912/3912
f 3913/3913/3913 3917/3917/3917 3912/3912/3912
f 3915/3915/3915 3910/3910/3910 3917/3917/3917
f 3914/3914/3914 3918/3918/3918 3913/3913/3913
f 3913/3913/3913 3918/3918/3918 3917/3917/3917
f 3914/3914/3914 3919/3919/3919 3918/3918/3918
f 3920/3920/3920 3916/3916/3916 3915/3915/3915
f 3840/3840/3840 3916/3916/3916 3920/3920/3920
f 3921/3921/3921 3840/3840/3840 3920/3920/3920
f 3922/3922/3922 3915/3915/3915 3917/3917/3917
f 3918/3918/3918 3922/3922/3922 3917/3917/3917
f 3920/3920/3920 3915/3915/3915 3922/3922/3922
f 3919/3919/3919 3923/3923/3923 3918/3918/3918
f 3918/3918/3918 3923/3923/3923 3922/3922/3922
f 3924/3924/3924 3923/3923/3923 3919/3919/3919
f 3924/3924/3924 3925/3925/3925 3923/3923/3923
f 3925/3925/3925 3926/3926/3926 3923/3923/3923
f 3926/3926/3926 3927/3927/3927 3923/3923/3923
f 3927/3927/3927 3928/3928/3928 3923/3923/3923
f 3928/3928/3928 3929/3929/3929 3923/3923/3923
f 3929/3929/3929 3930/3930/3930 3923/3923/3923
f 3930/3930/3930 3931/3931/3931 3923/3923/3923
f 3921/3921/3921 3920/3920/3920 3932/3932/3932
f 3932/3932/3932 3920/3920/3920 3922/3922/3922
f 3923/3923/3923 3932/3932/3932 3922/3922/3922
f 3923/3923/3923 3931/3931/3931 3932/3932/3932
f 3933/3933/3933 3921/3921/3921 3932/3932/3932
f 3931/3931/3931 3933/3933/3933 3932/3932/3932
f 3936/3936/3936 3935/3935/3935 3934/3934/3934
f 3935/3935/3935 3937/3937/3937 3934/3934/3934
f 3937/3937/3937 3935/3935/3935 3938/3938/3938
f 3935/3935/3935 3939/3939/3939 3938/3938/3938
f 3938/3938/3938 3939/3939/3939 3940/3940/3940
f 3939/3939/3939 3941/3941/3941 3940/3940/3940
f 3940/3940/3940 3941/3941/3941 3942/3942/3942
f 3941/3941/3941 3943/3943/3943 3942/3942/3942
f 3942/3942/3942 3943/3943/3943 3944/3944/3944
f 3943/3943/3943 3945/3945/3945 3944/3944/3944
f 3946/3946/3946 3944/3944/3944 3945/3945/3945
f 3947/3947/3947 3946/3946/3946 3945/3945/3945
f 3946/3946/3946 3947/3947/3947 3948/3948/3948
f 3947/3947/3947 3949/3949/3949 3948/3948/3948
f 3948/3948/3948 3949/3949/3949 3950/3950/3950
f 3949/3949/3949 3951/3951/3951 3950/3950/3950
f 3950/3950/3950 3951/3951/3951 3952/3952/3952
f 3951/3951/3951 3953/3953/3953 3952/3952/3952
f 3951/3951/3951 3954/3954/3954 3953/3953/3953
f 3954/3954/3954 3955/3955/3955 3953/3953/3953
f 3954/3954/3954 3951/3951/3951 3956/3956/3956
f 3951/3951/3951 3949/3949/3949 3956/3956/3956
f 3956/3956/3956 3949/3949/3949 3957/3957/3957
f 3949/3949/3949 3947/3947/3947 3957/3957/3957
f 3957/3957/3957 3947/3947/3947 3958/3958/3958
f 3947/3947/3947 3945/3945/3945 3958/3958/3958
f 3958/3958/3958 3945/3945/3945 3959/3959/3959
f 3945/3945/3945 3943/3943/3943 3959/3959/3959
f 3959/3959/3959 3943/3943/3943 3960/3960/3960
f 3943/3943/3943 3941/3941/3941 3960/3960/3960
f 3960/3960/3960 3941/3941/3941 3961/3961/3961
f 3941/3941/3941 3939/3939/3939 3961/3961/3961
f 3961/3961/3961 3939/3939/3939 3962/3962/3962
f 3939/3939/3939 3935/3935/3935 3962/3962/3962
f 3962/3962/3962 3935/3935/3935 3963/3963/3963
f 3963/3963/3963 3935/3935/3935 3964/3964/3964
f 3964/3964/3964 3935/3935/3935 3965/3965/3965
f 3965/3965/3965 3935/3935/3935 3966/3966/3966
f 3966/3966/3966 3935/3935/3935 3967/3967/3967
f 3968/3968/3968 3967/3967/3967 3935/3935/3935
f 3969/3969/3969 3968/3968/3968 3935/3935/3935
f 3969/3969/3969 3935/3935/3935 3970/3970/3970
f 3970/3970/3970 3935/3935/3935 3971/3971/3971
f 3971/3971/3971 3935/3935/3935 3972/3972/3972
f 3975/3975/3975 3974/3974/3974 3973/3973/3973
f 3976/3976/3976 3975/3975/3975 3973/3973/3973
f 3976/3976/3976 3973/3973/3973 3977/3977/3977
f 3978/3978/3978 3975/3975/3975 3976/3976/3976
f 3979/3979/3979 3976/3976/3976 3977/3977/3977
f 3979/3979/3979 3977/3977/3977 3980/3980/3980
f 3981/3981/3981 3978/3978/3978 3976/3976/3976
f 3981/3981/3981 3976/3976/3976 3979/3979/3979
f 3982/3982/3982 3978/3978/3978 3981/3981/3981
f 3983/3983/3983 3979/3979/3979 3980/3980/3980
f 3983/3983/3983 3980/3980/3980 3984/3984/3984
f 3985/3985/3985 3983/3983/3983 3984/3984/3984
f 3986/3986/3986 3982/3982/3982 3981/3981/3981
f 3982/3982/3982 3986/3986/3986 3987/3987/3987
f 3988/3988/3988 3981/3981/3981 3979/3979/3979
f 3979/3979/3979 3983/3983/3983 3988/3988/3988
f 3986/3986/3986 3981/3981/3981 3988/3988/3988
f 3983/3983/3983 3985/3985/3985 3989/3989/3989
f 3983/3983/3983 3989/3989/3989 3988/3988/3988
f 3985/3985/3985 3990/3990/3990 3989/3989/3989
f 3986/3986/3986 3991/3991/3991 3987/3987/3987
f 3992/3992/3992 3987/3987/3987 3991/3991/3991
f 3993/3993/3993 3986/3986/3986 3988/3988/3988
f 3988/3988/3988 3989/3989/3989 3993/3993/3993
f 3986/3986/3986 3993/3993/3993 3991/3991/3991
f 3989/3989/3989 3990/3990/3990 3994/3994/3994
f 3989/3989/3989 3994/3994/3994 3993/3993/3993
f 3990/3990/3990 3995/3995/3995 3994/3994/3994
f 3996/3996/3996 3992/3992/3992 3991/3991/3991
f 3997/3997/3997 3992/3992/3992 3996/3996/3996
f 3993/3993/3993 3998/3998/3998 3991/3991/3991
f 3993/3993/3993 3994/3994/3994 3998/3998/3998
f 3996/3996/3996 3991/3991/3991 3998/3998/3998
f 3994/3994/3994 3995/3995/3995 3999/3999/3999
f 3994/3994/3994 3999/3999/3999 3998/3998/3998
f 3995/3995/3995 4000/4000/4000 3999/3999/3999
f 4000/4000/4000 4001/4001/4001 3999/3999/3999
f 4001/4001/4001 4002/4002/4002 3999/3999/3999
f 3999/3999/3999 4002/4002/4002 3998/3998/3998
f 4001/4001/4001 4003/4003/4003 4002/4002/4002
f 4004/4004/4004 3997/3997/3997 3996/3996/3996
f 4005/4005/4005 3997/3997/3997 4004/4004/4004
f 4006/4006/4006 3996/3996/3996 3998/3998/3998
f 4002/4002/4002 4006/4006/4006 3998/3998/3998
f 4004/4004/4004 3996/3996/3996 4006/4006/4006
f 4003/4003/4003 4007/4007/4007 4002/4002/4002
f 4002/4002/4002 4007/4007/4007 4006/4006/4006
f 4003/4003/4003 4008/4008/4008 4007/4007/4007
f 4009/4009/4009 4005/4005/4005 4004/4004/4004
f 4010/4010/4010 4005/4005/4005 4009/4009/4009
f 4011/4011/4011 4004/4004/4004 4006/4006/4006
f 4007/4007/4007 4011/4011/4011 4006/4006/4006
f 4009/4009/4009 4004/4004/4004 4011/4011/4011
f 4008/4008/4008 4012/4012/4012 4007/4007/4007
f 4007/4007/4007 4012/4012/4012 4011/4011/4011
f 4008/4008/4008 4013/4013/4013 4012/4012/4012
f 4014/4014/4014 4010/4010/4010 4009/4009/4009
f 3934/3934/3934 4010/4010/4010 4014/4014/4014
f 4015/4015/4015 3934/3934/3934 4014/4014/4014
f 4016/4016/4016 4009/4009/4009 4011/4011/4011
f 4012/4012/4012 4016/4016/4016 4011/4011/4011
f 4014/4014/4014 4009/4009/4009 4016/4016/4016
f 4013/4013/4013 4017/4017/4017 4012/4012/4012
f 4012/4012/4012 4017/4017/4017 4016/4016/4016
f 4018/4018/4018 4017/4017/4017 4013/4013/4013
f 4018/4018/4018 4019/4019/4019 4017/4017/4017
f 4019/4019/4019 4020/4020/4020 4017/4017/4017
f 4020/4020/4020 4021/4021/4021 4017/4017/4017
f 4021/4021/4021 4022/4022/4022 4017/4017/4017
f 4022/4022/4022 4023/4023/4023 4017/4017/4017
f 4023/4023/4023 4024/4024/4024 4017/4017/4017
f 4024/4024/4024 4025/4025/4025 4017/4017/4017
f 4015/4015/4015 4014/4014/4014 4026/4026/4026
f 4026/4026/4026 4014/4014/4014 4016/4016/4016
f 4017/4017/4017 4026/4026/4026 4016/4016/4016
f 4017/4017/4017 4025/4025/4025 4026/4026/4026
f 4027/4027/4027 4015/4015/4015 4026/4026/4026
f 4025/4025/4025 4027/4027/4027 4026/4026/4026
f 4030/4030/4030 4029/4029/4029 4028/4028/4028
f 4031/4031/4031 4030/4030/4030 4028/4028/4028
f 4030/4030/4030 4031/4031/4031 4032/4032/4032
f 4033/4033/4033 4030/4030/4030 4032/4032/4032
f 4033/4033/4033 4032/4032/4032 4034/4034/4034
f 4035/4035/4035 4033/4033/4033 4034/4034/4034
f 4035/4035/4035 4034/4034/4034 4036/4036/4036
f 4037/4037/4037 4035/4035/4035 4036/4036/4036
f 4037/4037/4037 4036/4036/4036 4038/4038/4038
f 4039/4039/4039 4037/4037/4037 4038/4038/4038
f 4038/4038/4038 4040/4040/4040 4039/4039/4039
f 4040/4040/4040 4041/4041/4041 4039/4039/4039
f 4041/4041/4041 4040/4040/4040 4042/4042/4042
f 4043/4043/4043 4041/4041/4041 4042/4042/4042
f 4043/4043/4043 4042/4042/4042 4044/4044/4044
f 4045/4045/4045 4043/4043/4043 4044/4044/4044
f 4045/4045/4045 4044/4044/4044 4046/4046/4046
f 4047/4047/4047 4045/4045/4045 4046/4046/4046
f 4048/4048/4048 4045/4045/4045 4047/4047/4047
f 4049/4049/4049 4048/4048/4048 4047/4047/4047
f 4045/4045/4045 4048/4048/4048 4050/4050/4050
f 4043/4043/4043 4045/4045/4045 4050/4050/4050
f 4043/4043/4043 4050/4050/4050 4051/4051/4051
f 4041/4041/4041 4043/4043/4043 4051/4051/4051
f 4041/4041/4041 4051/4051/4051 4052/4052/4052
f 4039/4039/4039 4041/4041/4041 4052/4052/4052
f 4039/4039/4039 4052/4052/4052 4053/4053/4053
f 4037/4037/4037 4039/4039/4039 4053/4053/4053
f 4037/4037/4037 4053/4053/4053 4054/4054/4054
f 4035/4035/4035 4037/4037/4037 4054/4054/4054
f 4035/4035/4035 4054/4054/4054 4055/4055/4055
f 4033/4033/4033 4035/4035/4035 4055/4055/4055
f 4033/4033/4033 4055/4055/4055 4056/4056/4056
f 4030/4030/4030 4033/4033/4033 4056/4056/4056
f 4030/4030/4030 4056/4056/4056 4057/4057/4057
f 4030/4030/4030 4057/4057/4057 4058/4058/4058
f 4030/4030/4030 4058/4058/4058 4059/4059/4059
f 4030/4030/4030 4059/4059/4059 4060/4060/4060
f 4030/4030/4030 4060/4060/4060 4061/4061/4061
f 4061/4061/4061 4062/4062/4062 4030/4030/4030
f 4062/4062/4062 4063/4063/4063 4030/4030/4030
f 4030/4030/4030 4063/4063/4063 4064/4064/4064
f 4030/4030/4030 4064/4064/4064 4065/4065/4065
f 4030/4030/4030 4065/4065/4065 4066/4066/4066
f 4069/4069/4069 4068/4068/4068 4067/4067/4067
f 4068/4068/4068 4070/4070/4070 4067/4067/4067
f 4067/4067/4067 4070/4070/4070 4071/4071/4071
f 4068/4068/4068 4072/4072/4072 4070/4070/4070
f 4070/4070/4070 4073/4073/4073 4071/4071/4071
f 4071/4071/4071 4073/4073/4073 4074/4074/4074
f 4072/4072/4072 4075/4075/4075 4070/4070/4070
f 4070/4070/4070 4075/4075/4075 4073/4073/4073
f 4072/4072/4072 4076/4076/4076 4075/4075/4075
f 4073/4073/4073 4077/4077/4077 4074/4074/4074
f 4074/4074/4074 4077/4077/4077 4078/4078/4078
f 4077/4077/4077 4079/4079/4079 4078/4078/4078
f 4076/4076/4076 4080/4080/4080 4075/4075/4075
f 4080/4080/4080 4076/4076/4076 4081/4081/4081
f 4075/4075/4075 4082/4082/4082 4073/4073/4073
f 4077/4077/4077 4073/4073/4073 4082/4082/4082
f 4075/4075/4075 4080/4080/4080 4082/4082/4082
f 4079/4079/4079 4077/4077/4077 4083/4083/4083
f 4083/4083/4083 4077/4077/4077 4082/4082/4082
f 4084/4084/4084 4079/4079/4079 4083/4083/4083
f 4085/4085/4085 4080/4080/4080 4081/4081/4081
f 4081/4081/4081 4086/4086/4086 4085/4085/4085
f 4080/4080/4080 4087/4087/4087 4082/4082/4082
f 4083/4083/4083 4082/4082/4082 4087/4087/4087
f 4087/4087/4087 4080/4080/4080 4085/4085/4085
f 4084/4084/4084 4083/4083/4083 4088/4088/4088
f 4088/4088/4088 4083/4083/4083 4087/4087/4087
f 4089/4089/4089 4084/4084/4084 4088/4088/4088
f 4086/4086/4086 4090/4090/4090 4085/4085/4085
f 4086/4086/4086 4091/4091/4091 4090/4090/4090
f 4092/4092/4092 4087/4087/4087 4085/4085/4085
f 4088/4088/4088 4087/4087/4087 4092/4092/4092
f 4085/4085/4085 4090/4090/4090 4092/4092/4092
f 4089/4089/4089 4088/4088/4088 4093/4093/4093
f 4093/4093/4093 4088/4088/4088 4092/4092/4092
f 4094/4094/4094 4089/4089/4089 4093/4093/4093
f 4095/4095/4095 4094/4094/4094 4093/4093/4093
f 4096/4096/4096 4095/4095/4095 4093/4093/4093
f 4096/4096/4096 4093/4093/4093 4092/4092/4092
f 4097/4097/4097 4095/4095/4095 4096/4096/4096
f 4091/4091/4091 4098/4098/4098 4090/4090/4090
f 4091/4091/4091 4099/4099/4099 4098/4098/4098
f 4090/4090/4090 4100/4100/4100 4092/4092/4092
f 4100/4100/4100 4096/4096/4096 4092/4092/4092
f 4090/4090/4090 4098/4098/4098 4100/4100/4100
f 4101/4101/4101 4097/4097/4097 4096/4096/4096
f 4101/4101/4101 4096/4096/4096 4100/4100/4100
f 4102/4102/4102 4097/4097/4097 4101/4101/4101
f 4099/4099/4099 4103/4103/4103 4098/4098/4098
f 4099/4099/4099 4104/4104/4104 4103/4103/4103
f 4098/4098/4098 4105/4105/4105 4100/4100/4100
f 4105/4105/4105 4101/4101/4101 4100/4100/4100
f 4098/4098/4098 4103/4103/4103 4105/4105/4105
f 4106/4106/4106 4102/4102/4102 4101/4101/4101
f 4106/4106/4106 4101/4101/4101 4105/4105/4105
f 4107/4107/4107 4102/4102/4102 4106/4106/4106
f 4104/4104/4104 4108/4108/4108 4103/4103/4103
f 4104/4104/4104 4028/4028/4028 4108/4108/4108
f 4028/4028/4028 4109/4109/4109 4108/4108/4108
f 4103/4103/4103 4110/4110/4110 4105/4105/4105
f 4110/4110/4110 4106/4106/4106 4105/4105/4105
f 4103/4103/4103 4108/4108/4108 4110/4110/4110
f 4111/4111/4111 4107/4107/4107 4106/4106/4106
f 4111/4111/4111 4106/4106/4106 4110/4110/4110
f 4111/4111/4111 4112/4112/4112 4107/4107/4107
f 4113/4113/4113 4112/4112/4112 4111/4111/4111
f 4114/4114/4114 4113/4113/4113 4111/4111/4111
f 4115/4115/4115 4114/4114/4114 4111/4111/4111
f 4116/4116/4116 4115/4115/4115 4111/4111/4111
f 4117/4117/4117 4116/4116/4116 4111/4111/4111
f 4118/4118/4118 4117/4117/4117 4111/4111/4111
f 4119/4119/4119 4118/4118/4118 4111/4111/4111
f 4108/4108/4108 4120/4120/4120 4110/4110/4110
f 4120/4120/4120 4111/4111/4111 4110/4110/4110
f 4119/4119/4119 4111/4111/4111 4120/4120/4120
f 4108/4108/4108 4109/4109/4109 4120/4120/4120
f 4121/4121/4121 4119/4119/4119 4120/4120/4120
f 4109/4109/4109 4121/4121/4121 4120/4120/4120
